actors/florma-3d-audit/node_modules.hidden/agent-base/src/index.ts(6,25): error TS2307: Cannot find module 'debug' or its corresponding type declarations.
actors/florma-3d-audit/node_modules.hidden/agent-base/src/index.ts(196,10): error TS2339: Property 'secureEndpoint' does not exist on type 'never'.
actors/florma-3d-audit/node_modules.hidden/agent-base/src/index.ts(345,1): error TS1203: Export assignment cannot be used when targeting ECMAScript modules. Consider using 'export default' or another module format instead.
actors/florma-3d-audit/node_modules.hidden/agent-base/src/promisify.ts(27,15): error TS2345: Argument of type 'AgentCallbackReturn | undefined' is not assignable to parameter of type 'AgentCallbackReturn | PromiseLike<AgentCallbackReturn>'.
  Type 'undefined' is not assignable to type 'AgentCallbackReturn | PromiseLike<AgentCallbackReturn>'.
actors/florma-3d-audit/node_modules.hidden/ajv-formats/src/formats.ts(1,45): error TS2307: Cannot find module 'ajv' or its corresponding type declarations.
actors/florma-3d-audit/node_modules.hidden/ajv-formats/src/formats.ts(2,51): error TS2307: Cannot find module 'ajv/dist/types' or its corresponding type declarations.
actors/florma-3d-audit/node_modules.hidden/ajv-formats/src/formats.ts(63,475): error TS1501: This regular expression flag is only available when targeting 'es6' or later.
actors/florma-3d-audit/node_modules.hidden/ajv-formats/src/index.ts(10,22): error TS2307: Cannot find module 'ajv' or its corresponding type declarations.
actors/florma-3d-audit/node_modules.hidden/ajv-formats/src/index.ts(11,35): error TS2307: Cannot find module 'ajv' or its corresponding type declarations.
actors/florma-3d-audit/node_modules.hidden/ajv-formats/src/index.ts(12,23): error TS2307: Cannot find module 'ajv/dist/compile/codegen' or its corresponding type declarations.
actors/florma-3d-audit/node_modules.hidden/ajv-formats/src/index.ts(14,9): error TS1205: Re-exporting a type when 'isolatedModules' is enabled requires using 'export type'.
actors/florma-3d-audit/node_modules.hidden/ajv-formats/src/index.ts(14,21): error TS1205: Re-exporting a type when 'isolatedModules' is enabled requires using 'export type'.
actors/florma-3d-audit/node_modules.hidden/ajv-formats/src/index.ts(15,9): error TS1205: Re-exporting a type when 'isolatedModules' is enabled requires using 'export type'.
actors/florma-3d-audit/node_modules.hidden/ajv-formats/src/limit.ts(1,22): error TS2307: Cannot find module 'ajv' or its corresponding type declarations.
actors/florma-3d-audit/node_modules.hidden/ajv-formats/src/limit.ts(9,8): error TS2307: Cannot find module 'ajv' or its corresponding type declarations.
actors/florma-3d-audit/node_modules.hidden/ajv-formats/src/limit.ts(10,32): error TS2307: Cannot find module 'ajv/dist/types' or its corresponding type declarations.
actors/florma-3d-audit/node_modules.hidden/ajv-formats/src/limit.ts(11,25): error TS2307: Cannot find module 'ajv/dist/compile/rules' or its corresponding type declarations.
actors/florma-3d-audit/node_modules.hidden/ajv-formats/src/limit.ts(12,26): error TS2307: Cannot find module 'ajv' or its corresponding type declarations.
actors/florma-3d-audit/node_modules.hidden/ajv-formats/src/limit.ts(13,50): error TS2307: Cannot find module 'ajv/dist/compile/codegen' or its corresponding type declarations.
actors/florma-3d-audit/node_modules.hidden/ajv-formats/src/limit.ts(31,14): error TS7031: Binding element 'keyword' implicitly has an 'any' type.
actors/florma-3d-audit/node_modules.hidden/ajv-formats/src/limit.ts(31,23): error TS7031: Binding element 'schemaCode' implicitly has an 'any' type.
actors/florma-3d-audit/node_modules.hidden/ajv-formats/src/limit.ts(32,13): error TS7031: Binding element 'keyword' implicitly has an 'any' type.
actors/florma-3d-audit/node_modules.hidden/ajv-formats/src/limit.ts(32,22): error TS7031: Binding element 'schemaCode' implicitly has an 'any' type.
actors/florma-3d-audit/node_modules.hidden/ajv-formats/src/limit.ts(42,8): error TS7006: Parameter 'cxt' implicitly has an 'any' type.
actors/florma-3d-audit/node_modules.hidden/ajv/lib/2019.ts(53,3): error TS1205: Re-exporting a type when 'isolatedModules' is enabled requires using 'export type'.
actors/florma-3d-audit/node_modules.hidden/ajv/lib/2019.ts(54,3): error TS1205: Re-exporting a type when 'isolatedModules' is enabled requires using 'export type'.
actors/florma-3d-audit/node_modules.hidden/ajv/lib/2019.ts(55,3): error TS1205: Re-exporting a type when 'isolatedModules' is enabled requires using 'export type'.
actors/florma-3d-audit/node_modules.hidden/ajv/lib/2019.ts(56,3): error TS1205: Re-exporting a type when 'isolatedModules' is enabled requires using 'export type'.
actors/florma-3d-audit/node_modules.hidden/ajv/lib/2019.ts(57,3): error TS1205: Re-exporting a type when 'isolatedModules' is enabled requires using 'export type'.
actors/florma-3d-audit/node_modules.hidden/ajv/lib/2019.ts(58,3): error TS1205: Re-exporting a type when 'isolatedModules' is enabled requires using 'export type'.
actors/florma-3d-audit/node_modules.hidden/ajv/lib/2019.ts(59,3): error TS1205: Re-exporting a type when 'isolatedModules' is enabled requires using 'export type'.
actors/florma-3d-audit/node_modules.hidden/ajv/lib/2019.ts(60,3): error TS1205: Re-exporting a type when 'isolatedModules' is enabled requires using 'export type'.
actors/florma-3d-audit/node_modules.hidden/ajv/lib/2019.ts(61,3): error TS1205: Re-exporting a type when 'isolatedModules' is enabled requires using 'export type'.
actors/florma-3d-audit/node_modules.hidden/ajv/lib/2019.ts(62,3): error TS1205: Re-exporting a type when 'isolatedModules' is enabled requires using 'export type'.
actors/florma-3d-audit/node_modules.hidden/ajv/lib/2019.ts(63,3): error TS1205: Re-exporting a type when 'isolatedModules' is enabled requires using 'export type'.
actors/florma-3d-audit/node_modules.hidden/ajv/lib/2019.ts(64,3): error TS1205: Re-exporting a type when 'isolatedModules' is enabled requires using 'export type'.
actors/florma-3d-audit/node_modules.hidden/ajv/lib/2019.ts(65,3): error TS1205: Re-exporting a type when 'isolatedModules' is enabled requires using 'export type'.
actors/florma-3d-audit/node_modules.hidden/ajv/lib/2019.ts(66,3): error TS1205: Re-exporting a type when 'isolatedModules' is enabled requires using 'export type'.
actors/florma-3d-audit/node_modules.hidden/ajv/lib/2019.ts(67,3): error TS1205: Re-exporting a type when 'isolatedModules' is enabled requires using 'export type'.
actors/florma-3d-audit/node_modules.hidden/ajv/lib/2019.ts(68,3): error TS1205: Re-exporting a type when 'isolatedModules' is enabled requires using 'export type'.
actors/florma-3d-audit/node_modules.hidden/ajv/lib/2019.ts(69,3): error TS1205: Re-exporting a type when 'isolatedModules' is enabled requires using 'export type'.
actors/florma-3d-audit/node_modules.hidden/ajv/lib/2019.ts(70,3): error TS1205: Re-exporting a type when 'isolatedModules' is enabled requires using 'export type'.
actors/florma-3d-audit/node_modules.hidden/ajv/lib/2019.ts(73,9): error TS1205: Re-exporting a type when 'isolatedModules' is enabled requires using 'export type'.
actors/florma-3d-audit/node_modules.hidden/ajv/lib/2019.ts(73,17): error TS1205: Re-exporting a type when 'isolatedModules' is enabled requires using 'export type'.
actors/florma-3d-audit/node_modules.hidden/ajv/lib/2019.ts(73,26): error TS1205: Re-exporting a type when 'isolatedModules' is enabled requires using 'export type'.
actors/florma-3d-audit/node_modules.hidden/ajv/lib/2019.ts(73,39): error TS1205: Re-exporting a type when 'isolatedModules' is enabled requires using 'export type'.
actors/florma-3d-audit/node_modules.hidden/ajv/lib/2019.ts(73,56): error TS1205: Re-exporting a type when 'isolatedModules' is enabled requires using 'export type'.
actors/florma-3d-audit/node_modules.hidden/ajv/lib/2019.ts(73,64): error TS1205: Re-exporting a type when 'isolatedModules' is enabled requires using 'export type'.
actors/florma-3d-audit/node_modules.hidden/ajv/lib/2019.ts(74,9): error TS1205: Re-exporting a type when 'isolatedModules' is enabled requires using 'export type'.
actors/florma-3d-audit/node_modules.hidden/ajv/lib/2019.ts(74,20): error TS1205: Re-exporting a type when 'isolatedModules' is enabled requires using 'export type'.
actors/florma-3d-audit/node_modules.hidden/ajv/lib/2019.ts(76,9): error TS1205: Re-exporting a type when 'isolatedModules' is enabled requires using 'export type'.
actors/florma-3d-audit/node_modules.hidden/ajv/lib/2019.ts(77,9): error TS1205: Re-exporting a type when 'isolatedModules' is enabled requires using 'export type'.
actors/florma-3d-audit/node_modules.hidden/ajv/lib/2019.ts(78,9): error TS1205: Re-exporting a type when 'isolatedModules' is enabled requires using 'export type'.
actors/florma-3d-audit/node_modules.hidden/ajv/lib/2019.ts(79,39): error TS1205: Re-exporting a type when 'isolatedModules' is enabled requires using 'export type'.
actors/florma-3d-audit/node_modules.hidden/ajv/lib/2019.ts(79,54): error TS1205: Re-exporting a type when 'isolatedModules' is enabled requires using 'export type'.
actors/florma-3d-audit/node_modules.hidden/ajv/lib/2020.ts(47,3): error TS1205: Re-exporting a type when 'isolatedModules' is enabled requires using 'export type'.
actors/florma-3d-audit/node_modules.hidden/ajv/lib/2020.ts(48,3): error TS1205: Re-exporting a type when 'isolatedModules' is enabled requires using 'export type'.
actors/florma-3d-audit/node_modules.hidden/ajv/lib/2020.ts(49,3): error TS1205: Re-exporting a type when 'isolatedModules' is enabled requires using 'export type'.
actors/florma-3d-audit/node_modules.hidden/ajv/lib/2020.ts(50,3): error TS1205: Re-exporting a type when 'isolatedModules' is enabled requires using 'export type'.
actors/florma-3d-audit/node_modules.hidden/ajv/lib/2020.ts(51,3): error TS1205: Re-exporting a type when 'isolatedModules' is enabled requires using 'export type'.
actors/florma-3d-audit/node_modules.hidden/ajv/lib/2020.ts(52,3): error TS1205: Re-exporting a type when 'isolatedModules' is enabled requires using 'export type'.
actors/florma-3d-audit/node_modules.hidden/ajv/lib/2020.ts(53,3): error TS1205: Re-exporting a type when 'isolatedModules' is enabled requires using 'export type'.
actors/florma-3d-audit/node_modules.hidden/ajv/lib/2020.ts(54,3): error TS1205: Re-exporting a type when 'isolatedModules' is enabled requires using 'export type'.
actors/florma-3d-audit/node_modules.hidden/ajv/lib/2020.ts(55,3): error TS1205: Re-exporting a type when 'isolatedModules' is enabled requires using 'export type'.
actors/florma-3d-audit/node_modules.hidden/ajv/lib/2020.ts(56,3): error TS1205: Re-exporting a type when 'isolatedModules' is enabled requires using 'export type'.
actors/florma-3d-audit/node_modules.hidden/ajv/lib/2020.ts(57,3): error TS1205: Re-exporting a type when 'isolatedModules' is enabled requires using 'export type'.
actors/florma-3d-audit/node_modules.hidden/ajv/lib/2020.ts(58,3): error TS1205: Re-exporting a type when 'isolatedModules' is enabled requires using 'export type'.
actors/florma-3d-audit/node_modules.hidden/ajv/lib/2020.ts(59,3): error TS1205: Re-exporting a type when 'isolatedModules' is enabled requires using 'export type'.
actors/florma-3d-audit/node_modules.hidden/ajv/lib/2020.ts(60,3): error TS1205: Re-exporting a type when 'isolatedModules' is enabled requires using 'export type'.
actors/florma-3d-audit/node_modules.hidden/ajv/lib/2020.ts(61,3): error TS1205: Re-exporting a type when 'isolatedModules' is enabled requires using 'export type'.
actors/florma-3d-audit/node_modules.hidden/ajv/lib/2020.ts(62,3): error TS1205: Re-exporting a type when 'isolatedModules' is enabled requires using 'export type'.
actors/florma-3d-audit/node_modules.hidden/ajv/lib/2020.ts(63,3): error TS1205: Re-exporting a type when 'isolatedModules' is enabled requires using 'export type'.
actors/florma-3d-audit/node_modules.hidden/ajv/lib/2020.ts(64,3): error TS1205: Re-exporting a type when 'isolatedModules' is enabled requires using 'export type'.
actors/florma-3d-audit/node_modules.hidden/ajv/lib/2020.ts(67,9): error TS1205: Re-exporting a type when 'isolatedModules' is enabled requires using 'export type'.
actors/florma-3d-audit/node_modules.hidden/ajv/lib/2020.ts(67,17): error TS1205: Re-exporting a type when 'isolatedModules' is enabled requires using 'export type'.
actors/florma-3d-audit/node_modules.hidden/ajv/lib/2020.ts(67,26): error TS1205: Re-exporting a type when 'isolatedModules' is enabled requires using 'export type'.
actors/florma-3d-audit/node_modules.hidden/ajv/lib/2020.ts(67,39): error TS1205: Re-exporting a type when 'isolatedModules' is enabled requires using 'export type'.
actors/florma-3d-audit/node_modules.hidden/ajv/lib/2020.ts(67,56): error TS1205: Re-exporting a type when 'isolatedModules' is enabled requires using 'export type'.
actors/florma-3d-audit/node_modules.hidden/ajv/lib/2020.ts(67,64): error TS1205: Re-exporting a type when 'isolatedModules' is enabled requires using 'export type'.
actors/florma-3d-audit/node_modules.hidden/ajv/lib/2020.ts(68,9): error TS1205: Re-exporting a type when 'isolatedModules' is enabled requires using 'export type'.
actors/florma-3d-audit/node_modules.hidden/ajv/lib/2020.ts(68,20): error TS1205: Re-exporting a type when 'isolatedModules' is enabled requires using 'export type'.
actors/florma-3d-audit/node_modules.hidden/ajv/lib/2020.ts(70,9): error TS1205: Re-exporting a type when 'isolatedModules' is enabled requires using 'export type'.
actors/florma-3d-audit/node_modules.hidden/ajv/lib/2020.ts(71,9): error TS1205: Re-exporting a type when 'isolatedModules' is enabled requires using 'export type'.
actors/florma-3d-audit/node_modules.hidden/ajv/lib/2020.ts(72,9): error TS1205: Re-exporting a type when 'isolatedModules' is enabled requires using 'export type'.
actors/florma-3d-audit/node_modules.hidden/ajv/lib/2020.ts(73,39): error TS1205: Re-exporting a type when 'isolatedModules' is enabled requires using 'export type'.
actors/florma-3d-audit/node_modules.hidden/ajv/lib/2020.ts(73,54): error TS1205: Re-exporting a type when 'isolatedModules' is enabled requires using 'export type'.
actors/florma-3d-audit/node_modules.hidden/ajv/lib/ajv.ts(41,3): error TS1205: Re-exporting a type when 'isolatedModules' is enabled requires using 'export type'.
actors/florma-3d-audit/node_modules.hidden/ajv/lib/ajv.ts(42,3): error TS1205: Re-exporting a type when 'isolatedModules' is enabled requires using 'export type'.
actors/florma-3d-audit/node_modules.hidden/ajv/lib/ajv.ts(43,3): error TS1205: Re-exporting a type when 'isolatedModules' is enabled requires using 'export type'.
actors/florma-3d-audit/node_modules.hidden/ajv/lib/ajv.ts(44,3): error TS1205: Re-exporting a type when 'isolatedModules' is enabled requires using 'export type'.
actors/florma-3d-audit/node_modules.hidden/ajv/lib/ajv.ts(45,3): error TS1205: Re-exporting a type when 'isolatedModules' is enabled requires using 'export type'.
actors/florma-3d-audit/node_modules.hidden/ajv/lib/ajv.ts(46,3): error TS1205: Re-exporting a type when 'isolatedModules' is enabled requires using 'export type'.
actors/florma-3d-audit/node_modules.hidden/ajv/lib/ajv.ts(47,3): error TS1205: Re-exporting a type when 'isolatedModules' is enabled requires using 'export type'.
actors/florma-3d-audit/node_modules.hidden/ajv/lib/ajv.ts(48,3): error TS1205: Re-exporting a type when 'isolatedModules' is enabled requires using 'export type'.
actors/florma-3d-audit/node_modules.hidden/ajv/lib/ajv.ts(49,3): error TS1205: Re-exporting a type when 'isolatedModules' is enabled requires using 'export type'.
actors/florma-3d-audit/node_modules.hidden/ajv/lib/ajv.ts(50,3): error TS1205: Re-exporting a type when 'isolatedModules' is enabled requires using 'export type'.
actors/florma-3d-audit/node_modules.hidden/ajv/lib/ajv.ts(51,3): error TS1205: Re-exporting a type when 'isolatedModules' is enabled requires using 'export type'.
actors/florma-3d-audit/node_modules.hidden/ajv/lib/ajv.ts(52,3): error TS1205: Re-exporting a type when 'isolatedModules' is enabled requires using 'export type'.
actors/florma-3d-audit/node_modules.hidden/ajv/lib/ajv.ts(53,3): error TS1205: Re-exporting a type when 'isolatedModules' is enabled requires using 'export type'.
actors/florma-3d-audit/node_modules.hidden/ajv/lib/ajv.ts(54,3): error TS1205: Re-exporting a type when 'isolatedModules' is enabled requires using 'export type'.
actors/florma-3d-audit/node_modules.hidden/ajv/lib/ajv.ts(55,3): error TS1205: Re-exporting a type when 'isolatedModules' is enabled requires using 'export type'.
actors/florma-3d-audit/node_modules.hidden/ajv/lib/ajv.ts(56,3): error TS1205: Re-exporting a type when 'isolatedModules' is enabled requires using 'export type'.
actors/florma-3d-audit/node_modules.hidden/ajv/lib/ajv.ts(57,3): error TS1205: Re-exporting a type when 'isolatedModules' is enabled requires using 'export type'.
actors/florma-3d-audit/node_modules.hidden/ajv/lib/ajv.ts(58,3): error TS1205: Re-exporting a type when 'isolatedModules' is enabled requires using 'export type'.
actors/florma-3d-audit/node_modules.hidden/ajv/lib/ajv.ts(59,3): error TS1205: Re-exporting a type when 'isolatedModules' is enabled requires using 'export type'.
actors/florma-3d-audit/node_modules.hidden/ajv/lib/ajv.ts(62,9): error TS1205: Re-exporting a type when 'isolatedModules' is enabled requires using 'export type'.
actors/florma-3d-audit/node_modules.hidden/ajv/lib/ajv.ts(62,17): error TS1205: Re-exporting a type when 'isolatedModules' is enabled requires using 'export type'.
actors/florma-3d-audit/node_modules.hidden/ajv/lib/ajv.ts(62,26): error TS1205: Re-exporting a type when 'isolatedModules' is enabled requires using 'export type'.
actors/florma-3d-audit/node_modules.hidden/ajv/lib/ajv.ts(62,39): error TS1205: Re-exporting a type when 'isolatedModules' is enabled requires using 'export type'.
actors/florma-3d-audit/node_modules.hidden/ajv/lib/ajv.ts(62,56): error TS1205: Re-exporting a type when 'isolatedModules' is enabled requires using 'export type'.
actors/florma-3d-audit/node_modules.hidden/ajv/lib/ajv.ts(62,64): error TS1205: Re-exporting a type when 'isolatedModules' is enabled requires using 'export type'.
actors/florma-3d-audit/node_modules.hidden/ajv/lib/ajv.ts(63,9): error TS1205: Re-exporting a type when 'isolatedModules' is enabled requires using 'export type'.
actors/florma-3d-audit/node_modules.hidden/ajv/lib/ajv.ts(63,20): error TS1205: Re-exporting a type when 'isolatedModules' is enabled requires using 'export type'.
actors/florma-3d-audit/node_modules.hidden/ajv/lib/ajv.ts(65,9): error TS1205: Re-exporting a type when 'isolatedModules' is enabled requires using 'export type'.
actors/florma-3d-audit/node_modules.hidden/ajv/lib/ajv.ts(66,9): error TS1205: Re-exporting a type when 'isolatedModules' is enabled requires using 'export type'.
actors/florma-3d-audit/node_modules.hidden/ajv/lib/ajv.ts(67,9): error TS1205: Re-exporting a type when 'isolatedModules' is enabled requires using 'export type'.
actors/florma-3d-audit/node_modules.hidden/ajv/lib/ajv.ts(68,39): error TS1205: Re-exporting a type when 'isolatedModules' is enabled requires using 'export type'.
actors/florma-3d-audit/node_modules.hidden/ajv/lib/ajv.ts(68,54): error TS1205: Re-exporting a type when 'isolatedModules' is enabled requires using 'export type'.
actors/florma-3d-audit/node_modules.hidden/ajv/lib/compile/codegen/index.ts(5,75): error TS1205: Re-exporting a type when 'isolatedModules' is enabled requires using 'export type'.
actors/florma-3d-audit/node_modules.hidden/ajv/lib/compile/codegen/index.ts(6,16): error TS1205: Re-exporting a type when 'isolatedModules' is enabled requires using 'export type'.
actors/florma-3d-audit/node_modules.hidden/ajv/lib/compile/codegen/index.ts(6,56): error TS1205: Re-exporting a type when 'isolatedModules' is enabled requires using 'export type'.
actors/florma-3d-audit/node_modules.hidden/ajv/lib/compile/codegen/index.ts(266,25): error TS2340: Only public and protected methods of the base class are accessible via the 'super' keyword.
actors/florma-3d-audit/node_modules.hidden/ajv/lib/compile/codegen/index.ts(297,27): error TS2340: Only public and protected methods of the base class are accessible via the 'super' keyword.
actors/florma-3d-audit/node_modules.hidden/ajv/lib/compile/codegen/index.ts(318,38): error TS2340: Only public and protected methods of the base class are accessible via the 'super' keyword.
actors/florma-3d-audit/node_modules.hidden/ajv/lib/compile/codegen/index.ts(344,27): error TS2340: Only public and protected methods of the base class are accessible via the 'super' keyword.
actors/florma-3d-audit/node_modules.hidden/ajv/lib/compile/codegen/index.ts(398,25): error TS2340: Only public and protected methods of the base class are accessible via the 'super' keyword.
actors/florma-3d-audit/node_modules.hidden/ajv/lib/compile/codegen/scope.ts(198,10): error TS2349: This expression is not callable.
  Each member of the union type '{ (callbackfn: (value: ValueScopeName, key: unknown, map: Map<unknown, ValueScopeName>) => void, thisArg?: any): void; (callbackfn: (value: ValueScopeName, key: unknown, map: Map<...>) => void, thisArg?: any): void; } | { ...; }' has signatures, but none of those signatures are compatible with each other.
actors/florma-3d-audit/node_modules.hidden/ajv/lib/compile/index.ts(17,28): error TS2307: Cannot find module 'fast-uri' or its corresponding type declarations.
actors/florma-3d-audit/node_modules.hidden/ajv/lib/compile/index.ts(233,21): error TS2802: Type 'Set<SchemaEnv>' can only be iterated through when using the '--downlevelIteration' flag or with a '--target' of 'es2015' or higher.
actors/florma-3d-audit/node_modules.hidden/ajv/lib/compile/resolve.ts(3,33): error TS2307: Cannot find module 'fast-uri' or its corresponding type declarations.
actors/florma-3d-audit/node_modules.hidden/ajv/lib/compile/resolve.ts(6,27): error TS2307: Cannot find module 'json-schema-traverse' or its corresponding type declarations.
actors/florma-3d-audit/node_modules.hidden/ajv/lib/compile/resolve.ts(102,38): error TS7006: Parameter 'sch' implicitly has an 'any' type.
actors/florma-3d-audit/node_modules.hidden/ajv/lib/compile/resolve.ts(102,43): error TS7006: Parameter 'jsonPtr' implicitly has an 'any' type.
actors/florma-3d-audit/node_modules.hidden/ajv/lib/compile/resolve.ts(102,52): error TS7006: Parameter '_' implicitly has an 'any' type.
actors/florma-3d-audit/node_modules.hidden/ajv/lib/compile/resolve.ts(102,55): error TS7006: Parameter 'parentJsonPtr' implicitly has an 'any' type.
actors/florma-3d-audit/node_modules.hidden/ajv/lib/compile/resolve.ts(143,32): error TS2349: This expression is not callable.
  Type '{ default: (a: any, b: any) => boolean; }' has no call signatures.
actors/florma-3d-audit/node_modules.hidden/ajv/lib/compile/validate/dataType.ts(56,7): error TS2322: Type 'Set<string>' is not assignable to type 'Set<"string" | "number" | "boolean" | "object" | "integer" | "null" | "array">'.
  Type 'string' is not assignable to type '"string" | "number" | "boolean" | "object" | "integer" | "null" | "array"'.
actors/florma-3d-audit/node_modules.hidden/ajv/lib/core.ts(2,3): error TS1205: Re-exporting a type when 'isolatedModules' is enabled requires using 'export type'.
actors/florma-3d-audit/node_modules.hidden/ajv/lib/core.ts(3,3): error TS1205: Re-exporting a type when 'isolatedModules' is enabled requires using 'export type'.
actors/florma-3d-audit/node_modules.hidden/ajv/lib/core.ts(4,3): error TS1205: Re-exporting a type when 'isolatedModules' is enabled requires using 'export type'.
actors/florma-3d-audit/node_modules.hidden/ajv/lib/core.ts(5,3): error TS1205: Re-exporting a type when 'isolatedModules' is enabled requires using 'export type'.
actors/florma-3d-audit/node_modules.hidden/ajv/lib/core.ts(6,3): error TS1205: Re-exporting a type when 'isolatedModules' is enabled requires using 'export type'.
actors/florma-3d-audit/node_modules.hidden/ajv/lib/core.ts(7,3): error TS1205: Re-exporting a type when 'isolatedModules' is enabled requires using 'export type'.
actors/florma-3d-audit/node_modules.hidden/ajv/lib/core.ts(8,3): error TS1205: Re-exporting a type when 'isolatedModules' is enabled requires using 'export type'.
actors/florma-3d-audit/node_modules.hidden/ajv/lib/core.ts(9,3): error TS1205: Re-exporting a type when 'isolatedModules' is enabled requires using 'export type'.
actors/florma-3d-audit/node_modules.hidden/ajv/lib/core.ts(10,3): error TS1205: Re-exporting a type when 'isolatedModules' is enabled requires using 'export type'.
actors/florma-3d-audit/node_modules.hidden/ajv/lib/core.ts(11,3): error TS1205: Re-exporting a type when 'isolatedModules' is enabled requires using 'export type'.
actors/florma-3d-audit/node_modules.hidden/ajv/lib/core.ts(12,3): error TS1205: Re-exporting a type when 'isolatedModules' is enabled requires using 'export type'.
actors/florma-3d-audit/node_modules.hidden/ajv/lib/core.ts(13,3): error TS1205: Re-exporting a type when 'isolatedModules' is enabled requires using 'export type'.
actors/florma-3d-audit/node_modules.hidden/ajv/lib/core.ts(14,3): error TS1205: Re-exporting a type when 'isolatedModules' is enabled requires using 'export type'.
actors/florma-3d-audit/node_modules.hidden/ajv/lib/core.ts(15,3): error TS1205: Re-exporting a type when 'isolatedModules' is enabled requires using 'export type'.
actors/florma-3d-audit/node_modules.hidden/ajv/lib/core.ts(16,3): error TS1205: Re-exporting a type when 'isolatedModules' is enabled requires using 'export type'.
actors/florma-3d-audit/node_modules.hidden/ajv/lib/core.ts(17,3): error TS1205: Re-exporting a type when 'isolatedModules' is enabled requires using 'export type'.
actors/florma-3d-audit/node_modules.hidden/ajv/lib/core.ts(18,3): error TS1205: Re-exporting a type when 'isolatedModules' is enabled requires using 'export type'.
actors/florma-3d-audit/node_modules.hidden/ajv/lib/core.ts(19,3): error TS1205: Re-exporting a type when 'isolatedModules' is enabled requires using 'export type'.
actors/florma-3d-audit/node_modules.hidden/ajv/lib/core.ts(20,3): error TS1205: Re-exporting a type when 'isolatedModules' is enabled requires using 'export type'.
actors/florma-3d-audit/node_modules.hidden/ajv/lib/core.ts(23,9): error TS1205: Re-exporting a type when 'isolatedModules' is enabled requires using 'export type'.
actors/florma-3d-audit/node_modules.hidden/ajv/lib/core.ts(23,20): error TS1205: Re-exporting a type when 'isolatedModules' is enabled requires using 'export type'.
actors/florma-3d-audit/node_modules.hidden/ajv/lib/core.ts(30,9): error TS1205: Re-exporting a type when 'isolatedModules' is enabled requires using 'export type'.
actors/florma-3d-audit/node_modules.hidden/ajv/lib/core.ts(31,9): error TS1205: Re-exporting a type when 'isolatedModules' is enabled requires using 'export type'.
actors/florma-3d-audit/node_modules.hidden/ajv/lib/core.ts(32,9): error TS1205: Re-exporting a type when 'isolatedModules' is enabled requires using 'export type'.
actors/florma-3d-audit/node_modules.hidden/ajv/lib/core.ts(33,9): error TS1205: Re-exporting a type when 'isolatedModules' is enabled requires using 'export type'.
actors/florma-3d-audit/node_modules.hidden/ajv/lib/core.ts(33,24): error TS1205: Re-exporting a type when 'isolatedModules' is enabled requires using 'export type'.
actors/florma-3d-audit/node_modules.hidden/ajv/lib/core.ts(33,43): error TS1205: Re-exporting a type when 'isolatedModules' is enabled requires using 'export type'.
actors/florma-3d-audit/node_modules.hidden/ajv/lib/core.ts(34,39): error TS1205: Re-exporting a type when 'isolatedModules' is enabled requires using 'export type'.
actors/florma-3d-audit/node_modules.hidden/ajv/lib/core.ts(34,54): error TS1205: Re-exporting a type when 'isolatedModules' is enabled requires using 'export type'.
actors/florma-3d-audit/node_modules.hidden/ajv/lib/jtd.ts(102,3): error TS1205: Re-exporting a type when 'isolatedModules' is enabled requires using 'export type'.
actors/florma-3d-audit/node_modules.hidden/ajv/lib/jtd.ts(103,3): error TS1205: Re-exporting a type when 'isolatedModules' is enabled requires using 'export type'.
actors/florma-3d-audit/node_modules.hidden/ajv/lib/jtd.ts(104,3): error TS1205: Re-exporting a type when 'isolatedModules' is enabled requires using 'export type'.
actors/florma-3d-audit/node_modules.hidden/ajv/lib/jtd.ts(105,3): error TS1205: Re-exporting a type when 'isolatedModules' is enabled requires using 'export type'.
actors/florma-3d-audit/node_modules.hidden/ajv/lib/jtd.ts(106,3): error TS1205: Re-exporting a type when 'isolatedModules' is enabled requires using 'export type'.
actors/florma-3d-audit/node_modules.hidden/ajv/lib/jtd.ts(107,3): error TS1205: Re-exporting a type when 'isolatedModules' is enabled requires using 'export type'.
actors/florma-3d-audit/node_modules.hidden/ajv/lib/jtd.ts(108,3): error TS1205: Re-exporting a type when 'isolatedModules' is enabled requires using 'export type'.
actors/florma-3d-audit/node_modules.hidden/ajv/lib/jtd.ts(109,3): error TS1205: Re-exporting a type when 'isolatedModules' is enabled requires using 'export type'.
actors/florma-3d-audit/node_modules.hidden/ajv/lib/jtd.ts(110,3): error TS1205: Re-exporting a type when 'isolatedModules' is enabled requires using 'export type'.
actors/florma-3d-audit/node_modules.hidden/ajv/lib/jtd.ts(111,3): error TS1205: Re-exporting a type when 'isolatedModules' is enabled requires using 'export type'.
actors/florma-3d-audit/node_modules.hidden/ajv/lib/jtd.ts(112,3): error TS1205: Re-exporting a type when 'isolatedModules' is enabled requires using 'export type'.
actors/florma-3d-audit/node_modules.hidden/ajv/lib/jtd.ts(113,3): error TS1205: Re-exporting a type when 'isolatedModules' is enabled requires using 'export type'.
actors/florma-3d-audit/node_modules.hidden/ajv/lib/jtd.ts(114,3): error TS1205: Re-exporting a type when 'isolatedModules' is enabled requires using 'export type'.
actors/florma-3d-audit/node_modules.hidden/ajv/lib/jtd.ts(115,3): error TS1205: Re-exporting a type when 'isolatedModules' is enabled requires using 'export type'.
actors/florma-3d-audit/node_modules.hidden/ajv/lib/jtd.ts(116,3): error TS1205: Re-exporting a type when 'isolatedModules' is enabled requires using 'export type'.
actors/florma-3d-audit/node_modules.hidden/ajv/lib/jtd.ts(117,3): error TS1205: Re-exporting a type when 'isolatedModules' is enabled requires using 'export type'.
actors/florma-3d-audit/node_modules.hidden/ajv/lib/jtd.ts(118,3): error TS1205: Re-exporting a type when 'isolatedModules' is enabled requires using 'export type'.
actors/florma-3d-audit/node_modules.hidden/ajv/lib/jtd.ts(119,3): error TS1205: Re-exporting a type when 'isolatedModules' is enabled requires using 'export type'.
actors/florma-3d-audit/node_modules.hidden/ajv/lib/jtd.ts(120,3): error TS1205: Re-exporting a type when 'isolatedModules' is enabled requires using 'export type'.
actors/florma-3d-audit/node_modules.hidden/ajv/lib/jtd.ts(123,9): error TS1205: Re-exporting a type when 'isolatedModules' is enabled requires using 'export type'.
actors/florma-3d-audit/node_modules.hidden/ajv/lib/jtd.ts(123,17): error TS1205: Re-exporting a type when 'isolatedModules' is enabled requires using 'export type'.
actors/florma-3d-audit/node_modules.hidden/ajv/lib/jtd.ts(123,26): error TS1205: Re-exporting a type when 'isolatedModules' is enabled requires using 'export type'.
actors/florma-3d-audit/node_modules.hidden/ajv/lib/jtd.ts(123,39): error TS1205: Re-exporting a type when 'isolatedModules' is enabled requires using 'export type'.
actors/florma-3d-audit/node_modules.hidden/ajv/lib/jtd.ts(123,56): error TS1205: Re-exporting a type when 'isolatedModules' is enabled requires using 'export type'.
actors/florma-3d-audit/node_modules.hidden/ajv/lib/jtd.ts(123,64): error TS1205: Re-exporting a type when 'isolatedModules' is enabled requires using 'export type'.
actors/florma-3d-audit/node_modules.hidden/ajv/lib/jtd.ts(124,9): error TS1205: Re-exporting a type when 'isolatedModules' is enabled requires using 'export type'.
actors/florma-3d-audit/node_modules.hidden/ajv/lib/jtd.ts(124,20): error TS1205: Re-exporting a type when 'isolatedModules' is enabled requires using 'export type'.
actors/florma-3d-audit/node_modules.hidden/ajv/lib/jtd.ts(126,9): error TS1205: Re-exporting a type when 'isolatedModules' is enabled requires using 'export type'.
actors/florma-3d-audit/node_modules.hidden/ajv/lib/jtd.ts(127,39): error TS1205: Re-exporting a type when 'isolatedModules' is enabled requires using 'export type'.
actors/florma-3d-audit/node_modules.hidden/ajv/lib/jtd.ts(127,54): error TS1205: Re-exporting a type when 'isolatedModules' is enabled requires using 'export type'.
actors/florma-3d-audit/node_modules.hidden/ajv/lib/jtd.ts(130,9): error TS1205: Re-exporting a type when 'isolatedModules' is enabled requires using 'export type'.
actors/florma-3d-audit/node_modules.hidden/ajv/lib/runtime/re2.ts(1,22): error TS2307: Cannot find module 're2' or its corresponding type declarations.
actors/florma-3d-audit/node_modules.hidden/ajv/lib/runtime/uri.ts(1,22): error TS2307: Cannot find module 'fast-uri' or its corresponding type declarations.
actors/florma-3d-audit/node_modules.hidden/ajv/lib/standalone/instance.ts(3,36): error TS2307: Cannot find module 'require-from-string' or its corresponding type declarations.
actors/florma-3d-audit/node_modules.hidden/ajv/lib/types/index.ts(1,28): error TS2307: Cannot find module 'fast-uri' or its corresponding type declarations.
actors/florma-3d-audit/node_modules.hidden/eventsource-parser/src/index.ts(1,42): error TS5097: An import path can only end with a '.ts' extension when 'allowImportingTsExtensions' is enabled.
actors/florma-3d-audit/node_modules.hidden/eventsource-parser/src/index.ts(2,28): error TS5097: An import path can only end with a '.ts' extension when 'allowImportingTsExtensions' is enabled.
actors/florma-3d-audit/node_modules.hidden/eventsource-parser/src/parse.ts(5,26): error TS5097: An import path can only end with a '.ts' extension when 'allowImportingTsExtensions' is enabled.
actors/florma-3d-audit/node_modules.hidden/eventsource-parser/src/stream.ts(1,28): error TS5097: An import path can only end with a '.ts' extension when 'allowImportingTsExtensions' is enabled.
actors/florma-3d-audit/node_modules.hidden/eventsource-parser/src/stream.ts(106,42): error TS5097: An import path can only end with a '.ts' extension when 'allowImportingTsExtensions' is enabled.
actors/florma-3d-audit/node_modules.hidden/eventsource/src/EventSource.ts(1,77): error TS2307: Cannot find module 'eventsource-parser' or its corresponding type declarations.
actors/florma-3d-audit/node_modules.hidden/eventsource/src/EventSource.ts(234,3): error TS18028: Private identifiers are only available when targeting ECMAScript 2015 and higher.
actors/florma-3d-audit/node_modules.hidden/eventsource/src/EventSource.ts(243,3): error TS18028: Private identifiers are only available when targeting ECMAScript 2015 and higher.
actors/florma-3d-audit/node_modules.hidden/eventsource/src/EventSource.ts(250,3): error TS18028: Private identifiers are only available when targeting ECMAScript 2015 and higher.
actors/florma-3d-audit/node_modules.hidden/eventsource/src/EventSource.ts(257,3): error TS18028: Private identifiers are only available when targeting ECMAScript 2015 and higher.
actors/florma-3d-audit/node_modules.hidden/eventsource/src/EventSource.ts(264,3): error TS18028: Private identifiers are only available when targeting ECMAScript 2015 and higher.
actors/florma-3d-audit/node_modules.hidden/eventsource/src/EventSource.ts(271,3): error TS18028: Private identifiers are only available when targeting ECMAScript 2015 and higher.
actors/florma-3d-audit/node_modules.hidden/eventsource/src/EventSource.ts(278,3): error TS18028: Private identifiers are only available when targeting ECMAScript 2015 and higher.
actors/florma-3d-audit/node_modules.hidden/eventsource/src/EventSource.ts(286,3): error TS18028: Private identifiers are only available when targeting ECMAScript 2015 and higher.
actors/florma-3d-audit/node_modules.hidden/eventsource/src/EventSource.ts(293,3): error TS18028: Private identifiers are only available when targeting ECMAScript 2015 and higher.
actors/florma-3d-audit/node_modules.hidden/eventsource/src/EventSource.ts(300,3): error TS18028: Private identifiers are only available when targeting ECMAScript 2015 and higher.
actors/florma-3d-audit/node_modules.hidden/eventsource/src/EventSource.ts(308,3): error TS18028: Private identifiers are only available when targeting ECMAScript 2015 and higher.
actors/florma-3d-audit/node_modules.hidden/eventsource/src/EventSource.ts(316,3): error TS18028: Private identifiers are only available when targeting ECMAScript 2015 and higher.
actors/florma-3d-audit/node_modules.hidden/eventsource/src/EventSource.ts(324,3): error TS18028: Private identifiers are only available when targeting ECMAScript 2015 and higher.
actors/florma-3d-audit/node_modules.hidden/eventsource/src/EventSource.ts(331,3): error TS18028: Private identifiers are only available when targeting ECMAScript 2015 and higher.
actors/florma-3d-audit/node_modules.hidden/eventsource/src/EventSource.ts(348,3): error TS18028: Private identifiers are only available when targeting ECMAScript 2015 and higher.
actors/florma-3d-audit/node_modules.hidden/eventsource/src/EventSource.ts(413,42): error TS2769: No overload matches this call.
  Overload 1 of 3, '(input?: AllowSharedBufferSource | undefined, options?: TextDecodeOptions | undefined): string', gave the following error.
    Argument of type '{}' is not assignable to parameter of type 'AllowSharedBufferSource | undefined'.
  Overload 2 of 3, '(input?: AllowSharedBufferSource | undefined, options?: TextDecodeOptions | undefined): string', gave the following error.
    Argument of type '{}' is not assignable to parameter of type 'AllowSharedBufferSource | undefined'.
  Overload 3 of 3, '(input?: AllowSharedBufferSource | undefined, options?: TextDecodeOptions | undefined): string', gave the following error.
    Argument of type '{}' is not assignable to parameter of type 'AllowSharedBufferSource | undefined'.
actors/florma-3d-audit/node_modules.hidden/eventsource/src/EventSource.ts(433,3): error TS18028: Private identifiers are only available when targeting ECMAScript 2015 and higher.
actors/florma-3d-audit/node_modules.hidden/eventsource/src/EventSource.ts(450,3): error TS18028: Private identifiers are only available when targeting ECMAScript 2015 and higher.
actors/florma-3d-audit/node_modules.hidden/eventsource/src/EventSource.ts(481,3): error TS18028: Private identifiers are only available when targeting ECMAScript 2015 and higher.
actors/florma-3d-audit/node_modules.hidden/eventsource/src/EventSource.ts(508,3): error TS18028: Private identifiers are only available when targeting ECMAScript 2015 and higher.
actors/florma-3d-audit/node_modules.hidden/eventsource/src/EventSource.ts(519,3): error TS18028: Private identifiers are only available when targeting ECMAScript 2015 and higher.
actors/florma-3d-audit/node_modules.hidden/eventsource/src/EventSource.ts(545,3): error TS18028: Private identifiers are only available when targeting ECMAScript 2015 and higher.
actors/florma-3d-audit/node_modules.hidden/eventsource/src/EventSource.ts(568,3): error TS18028: Private identifiers are only available when targeting ECMAScript 2015 and higher.
actors/florma-3d-audit/node_modules.hidden/fast-uri/types/index.test-d.ts(2,46): error TS2307: Cannot find module 'tsd' or its corresponding type declarations.
actors/florma-3d-audit/node_modules.hidden/tldts-core/index.ts(4,3): error TS1205: Re-exporting a type when 'isolatedModules' is enabled requires using 'export type'.
actors/florma-3d-audit/node_modules.hidden/tldts-core/index.ts(8,10): error TS1205: Re-exporting a type when 'isolatedModules' is enabled requires using 'export type'.
actors/florma-3d-audit/node_modules.hidden/tldts-core/index.ts(8,25): error TS1205: Re-exporting a type when 'isolatedModules' is enabled requires using 'export type'.
actors/florma-3d-audit/node_modules.hidden/tldts-core/index.ts(10,10): error TS1205: Re-exporting a type when 'isolatedModules' is enabled requires using 'export type'.
actors/florma-3d-audit/node_modules.hidden/tldts/index.ts(8,8): error TS2307: Cannot find module 'tldts-core' or its corresponding type declarations.
actors/florma-3d-audit/node_modules.hidden/tldts/src/suffix-trie.ts(10,8): error TS2307: Cannot find module 'tldts-core' or its corresponding type declarations.
actors/florma-3d-audit/node_modules.hidden/zod/src/v3/benchmarks/datetime.ts(1,23): error TS2307: Cannot find module 'benchmark' or its corresponding type declarations.
actors/florma-3d-audit/node_modules.hidden/zod/src/v3/benchmarks/discriminatedUnion.ts(1,23): error TS2307: Cannot find module 'benchmark' or its corresponding type declarations.
actors/florma-3d-audit/node_modules.hidden/zod/src/v3/benchmarks/index.ts(1,28): error TS2307: Cannot find module 'benchmark' or its corresponding type declarations.
actors/florma-3d-audit/node_modules.hidden/zod/src/v3/benchmarks/ipv4.ts(1,23): error TS2307: Cannot find module 'benchmark' or its corresponding type declarations.
actors/florma-3d-audit/node_modules.hidden/zod/src/v3/benchmarks/object.ts(1,23): error TS2307: Cannot find module 'benchmark' or its corresponding type declarations.
actors/florma-3d-audit/node_modules.hidden/zod/src/v3/benchmarks/primitives.ts(1,23): error TS2307: Cannot find module 'benchmark' or its corresponding type declarations.
actors/florma-3d-audit/node_modules.hidden/zod/src/v3/benchmarks/realworld.ts(1,23): error TS2307: Cannot find module 'benchmark' or its corresponding type declarations.
actors/florma-3d-audit/node_modules.hidden/zod/src/v3/benchmarks/string.ts(1,23): error TS2307: Cannot find module 'benchmark' or its corresponding type declarations.
actors/florma-3d-audit/node_modules.hidden/zod/src/v3/benchmarks/union.ts(1,23): error TS2307: Cannot find module 'benchmark' or its corresponding type declarations.
actors/florma-3d-audit/node_modules.hidden/zod/src/v3/tests/complex.test.ts(1,30): error TS2307: Cannot find module 'vitest' or its corresponding type declarations.
actors/florma-3d-audit/node_modules.hidden/zod/src/v3/tests/language-server.test.ts(1,22): error TS2307: Cannot find module 'vitest' or its corresponding type declarations.
actors/florma-3d-audit/node_modules.hidden/zod/src/v3/types.ts(3619,23): error TS2802: Type 'MapIterator<[unknown, unknown]>' can only be iterated through when using the '--downlevelIteration' flag or with a '--target' of 'es2015' or higher.
actors/florma-3d-audit/node_modules.hidden/zod/src/v3/types.ts(3746,26): error TS2802: Type 'SetIterator<unknown>' can only be iterated through when using the '--downlevelIteration' flag or with a '--target' of 'es2015' or higher.
actors/florma-3d-audit/node_modules.hidden/zod/src/v4/classic/schemas.ts(2116,22): error TS2802: Type 'PrimitiveSet' can only be iterated through when using the '--downlevelIteration' flag or with a '--target' of 'es2015' or higher.
actors/florma-3d-audit/node_modules.hidden/zod/src/v4/classic/tests/anyunknown.test.ts(1,44): error TS2307: Cannot find module 'vitest' or its corresponding type declarations.
actors/florma-3d-audit/node_modules.hidden/zod/src/v4/classic/tests/apply.test.ts(1,44): error TS2307: Cannot find module 'vitest' or its corresponding type declarations.
actors/florma-3d-audit/node_modules.hidden/zod/src/v4/classic/tests/array.test.ts(1,44): error TS2307: Cannot find module 'vitest' or its corresponding type declarations.
actors/florma-3d-audit/node_modules.hidden/zod/src/v4/classic/tests/assignability.test.ts(1,36): error TS2307: Cannot find module 'vitest' or its corresponding type declarations.
actors/florma-3d-audit/node_modules.hidden/zod/src/v4/classic/tests/async-parsing.test.ts(1,30): error TS2307: Cannot find module 'vitest' or its corresponding type declarations.
actors/florma-3d-audit/node_modules.hidden/zod/src/v4/classic/tests/async-refinements.test.ts(1,30): error TS2307: Cannot find module 'vitest' or its corresponding type declarations.
actors/florma-3d-audit/node_modules.hidden/zod/src/v4/classic/tests/base.test.ts(1,30): error TS2307: Cannot find module 'vitest' or its corresponding type declarations.
actors/florma-3d-audit/node_modules.hidden/zod/src/v4/classic/tests/bigint.test.ts(1,44): error TS2307: Cannot find module 'vitest' or its corresponding type declarations.
actors/florma-3d-audit/node_modules.hidden/zod/src/v4/classic/tests/bigint.test.ts(57,33): error TS2737: BigInt literals are not available when targeting lower than ES2020.
actors/florma-3d-audit/node_modules.hidden/zod/src/v4/classic/tests/bigint.test.ts(57,41): error TS2737: BigInt literals are not available when targeting lower than ES2020.
actors/florma-3d-audit/node_modules.hidden/zod/src/v4/classic/tests/bigint.test.ts(58,35): error TS2737: BigInt literals are not available when targeting lower than ES2020.
actors/florma-3d-audit/node_modules.hidden/zod/src/v4/classic/tests/bigint.test.ts(59,35): error TS2737: BigInt literals are not available when targeting lower than ES2020.
actors/florma-3d-audit/node_modules.hidden/zod/src/v4/classic/tests/brand.test.ts(1,36): error TS2307: Cannot find module 'vitest' or its corresponding type declarations.
actors/florma-3d-audit/node_modules.hidden/zod/src/v4/classic/tests/catch.test.ts(1,44): error TS2307: Cannot find module 'vitest' or its corresponding type declarations.
actors/florma-3d-audit/node_modules.hidden/zod/src/v4/classic/tests/coalesce.test.ts(1,30): error TS2307: Cannot find module 'vitest' or its corresponding type declarations.
actors/florma-3d-audit/node_modules.hidden/zod/src/v4/classic/tests/codec-examples.test.ts(1,30): error TS2307: Cannot find module 'vitest' or its corresponding type declarations.
actors/florma-3d-audit/node_modules.hidden/zod/src/v4/classic/tests/codec-examples.test.ts(76,66): error TS2737: BigInt literals are not available when targeting lower than ES2020.
actors/florma-3d-audit/node_modules.hidden/zod/src/v4/classic/tests/codec-examples.test.ts(77,37): error TS2737: BigInt literals are not available when targeting lower than ES2020.
actors/florma-3d-audit/node_modules.hidden/zod/src/v4/classic/tests/codec-examples.test.ts(78,41): error TS2737: BigInt literals are not available when targeting lower than ES2020.
actors/florma-3d-audit/node_modules.hidden/zod/src/v4/classic/tests/codec-examples.test.ts(81,26): error TS2737: BigInt literals are not available when targeting lower than ES2020.
actors/florma-3d-audit/node_modules.hidden/zod/src/v4/classic/tests/codec-examples.test.ts(82,26): error TS2737: BigInt literals are not available when targeting lower than ES2020.
actors/florma-3d-audit/node_modules.hidden/zod/src/v4/classic/tests/codec-examples.test.ts(83,27): error TS2737: BigInt literals are not available when targeting lower than ES2020.
actors/florma-3d-audit/node_modules.hidden/zod/src/v4/classic/tests/codec-examples.test.ts(105,36): error TS2737: BigInt literals are not available when targeting lower than ES2020.
actors/florma-3d-audit/node_modules.hidden/zod/src/v4/classic/tests/codec-examples.test.ts(106,35): error TS2737: BigInt literals are not available when targeting lower than ES2020.
actors/florma-3d-audit/node_modules.hidden/zod/src/v4/classic/tests/codec-examples.test.ts(107,39): error TS2737: BigInt literals are not available when targeting lower than ES2020.
actors/florma-3d-audit/node_modules.hidden/zod/src/v4/classic/tests/codec-examples.test.ts(110,26): error TS2737: BigInt literals are not available when targeting lower than ES2020.
actors/florma-3d-audit/node_modules.hidden/zod/src/v4/classic/tests/codec-examples.test.ts(111,26): error TS2737: BigInt literals are not available when targeting lower than ES2020.
actors/florma-3d-audit/node_modules.hidden/zod/src/v4/classic/tests/codec-examples.test.ts(112,27): error TS2737: BigInt literals are not available when targeting lower than ES2020.
actors/florma-3d-audit/node_modules.hidden/zod/src/v4/classic/tests/codec.test.ts(1,54): error TS2307: Cannot find module 'vitest' or its corresponding type declarations.
actors/florma-3d-audit/node_modules.hidden/zod/src/v4/classic/tests/coerce.test.ts(1,44): error TS2307: Cannot find module 'vitest' or its corresponding type declarations.
actors/florma-3d-audit/node_modules.hidden/zod/src/v4/classic/tests/continuability.test.ts(1,30): error TS2307: Cannot find module 'vitest' or its corresponding type declarations.
actors/florma-3d-audit/node_modules.hidden/zod/src/v4/classic/tests/credit-card.test.ts(1,40): error TS2307: Cannot find module 'vitest' or its corresponding type declarations.
actors/florma-3d-audit/node_modules.hidden/zod/src/v4/classic/tests/credit-card.test.ts(21,35): error TS7006: Parameter '_label' implicitly has an 'any' type.
actors/florma-3d-audit/node_modules.hidden/zod/src/v4/classic/tests/credit-card.test.ts(21,43): error TS7006: Parameter 'n' implicitly has an 'any' type.
actors/florma-3d-audit/node_modules.hidden/zod/src/v4/classic/tests/custom.test.ts(1,30): error TS2307: Cannot find module 'vitest' or its corresponding type declarations.
actors/florma-3d-audit/node_modules.hidden/zod/src/v4/classic/tests/cyclic-data.test.ts(3,30): error TS2307: Cannot find module 'vitest' or its corresponding type declarations.
actors/florma-3d-audit/node_modules.hidden/zod/src/v4/classic/tests/cyclic-data.test.ts(624,95): error TS7006: Parameter 'jitless' implicitly has an 'any' type.
actors/florma-3d-audit/node_modules.hidden/zod/src/v4/classic/tests/date.test.ts(1,30): error TS2307: Cannot find module 'vitest' or its corresponding type declarations.
actors/florma-3d-audit/node_modules.hidden/zod/src/v4/classic/tests/datetime.test.ts(1,30): error TS2307: Cannot find module 'vitest' or its corresponding type declarations.
actors/florma-3d-audit/node_modules.hidden/zod/src/v4/classic/tests/deep-partial.test.ts(1,54): error TS2307: Cannot find module 'vitest' or its corresponding type declarations.
actors/florma-3d-audit/node_modules.hidden/zod/src/v4/classic/tests/deep-partial.test.ts(9,33): error TS2345: Argument of type 'ZodObject<{ a: ZodString; b: ZodNumber; }, $strip>' is not assignable to parameter of type 'SomeType'.
  The types of '_zod.def.checks' are incompatible between these types.
    Type 'import("C:/Users/kumar/Downloads/florma-hero/florma/actors/florma-3d-audit/node_modules.hidden/zod/v4/core/checks").$ZodCheck<never>[] | undefined' is not assignable to type 'import("C:/Users/kumar/Downloads/florma-hero/florma/actors/florma-3d-audit/node_modules.hidden/zod/src/v4/core/checks").$ZodCheck<never>[] | undefined'.
      Type 'import("C:/Users/kumar/Downloads/florma-hero/florma/actors/florma-3d-audit/node_modules.hidden/zod/v4/core/checks").$ZodCheck<never>[]' is not assignable to type 'import("C:/Users/kumar/Downloads/florma-hero/florma/actors/florma-3d-audit/node_modules.hidden/zod/src/v4/core/checks").$ZodCheck<never>[]'.
        Type 'import("C:/Users/kumar/Downloads/florma-hero/florma/actors/florma-3d-audit/node_modules.hidden/zod/v4/core/checks").$ZodCheck<never>' is not assignable to type 'import("C:/Users/kumar/Downloads/florma-hero/florma/actors/florma-3d-audit/node_modules.hidden/zod/src/v4/core/checks").$ZodCheck<never>'.
          The types of '_zod.def.when' are incompatible between these types.
            Type '((payload: import("C:/Users/kumar/Downloads/florma-hero/florma/actors/florma-3d-audit/node_modules.hidden/zod/v4/core/schemas").ParsePayload<unknown>) => boolean) | undefined' is not assignable to type '((payload: import("C:/Users/kumar/Downloads/florma-hero/florma/actors/florma-3d-audit/node_modules.hidden/zod/src/v4/core/schemas").ParsePayload<unknown>) => boolean) | undefined'.
              Type '(payload: import("C:/Users/kumar/Downloads/florma-hero/florma/actors/florma-3d-audit/node_modules.hidden/zod/v4/core/schemas").ParsePayload<unknown>) => boolean' is not assignable to type '(payload: import("C:/Users/kumar/Downloads/florma-hero/florma/actors/florma-3d-audit/node_modules.hidden/zod/src/v4/core/schemas").ParsePayload<unknown>) => boolean'.
                Types of parameters 'payload' and 'payload' are incompatible.
                  Type 'import("C:/Users/kumar/Downloads/florma-hero/florma/actors/florma-3d-audit/node_modules.hidden/zod/src/v4/core/schemas").ParsePayload<unknown>' is not assignable to type 'import("C:/Users/kumar/Downloads/florma-hero/florma/actors/florma-3d-audit/node_modules.hidden/zod/v4/core/schemas").ParsePayload<unknown>'.
                    Types of property 'issues' are incompatible.
                      Type '({ [x: string]: unknown; readonly keys: string[]; readonly code: "unrecognized_keys"; readonly input: Record<string, unknown> | undefined; readonly path?: PropertyKey[] | undefined; readonly message?: string | undefined; readonly inst?: $ZodType<...> | ... 1 more ... | undefined; readonly schema?: $ZodType<...> | un...' is not assignable to type '({ [x: string]: unknown; readonly code: "invalid_type"; readonly input: unknown; readonly expected: $ZodInvalidTypeExpected; readonly path?: PropertyKey[] | undefined; readonly message?: string | undefined; readonly inst?: $ZodType<...> | ... 1 more ... | undefined; readonly schema?: $ZodType<...> | undefined; reado...'.
                        Type '{ [x: string]: unknown; readonly keys: string[]; readonly code: "unrecognized_keys"; readonly input: Record<string, unknown> | undefined; readonly path?: PropertyKey[] | undefined; readonly message?: string | undefined; readonly inst?: $ZodType<...> | ... 1 more ... | undefined; readonly schema?: $ZodType<...> | und...' is not assignable to type '{ [x: string]: unknown; readonly code: "invalid_type"; readonly input: unknown; readonly expected: $ZodInvalidTypeExpected; readonly path?: PropertyKey[] | undefined; readonly message?: string | undefined; readonly inst?: $ZodType<...> | ... 1 more ... | undefined; readonly schema?: $ZodType<...> | undefined; readon...'.
                          Type '{ [x: string]: unknown; readonly keys: string[]; readonly code: "unrecognized_keys"; readonly input: Record<string, unknown> | undefined; readonly path?: PropertyKey[] | undefined; readonly message?: string | undefined; readonly inst?: $ZodType<...> | ... 1 more ... | undefined; readonly schema?: $ZodType<...> | und...' is not assignable to type '{ [x: string]: unknown; readonly code: "invalid_type"; readonly input: unknown; readonly expected: $ZodInvalidTypeExpected; readonly path?: PropertyKey[] | undefined; readonly message?: string | undefined; readonly inst?: $ZodType<...> | ... 1 more ... | undefined; readonly schema?: $ZodType<...> | undefined; readon...'.
                            Type '{ [x: string]: unknown; readonly keys: string[]; readonly code: "unrecognized_keys"; readonly input: Record<string, unknown> | undefined; readonly path?: PropertyKey[] | undefined; readonly message?: string | undefined; readonly inst?: import("C:/Users/kumar/Downloads/florma-hero/florma/actors/florma-3d-audit/node_m...' is not assignable to type '{ [x: string]: unknown; readonly keys: string[]; readonly code: "unrecognized_keys"; readonly input: Record<string, unknown> | undefined; readonly path?: PropertyKey[] | undefined; readonly message?: string | undefined; readonly inst?: import("C:/Users/kumar/Downloads/florma-hero/florma/actors/florma-3d-audit/node_m...'. Two different types with this name exist, but they are unrelated.
                              Types of property 'inst' are incompatible.
                                Type 'import("C:/Users/kumar/Downloads/florma-hero/florma/actors/florma-3d-audit/node_modules.hidden/zod/src/v4/core/schemas").$ZodType<unknown, unknown, import("C:/Users/kumar/Downloads/florma-hero/florma/actors/florma-3d-audit/node_modules.hidden/zod/src/v4/core/schemas").$ZodTypeInternals<unknown, unknown>> | import("C...' is not assignable to type 'import("C:/Users/kumar/Downloads/florma-hero/florma/actors/florma-3d-audit/node_modules.hidden/zod/v4/core/schemas").$ZodType<unknown, unknown, import("C:/Users/kumar/Downloads/florma-hero/florma/actors/florma-3d-audit/node_modules.hidden/zod/v4/core/schemas").$ZodTypeInternals<unknown, unknown>> | import("C:/Users/...'.
                                  Type '$ZodType<unknown, unknown, $ZodTypeInternals<unknown, unknown>>' is not assignable to type '$ZodType<unknown, unknown, $ZodTypeInternals<unknown, unknown>> | $ZodCheck<never> | undefined'.
                                    Property '_core' is missing in type 'import("C:/Users/kumar/Downloads/florma-hero/florma/actors/florma-3d-audit/node_modules.hidden/zod/src/v4/core/schemas").$ZodType<unknown, unknown, import("C:/Users/kumar/Downloads/florma-hero/florma/actors/florma-3d-audit/node_modules.hidden/zod/src/v4/core/schemas").$ZodTypeInternals<unknown, unknown>>' but required in type 'import("C:/Users/kumar/Downloads/florma-hero/florma/actors/florma-3d-audit/node_modules.hidden/zod/v4/core/schemas").$ZodType<unknown, unknown, import("C:/Users/kumar/Downloads/florma-hero/florma/actors/florma-3d-audit/node_modules.hidden/zod/v4/core/schemas").$ZodTypeInternals<unknown, unknown>>'.
actors/florma-3d-audit/node_modules.hidden/zod/src/v4/classic/tests/deep-partial.test.ts(10,20): error TS2339: Property 'parse' does not exist on type 'SomeType'.
actors/florma-3d-audit/node_modules.hidden/zod/src/v4/classic/tests/deep-partial.test.ts(11,20): error TS2339: Property 'parse' does not exist on type 'SomeType'.
actors/florma-3d-audit/node_modules.hidden/zod/src/v4/classic/tests/deep-partial.test.ts(12,20): error TS2339: Property 'parse' does not exist on type 'SomeType'.
actors/florma-3d-audit/node_modules.hidden/zod/src/v4/classic/tests/deep-partial.test.ts(23,33): error TS2345: Argument of type 'ZodObject<{ name: ZodString; profile: ZodObject<{ bio: ZodString; age: ZodNumber; }, $strip>; }, $strip>' is not assignable to parameter of type 'SomeType'.
  The types of '_zod.def.checks' are incompatible between these types.
    Type 'import("C:/Users/kumar/Downloads/florma-hero/florma/actors/florma-3d-audit/node_modules.hidden/zod/v4/core/checks").$ZodCheck<never>[] | undefined' is not assignable to type 'import("C:/Users/kumar/Downloads/florma-hero/florma/actors/florma-3d-audit/node_modules.hidden/zod/src/v4/core/checks").$ZodCheck<never>[] | undefined'.
      Type 'import("C:/Users/kumar/Downloads/florma-hero/florma/actors/florma-3d-audit/node_modules.hidden/zod/v4/core/checks").$ZodCheck<never>[]' is not assignable to type 'import("C:/Users/kumar/Downloads/florma-hero/florma/actors/florma-3d-audit/node_modules.hidden/zod/src/v4/core/checks").$ZodCheck<never>[]'.
        Type 'import("C:/Users/kumar/Downloads/florma-hero/florma/actors/florma-3d-audit/node_modules.hidden/zod/v4/core/checks").$ZodCheck<never>' is not assignable to type 'import("C:/Users/kumar/Downloads/florma-hero/florma/actors/florma-3d-audit/node_modules.hidden/zod/src/v4/core/checks").$ZodCheck<never>'.
          The types of '_zod.def.when' are incompatible between these types.
            Type '((payload: import("C:/Users/kumar/Downloads/florma-hero/florma/actors/florma-3d-audit/node_modules.hidden/zod/v4/core/schemas").ParsePayload<unknown>) => boolean) | undefined' is not assignable to type '((payload: import("C:/Users/kumar/Downloads/florma-hero/florma/actors/florma-3d-audit/node_modules.hidden/zod/src/v4/core/schemas").ParsePayload<unknown>) => boolean) | undefined'.
              Type '(payload: import("C:/Users/kumar/Downloads/florma-hero/florma/actors/florma-3d-audit/node_modules.hidden/zod/v4/core/schemas").ParsePayload<unknown>) => boolean' is not assignable to type '(payload: import("C:/Users/kumar/Downloads/florma-hero/florma/actors/florma-3d-audit/node_modules.hidden/zod/src/v4/core/schemas").ParsePayload<unknown>) => boolean'.
                Types of parameters 'payload' and 'payload' are incompatible.
                  Type 'import("C:/Users/kumar/Downloads/florma-hero/florma/actors/florma-3d-audit/node_modules.hidden/zod/src/v4/core/schemas").ParsePayload<unknown>' is not assignable to type 'import("C:/Users/kumar/Downloads/florma-hero/florma/actors/florma-3d-audit/node_modules.hidden/zod/v4/core/schemas").ParsePayload<unknown>'.
                    Types of property 'issues' are incompatible.
                      Type '({ [x: string]: unknown; readonly keys: string[]; readonly code: "unrecognized_keys"; readonly input: Record<string, unknown> | undefined; readonly path?: PropertyKey[] | undefined; readonly message?: string | undefined; readonly inst?: $ZodType<...> | ... 1 more ... | undefined; readonly schema?: $ZodType<...> | un...' is not assignable to type '({ [x: string]: unknown; readonly code: "invalid_type"; readonly input: unknown; readonly expected: $ZodInvalidTypeExpected; readonly path?: PropertyKey[] | undefined; readonly message?: string | undefined; readonly inst?: $ZodType<...> | ... 1 more ... | undefined; readonly schema?: $ZodType<...> | undefined; reado...'.
                        Type '{ [x: string]: unknown; readonly keys: string[]; readonly code: "unrecognized_keys"; readonly input: Record<string, unknown> | undefined; readonly path?: PropertyKey[] | undefined; readonly message?: string | undefined; readonly inst?: $ZodType<...> | ... 1 more ... | undefined; readonly schema?: $ZodType<...> | und...' is not assignable to type '{ [x: string]: unknown; readonly code: "invalid_type"; readonly input: unknown; readonly expected: $ZodInvalidTypeExpected; readonly path?: PropertyKey[] | undefined; readonly message?: string | undefined; readonly inst?: $ZodType<...> | ... 1 more ... | undefined; readonly schema?: $ZodType<...> | undefined; readon...'.
                          Type '{ [x: string]: unknown; readonly keys: string[]; readonly code: "unrecognized_keys"; readonly input: Record<string, unknown> | undefined; readonly path?: PropertyKey[] | undefined; readonly message?: string | undefined; readonly inst?: $ZodType<...> | ... 1 more ... | undefined; readonly schema?: $ZodType<...> | und...' is not assignable to type '{ [x: string]: unknown; readonly code: "invalid_type"; readonly input: unknown; readonly expected: $ZodInvalidTypeExpected; readonly path?: PropertyKey[] | undefined; readonly message?: string | undefined; readonly inst?: $ZodType<...> | ... 1 more ... | undefined; readonly schema?: $ZodType<...> | undefined; readon...'.
                            Type '{ [x: string]: unknown; readonly keys: string[]; readonly code: "unrecognized_keys"; readonly input: Record<string, unknown> | undefined; readonly path?: PropertyKey[] | undefined; readonly message?: string | undefined; readonly inst?: import("C:/Users/kumar/Downloads/florma-hero/florma/actors/florma-3d-audit/node_m...' is not assignable to type '{ [x: string]: unknown; readonly keys: string[]; readonly code: "unrecognized_keys"; readonly input: Record<string, unknown> | undefined; readonly path?: PropertyKey[] | undefined; readonly message?: string | undefined; readonly inst?: import("C:/Users/kumar/Downloads/florma-hero/florma/actors/florma-3d-audit/node_m...'. Two different types with this name exist, but they are unrelated.
                              Types of property 'inst' are incompatible.
                                Type 'import("C:/Users/kumar/Downloads/florma-hero/florma/actors/florma-3d-audit/node_modules.hidden/zod/src/v4/core/schemas").$ZodType<unknown, unknown, import("C:/Users/kumar/Downloads/florma-hero/florma/actors/florma-3d-audit/node_modules.hidden/zod/src/v4/core/schemas").$ZodTypeInternals<unknown, unknown>> | import("C...' is not assignable to type 'import("C:/Users/kumar/Downloads/florma-hero/florma/actors/florma-3d-audit/node_modules.hidden/zod/v4/core/schemas").$ZodType<unknown, unknown, import("C:/Users/kumar/Downloads/florma-hero/florma/actors/florma-3d-audit/node_modules.hidden/zod/v4/core/schemas").$ZodTypeInternals<unknown, unknown>> | import("C:/Users/...'.
                                  Type '$ZodType<unknown, unknown, $ZodTypeInternals<unknown, unknown>>' is not assignable to type '$ZodType<unknown, unknown, $ZodTypeInternals<unknown, unknown>> | $ZodCheck<never> | undefined'.
                                    Property '_core' is missing in type 'import("C:/Users/kumar/Downloads/florma-hero/florma/actors/florma-3d-audit/node_modules.hidden/zod/src/v4/core/schemas").$ZodType<unknown, unknown, import("C:/Users/kumar/Downloads/florma-hero/florma/actors/florma-3d-audit/node_modules.hidden/zod/src/v4/core/schemas").$ZodTypeInternals<unknown, unknown>>' but required in type 'import("C:/Users/kumar/Downloads/florma-hero/florma/actors/florma-3d-audit/node_modules.hidden/zod/v4/core/schemas").$ZodType<unknown, unknown, import("C:/Users/kumar/Downloads/florma-hero/florma/actors/florma-3d-audit/node_modules.hidden/zod/v4/core/schemas").$ZodTypeInternals<unknown, unknown>>'.
actors/florma-3d-audit/node_modules.hidden/zod/src/v4/classic/tests/deep-partial.test.ts(24,20): error TS2339: Property 'parse' does not exist on type 'SomeType'.
actors/florma-3d-audit/node_modules.hidden/zod/src/v4/classic/tests/deep-partial.test.ts(25,20): error TS2339: Property 'parse' does not exist on type 'SomeType'.
actors/florma-3d-audit/node_modules.hidden/zod/src/v4/classic/tests/deep-partial.test.ts(26,20): error TS2339: Property 'parse' does not exist on type 'SomeType'.
actors/florma-3d-audit/node_modules.hidden/zod/src/v4/classic/tests/deep-partial.test.ts(31,33): error TS2345: Argument of type 'ZodObject<{ items: ZodArray<ZodObject<{ a: ZodString; b: ZodNumber; }, $strip>>; }, $strip>' is not assignable to parameter of type 'SomeType'.
  The types of '_zod.def.checks' are incompatible between these types.
    Type 'import("C:/Users/kumar/Downloads/florma-hero/florma/actors/florma-3d-audit/node_modules.hidden/zod/v4/core/checks").$ZodCheck<never>[] | undefined' is not assignable to type 'import("C:/Users/kumar/Downloads/florma-hero/florma/actors/florma-3d-audit/node_modules.hidden/zod/src/v4/core/checks").$ZodCheck<never>[] | undefined'.
      Type 'import("C:/Users/kumar/Downloads/florma-hero/florma/actors/florma-3d-audit/node_modules.hidden/zod/v4/core/checks").$ZodCheck<never>[]' is not assignable to type 'import("C:/Users/kumar/Downloads/florma-hero/florma/actors/florma-3d-audit/node_modules.hidden/zod/src/v4/core/checks").$ZodCheck<never>[]'.
        Type 'import("C:/Users/kumar/Downloads/florma-hero/florma/actors/florma-3d-audit/node_modules.hidden/zod/v4/core/checks").$ZodCheck<never>' is not assignable to type 'import("C:/Users/kumar/Downloads/florma-hero/florma/actors/florma-3d-audit/node_modules.hidden/zod/src/v4/core/checks").$ZodCheck<never>'.
          The types of '_zod.def.when' are incompatible between these types.
            Type '((payload: import("C:/Users/kumar/Downloads/florma-hero/florma/actors/florma-3d-audit/node_modules.hidden/zod/v4/core/schemas").ParsePayload<unknown>) => boolean) | undefined' is not assignable to type '((payload: import("C:/Users/kumar/Downloads/florma-hero/florma/actors/florma-3d-audit/node_modules.hidden/zod/src/v4/core/schemas").ParsePayload<unknown>) => boolean) | undefined'.
              Type '(payload: import("C:/Users/kumar/Downloads/florma-hero/florma/actors/florma-3d-audit/node_modules.hidden/zod/v4/core/schemas").ParsePayload<unknown>) => boolean' is not assignable to type '(payload: import("C:/Users/kumar/Downloads/florma-hero/florma/actors/florma-3d-audit/node_modules.hidden/zod/src/v4/core/schemas").ParsePayload<unknown>) => boolean'.
                Types of parameters 'payload' and 'payload' are incompatible.
                  Type 'import("C:/Users/kumar/Downloads/florma-hero/florma/actors/florma-3d-audit/node_modules.hidden/zod/src/v4/core/schemas").ParsePayload<unknown>' is not assignable to type 'import("C:/Users/kumar/Downloads/florma-hero/florma/actors/florma-3d-audit/node_modules.hidden/zod/v4/core/schemas").ParsePayload<unknown>'.
                    Types of property 'issues' are incompatible.
                      Type '({ [x: string]: unknown; readonly keys: string[]; readonly code: "unrecognized_keys"; readonly input: Record<string, unknown> | undefined; readonly path?: PropertyKey[] | undefined; readonly message?: string | undefined; readonly inst?: $ZodType<...> | ... 1 more ... | undefined; readonly schema?: $ZodType<...> | un...' is not assignable to type '({ [x: string]: unknown; readonly code: "invalid_type"; readonly input: unknown; readonly expected: $ZodInvalidTypeExpected; readonly path?: PropertyKey[] | undefined; readonly message?: string | undefined; readonly inst?: $ZodType<...> | ... 1 more ... | undefined; readonly schema?: $ZodType<...> | undefined; reado...'.
                        Type '{ [x: string]: unknown; readonly keys: string[]; readonly code: "unrecognized_keys"; readonly input: Record<string, unknown> | undefined; readonly path?: PropertyKey[] | undefined; readonly message?: string | undefined; readonly inst?: $ZodType<...> | ... 1 more ... | undefined; readonly schema?: $ZodType<...> | und...' is not assignable to type '{ [x: string]: unknown; readonly code: "invalid_type"; readonly input: unknown; readonly expected: $ZodInvalidTypeExpected; readonly path?: PropertyKey[] | undefined; readonly message?: string | undefined; readonly inst?: $ZodType<...> | ... 1 more ... | undefined; readonly schema?: $ZodType<...> | undefined; readon...'.
                          Type '{ [x: string]: unknown; readonly keys: string[]; readonly code: "unrecognized_keys"; readonly input: Record<string, unknown> | undefined; readonly path?: PropertyKey[] | undefined; readonly message?: string | undefined; readonly inst?: $ZodType<...> | ... 1 more ... | undefined; readonly schema?: $ZodType<...> | und...' is not assignable to type '{ [x: string]: unknown; readonly code: "invalid_type"; readonly input: unknown; readonly expected: $ZodInvalidTypeExpected; readonly path?: PropertyKey[] | undefined; readonly message?: string | undefined; readonly inst?: $ZodType<...> | ... 1 more ... | undefined; readonly schema?: $ZodType<...> | undefined; readon...'.
                            Type '{ [x: string]: unknown; readonly keys: string[]; readonly code: "unrecognized_keys"; readonly input: Record<string, unknown> | undefined; readonly path?: PropertyKey[] | undefined; readonly message?: string | undefined; readonly inst?: import("C:/Users/kumar/Downloads/florma-hero/florma/actors/florma-3d-audit/node_m...' is not assignable to type '{ [x: string]: unknown; readonly keys: string[]; readonly code: "unrecognized_keys"; readonly input: Record<string, unknown> | undefined; readonly path?: PropertyKey[] | undefined; readonly message?: string | undefined; readonly inst?: import("C:/Users/kumar/Downloads/florma-hero/florma/actors/florma-3d-audit/node_m...'. Two different types with this name exist, but they are unrelated.
                              Types of property 'inst' are incompatible.
                                Type 'import("C:/Users/kumar/Downloads/florma-hero/florma/actors/florma-3d-audit/node_modules.hidden/zod/src/v4/core/schemas").$ZodType<unknown, unknown, import("C:/Users/kumar/Downloads/florma-hero/florma/actors/florma-3d-audit/node_modules.hidden/zod/src/v4/core/schemas").$ZodTypeInternals<unknown, unknown>> | import("C...' is not assignable to type 'import("C:/Users/kumar/Downloads/florma-hero/florma/actors/florma-3d-audit/node_modules.hidden/zod/v4/core/schemas").$ZodType<unknown, unknown, import("C:/Users/kumar/Downloads/florma-hero/florma/actors/florma-3d-audit/node_modules.hidden/zod/v4/core/schemas").$ZodTypeInternals<unknown, unknown>> | import("C:/Users/...'.
                                  Type '$ZodType<unknown, unknown, $ZodTypeInternals<unknown, unknown>>' is not assignable to type '$ZodType<unknown, unknown, $ZodTypeInternals<unknown, unknown>> | $ZodCheck<never> | undefined'.
                                    Property '_core' is missing in type 'import("C:/Users/kumar/Downloads/florma-hero/florma/actors/florma-3d-audit/node_modules.hidden/zod/src/v4/core/schemas").$ZodType<unknown, unknown, import("C:/Users/kumar/Downloads/florma-hero/florma/actors/florma-3d-audit/node_modules.hidden/zod/src/v4/core/schemas").$ZodTypeInternals<unknown, unknown>>' but required in type 'import("C:/Users/kumar/Downloads/florma-hero/florma/actors/florma-3d-audit/node_modules.hidden/zod/v4/core/schemas").$ZodType<unknown, unknown, import("C:/Users/kumar/Downloads/florma-hero/florma/actors/florma-3d-audit/node_modules.hidden/zod/v4/core/schemas").$ZodTypeInternals<unknown, unknown>>'.
actors/florma-3d-audit/node_modules.hidden/zod/src/v4/classic/tests/deep-partial.test.ts(32,20): error TS2339: Property 'parse' does not exist on type 'SomeType'.
actors/florma-3d-audit/node_modules.hidden/zod/src/v4/classic/tests/deep-partial.test.ts(37,33): error TS2345: Argument of type 'ZodTuple<[ZodObject<{ a: ZodString; }, $strip>, ZodObject<{ b: ZodNumber; }, $strip>], ZodObject<{ c: ZodBoolean; }, $strip>>' is not assignable to parameter of type 'SomeType'.
  The types of '_zod.def.checks' are incompatible between these types.
    Type 'import("C:/Users/kumar/Downloads/florma-hero/florma/actors/florma-3d-audit/node_modules.hidden/zod/v4/core/checks").$ZodCheck<never>[] | undefined' is not assignable to type 'import("C:/Users/kumar/Downloads/florma-hero/florma/actors/florma-3d-audit/node_modules.hidden/zod/src/v4/core/checks").$ZodCheck<never>[] | undefined'.
      Type 'import("C:/Users/kumar/Downloads/florma-hero/florma/actors/florma-3d-audit/node_modules.hidden/zod/v4/core/checks").$ZodCheck<never>[]' is not assignable to type 'import("C:/Users/kumar/Downloads/florma-hero/florma/actors/florma-3d-audit/node_modules.hidden/zod/src/v4/core/checks").$ZodCheck<never>[]'.
        Type 'import("C:/Users/kumar/Downloads/florma-hero/florma/actors/florma-3d-audit/node_modules.hidden/zod/v4/core/checks").$ZodCheck<never>' is not assignable to type 'import("C:/Users/kumar/Downloads/florma-hero/florma/actors/florma-3d-audit/node_modules.hidden/zod/src/v4/core/checks").$ZodCheck<never>'.
          The types of '_zod.def.when' are incompatible between these types.
            Type '((payload: import("C:/Users/kumar/Downloads/florma-hero/florma/actors/florma-3d-audit/node_modules.hidden/zod/v4/core/schemas").ParsePayload<unknown>) => boolean) | undefined' is not assignable to type '((payload: import("C:/Users/kumar/Downloads/florma-hero/florma/actors/florma-3d-audit/node_modules.hidden/zod/src/v4/core/schemas").ParsePayload<unknown>) => boolean) | undefined'.
              Type '(payload: import("C:/Users/kumar/Downloads/florma-hero/florma/actors/florma-3d-audit/node_modules.hidden/zod/v4/core/schemas").ParsePayload<unknown>) => boolean' is not assignable to type '(payload: import("C:/Users/kumar/Downloads/florma-hero/florma/actors/florma-3d-audit/node_modules.hidden/zod/src/v4/core/schemas").ParsePayload<unknown>) => boolean'.
                Types of parameters 'payload' and 'payload' are incompatible.
                  Type 'import("C:/Users/kumar/Downloads/florma-hero/florma/actors/florma-3d-audit/node_modules.hidden/zod/src/v4/core/schemas").ParsePayload<unknown>' is not assignable to type 'import("C:/Users/kumar/Downloads/florma-hero/florma/actors/florma-3d-audit/node_modules.hidden/zod/v4/core/schemas").ParsePayload<unknown>'.
                    Types of property 'issues' are incompatible.
                      Type '({ [x: string]: unknown; readonly keys: string[]; readonly code: "unrecognized_keys"; readonly input: Record<string, unknown> | undefined; readonly path?: PropertyKey[] | undefined; readonly message?: string | undefined; readonly inst?: $ZodType<...> | ... 1 more ... | undefined; readonly schema?: $ZodType<...> | un...' is not assignable to type '({ [x: string]: unknown; readonly code: "invalid_type"; readonly input: unknown; readonly expected: $ZodInvalidTypeExpected; readonly path?: PropertyKey[] | undefined; readonly message?: string | undefined; readonly inst?: $ZodType<...> | ... 1 more ... | undefined; readonly schema?: $ZodType<...> | undefined; reado...'.
                        Type '{ [x: string]: unknown; readonly keys: string[]; readonly code: "unrecognized_keys"; readonly input: Record<string, unknown> | undefined; readonly path?: PropertyKey[] | undefined; readonly message?: string | undefined; readonly inst?: $ZodType<...> | ... 1 more ... | undefined; readonly schema?: $ZodType<...> | und...' is not assignable to type '{ [x: string]: unknown; readonly code: "invalid_type"; readonly input: unknown; readonly expected: $ZodInvalidTypeExpected; readonly path?: PropertyKey[] | undefined; readonly message?: string | undefined; readonly inst?: $ZodType<...> | ... 1 more ... | undefined; readonly schema?: $ZodType<...> | undefined; readon...'.
                          Type '{ [x: string]: unknown; readonly keys: string[]; readonly code: "unrecognized_keys"; readonly input: Record<string, unknown> | undefined; readonly path?: PropertyKey[] | undefined; readonly message?: string | undefined; readonly inst?: $ZodType<...> | ... 1 more ... | undefined; readonly schema?: $ZodType<...> | und...' is not assignable to type '{ [x: string]: unknown; readonly code: "invalid_type"; readonly input: unknown; readonly expected: $ZodInvalidTypeExpected; readonly path?: PropertyKey[] | undefined; readonly message?: string | undefined; readonly inst?: $ZodType<...> | ... 1 more ... | undefined; readonly schema?: $ZodType<...> | undefined; readon...'.
                            Type '{ [x: string]: unknown; readonly keys: string[]; readonly code: "unrecognized_keys"; readonly input: Record<string, unknown> | undefined; readonly path?: PropertyKey[] | undefined; readonly message?: string | undefined; readonly inst?: import("C:/Users/kumar/Downloads/florma-hero/florma/actors/florma-3d-audit/node_m...' is not assignable to type '{ [x: string]: unknown; readonly keys: string[]; readonly code: "unrecognized_keys"; readonly input: Record<string, unknown> | undefined; readonly path?: PropertyKey[] | undefined; readonly message?: string | undefined; readonly inst?: import("C:/Users/kumar/Downloads/florma-hero/florma/actors/florma-3d-audit/node_m...'. Two different types with this name exist, but they are unrelated.
                              Types of property 'inst' are incompatible.
                                Type 'import("C:/Users/kumar/Downloads/florma-hero/florma/actors/florma-3d-audit/node_modules.hidden/zod/src/v4/core/schemas").$ZodType<unknown, unknown, import("C:/Users/kumar/Downloads/florma-hero/florma/actors/florma-3d-audit/node_modules.hidden/zod/src/v4/core/schemas").$ZodTypeInternals<unknown, unknown>> | import("C...' is not assignable to type 'import("C:/Users/kumar/Downloads/florma-hero/florma/actors/florma-3d-audit/node_modules.hidden/zod/v4/core/schemas").$ZodType<unknown, unknown, import("C:/Users/kumar/Downloads/florma-hero/florma/actors/florma-3d-audit/node_modules.hidden/zod/v4/core/schemas").$ZodTypeInternals<unknown, unknown>> | import("C:/Users/...'.
                                  Type '$ZodType<unknown, unknown, $ZodTypeInternals<unknown, unknown>>' is not assignable to type '$ZodType<unknown, unknown, $ZodTypeInternals<unknown, unknown>> | $ZodCheck<never> | undefined'.
                                    Property '_core' is missing in type 'import("C:/Users/kumar/Downloads/florma-hero/florma/actors/florma-3d-audit/node_modules.hidden/zod/src/v4/core/schemas").$ZodType<unknown, unknown, import("C:/Users/kumar/Downloads/florma-hero/florma/actors/florma-3d-audit/node_modules.hidden/zod/src/v4/core/schemas").$ZodTypeInternals<unknown, unknown>>' but required in type 'import("C:/Users/kumar/Downloads/florma-hero/florma/actors/florma-3d-audit/node_modules.hidden/zod/v4/core/schemas").$ZodType<unknown, unknown, import("C:/Users/kumar/Downloads/florma-hero/florma/actors/florma-3d-audit/node_modules.hidden/zod/v4/core/schemas").$ZodTypeInternals<unknown, unknown>>'.
actors/florma-3d-audit/node_modules.hidden/zod/src/v4/classic/tests/deep-partial.test.ts(38,20): error TS2339: Property 'parse' does not exist on type 'SomeType'.
actors/florma-3d-audit/node_modules.hidden/zod/src/v4/classic/tests/deep-partial.test.ts(39,20): error TS2339: Property 'parse' does not exist on type 'SomeType'.
actors/florma-3d-audit/node_modules.hidden/zod/src/v4/classic/tests/deep-partial.test.ts(44,33): error TS2345: Argument of type 'ZodUnion<readonly [ZodObject<{ a: ZodString; }, $strip>, ZodObject<{ b: ZodNumber; }, $strip>]>' is not assignable to parameter of type 'SomeType'.
  The types of '_zod.def.checks' are incompatible between these types.
    Type 'import("C:/Users/kumar/Downloads/florma-hero/florma/actors/florma-3d-audit/node_modules.hidden/zod/v4/core/checks").$ZodCheck<never>[] | undefined' is not assignable to type 'import("C:/Users/kumar/Downloads/florma-hero/florma/actors/florma-3d-audit/node_modules.hidden/zod/src/v4/core/checks").$ZodCheck<never>[] | undefined'.
      Type 'import("C:/Users/kumar/Downloads/florma-hero/florma/actors/florma-3d-audit/node_modules.hidden/zod/v4/core/checks").$ZodCheck<never>[]' is not assignable to type 'import("C:/Users/kumar/Downloads/florma-hero/florma/actors/florma-3d-audit/node_modules.hidden/zod/src/v4/core/checks").$ZodCheck<never>[]'.
        Type 'import("C:/Users/kumar/Downloads/florma-hero/florma/actors/florma-3d-audit/node_modules.hidden/zod/v4/core/checks").$ZodCheck<never>' is not assignable to type 'import("C:/Users/kumar/Downloads/florma-hero/florma/actors/florma-3d-audit/node_modules.hidden/zod/src/v4/core/checks").$ZodCheck<never>'.
          The types of '_zod.def.when' are incompatible between these types.
            Type '((payload: import("C:/Users/kumar/Downloads/florma-hero/florma/actors/florma-3d-audit/node_modules.hidden/zod/v4/core/schemas").ParsePayload<unknown>) => boolean) | undefined' is not assignable to type '((payload: import("C:/Users/kumar/Downloads/florma-hero/florma/actors/florma-3d-audit/node_modules.hidden/zod/src/v4/core/schemas").ParsePayload<unknown>) => boolean) | undefined'.
              Type '(payload: import("C:/Users/kumar/Downloads/florma-hero/florma/actors/florma-3d-audit/node_modules.hidden/zod/v4/core/schemas").ParsePayload<unknown>) => boolean' is not assignable to type '(payload: import("C:/Users/kumar/Downloads/florma-hero/florma/actors/florma-3d-audit/node_modules.hidden/zod/src/v4/core/schemas").ParsePayload<unknown>) => boolean'.
                Types of parameters 'payload' and 'payload' are incompatible.
                  Type 'import("C:/Users/kumar/Downloads/florma-hero/florma/actors/florma-3d-audit/node_modules.hidden/zod/src/v4/core/schemas").ParsePayload<unknown>' is not assignable to type 'import("C:/Users/kumar/Downloads/florma-hero/florma/actors/florma-3d-audit/node_modules.hidden/zod/v4/core/schemas").ParsePayload<unknown>'.
                    Types of property 'issues' are incompatible.
                      Type '({ [x: string]: unknown; readonly keys: string[]; readonly code: "unrecognized_keys"; readonly input: Record<string, unknown> | undefined; readonly path?: PropertyKey[] | undefined; readonly message?: string | undefined; readonly inst?: $ZodType<...> | ... 1 more ... | undefined; readonly schema?: $ZodType<...> | un...' is not assignable to type '({ [x: string]: unknown; readonly code: "invalid_type"; readonly input: unknown; readonly expected: $ZodInvalidTypeExpected; readonly path?: PropertyKey[] | undefined; readonly message?: string | undefined; readonly inst?: $ZodType<...> | ... 1 more ... | undefined; readonly schema?: $ZodType<...> | undefined; reado...'.
                        Type '{ [x: string]: unknown; readonly keys: string[]; readonly code: "unrecognized_keys"; readonly input: Record<string, unknown> | undefined; readonly path?: PropertyKey[] | undefined; readonly message?: string | undefined; readonly inst?: $ZodType<...> | ... 1 more ... | undefined; readonly schema?: $ZodType<...> | und...' is not assignable to type '{ [x: string]: unknown; readonly code: "invalid_type"; readonly input: unknown; readonly expected: $ZodInvalidTypeExpected; readonly path?: PropertyKey[] | undefined; readonly message?: string | undefined; readonly inst?: $ZodType<...> | ... 1 more ... | undefined; readonly schema?: $ZodType<...> | undefined; readon...'.
                          Type '{ [x: string]: unknown; readonly keys: string[]; readonly code: "unrecognized_keys"; readonly input: Record<string, unknown> | undefined; readonly path?: PropertyKey[] | undefined; readonly message?: string | undefined; readonly inst?: $ZodType<...> | ... 1 more ... | undefined; readonly schema?: $ZodType<...> | und...' is not assignable to type '{ [x: string]: unknown; readonly code: "invalid_type"; readonly input: unknown; readonly expected: $ZodInvalidTypeExpected; readonly path?: PropertyKey[] | undefined; readonly message?: string | undefined; readonly inst?: $ZodType<...> | ... 1 more ... | undefined; readonly schema?: $ZodType<...> | undefined; readon...'.
                            Type '{ [x: string]: unknown; readonly keys: string[]; readonly code: "unrecognized_keys"; readonly input: Record<string, unknown> | undefined; readonly path?: PropertyKey[] | undefined; readonly message?: string | undefined; readonly inst?: import("C:/Users/kumar/Downloads/florma-hero/florma/actors/florma-3d-audit/node_m...' is not assignable to type '{ [x: string]: unknown; readonly keys: string[]; readonly code: "unrecognized_keys"; readonly input: Record<string, unknown> | undefined; readonly path?: PropertyKey[] | undefined; readonly message?: string | undefined; readonly inst?: import("C:/Users/kumar/Downloads/florma-hero/florma/actors/florma-3d-audit/node_m...'. Two different types with this name exist, but they are unrelated.
                              Types of property 'inst' are incompatible.
                                Type 'import("C:/Users/kumar/Downloads/florma-hero/florma/actors/florma-3d-audit/node_modules.hidden/zod/src/v4/core/schemas").$ZodType<unknown, unknown, import("C:/Users/kumar/Downloads/florma-hero/florma/actors/florma-3d-audit/node_modules.hidden/zod/src/v4/core/schemas").$ZodTypeInternals<unknown, unknown>> | import("C...' is not assignable to type 'import("C:/Users/kumar/Downloads/florma-hero/florma/actors/florma-3d-audit/node_modules.hidden/zod/v4/core/schemas").$ZodType<unknown, unknown, import("C:/Users/kumar/Downloads/florma-hero/florma/actors/florma-3d-audit/node_modules.hidden/zod/v4/core/schemas").$ZodTypeInternals<unknown, unknown>> | import("C:/Users/...'.
                                  Type '$ZodType<unknown, unknown, $ZodTypeInternals<unknown, unknown>>' is not assignable to type '$ZodType<unknown, unknown, $ZodTypeInternals<unknown, unknown>> | $ZodCheck<never> | undefined'.
                                    Property '_core' is missing in type 'import("C:/Users/kumar/Downloads/florma-hero/florma/actors/florma-3d-audit/node_modules.hidden/zod/src/v4/core/schemas").$ZodType<unknown, unknown, import("C:/Users/kumar/Downloads/florma-hero/florma/actors/florma-3d-audit/node_modules.hidden/zod/src/v4/core/schemas").$ZodTypeInternals<unknown, unknown>>' but required in type 'import("C:/Users/kumar/Downloads/florma-hero/florma/actors/florma-3d-audit/node_modules.hidden/zod/v4/core/schemas").$ZodType<unknown, unknown, import("C:/Users/kumar/Downloads/florma-hero/florma/actors/florma-3d-audit/node_modules.hidden/zod/v4/core/schemas").$ZodTypeInternals<unknown, unknown>>'.
actors/florma-3d-audit/node_modules.hidden/zod/src/v4/classic/tests/deep-partial.test.ts(45,20): error TS2339: Property 'parse' does not exist on type 'SomeType'.
actors/florma-3d-audit/node_modules.hidden/zod/src/v4/classic/tests/deep-partial.test.ts(50,33): error TS2345: Argument of type 'ZodObject<{ x: ZodOptional<ZodObject<{ a: ZodString; }, $strip>>; }, $strip>' is not assignable to parameter of type 'SomeType'.
  The types of '_zod.def.checks' are incompatible between these types.
    Type 'import("C:/Users/kumar/Downloads/florma-hero/florma/actors/florma-3d-audit/node_modules.hidden/zod/v4/core/checks").$ZodCheck<never>[] | undefined' is not assignable to type 'import("C:/Users/kumar/Downloads/florma-hero/florma/actors/florma-3d-audit/node_modules.hidden/zod/src/v4/core/checks").$ZodCheck<never>[] | undefined'.
      Type 'import("C:/Users/kumar/Downloads/florma-hero/florma/actors/florma-3d-audit/node_modules.hidden/zod/v4/core/checks").$ZodCheck<never>[]' is not assignable to type 'import("C:/Users/kumar/Downloads/florma-hero/florma/actors/florma-3d-audit/node_modules.hidden/zod/src/v4/core/checks").$ZodCheck<never>[]'.
        Type 'import("C:/Users/kumar/Downloads/florma-hero/florma/actors/florma-3d-audit/node_modules.hidden/zod/v4/core/checks").$ZodCheck<never>' is not assignable to type 'import("C:/Users/kumar/Downloads/florma-hero/florma/actors/florma-3d-audit/node_modules.hidden/zod/src/v4/core/checks").$ZodCheck<never>'.
          The types of '_zod.def.when' are incompatible between these types.
            Type '((payload: import("C:/Users/kumar/Downloads/florma-hero/florma/actors/florma-3d-audit/node_modules.hidden/zod/v4/core/schemas").ParsePayload<unknown>) => boolean) | undefined' is not assignable to type '((payload: import("C:/Users/kumar/Downloads/florma-hero/florma/actors/florma-3d-audit/node_modules.hidden/zod/src/v4/core/schemas").ParsePayload<unknown>) => boolean) | undefined'.
              Type '(payload: import("C:/Users/kumar/Downloads/florma-hero/florma/actors/florma-3d-audit/node_modules.hidden/zod/v4/core/schemas").ParsePayload<unknown>) => boolean' is not assignable to type '(payload: import("C:/Users/kumar/Downloads/florma-hero/florma/actors/florma-3d-audit/node_modules.hidden/zod/src/v4/core/schemas").ParsePayload<unknown>) => boolean'.
                Types of parameters 'payload' and 'payload' are incompatible.
                  Type 'import("C:/Users/kumar/Downloads/florma-hero/florma/actors/florma-3d-audit/node_modules.hidden/zod/src/v4/core/schemas").ParsePayload<unknown>' is not assignable to type 'import("C:/Users/kumar/Downloads/florma-hero/florma/actors/florma-3d-audit/node_modules.hidden/zod/v4/core/schemas").ParsePayload<unknown>'.
                    Types of property 'issues' are incompatible.
                      Type '({ [x: string]: unknown; readonly keys: string[]; readonly code: "unrecognized_keys"; readonly input: Record<string, unknown> | undefined; readonly path?: PropertyKey[] | undefined; readonly message?: string | undefined; readonly inst?: $ZodType<...> | ... 1 more ... | undefined; readonly schema?: $ZodType<...> | un...' is not assignable to type '({ [x: string]: unknown; readonly code: "invalid_type"; readonly input: unknown; readonly expected: $ZodInvalidTypeExpected; readonly path?: PropertyKey[] | undefined; readonly message?: string | undefined; readonly inst?: $ZodType<...> | ... 1 more ... | undefined; readonly schema?: $ZodType<...> | undefined; reado...'.
                        Type '{ [x: string]: unknown; readonly keys: string[]; readonly code: "unrecognized_keys"; readonly input: Record<string, unknown> | undefined; readonly path?: PropertyKey[] | undefined; readonly message?: string | undefined; readonly inst?: $ZodType<...> | ... 1 more ... | undefined; readonly schema?: $ZodType<...> | und...' is not assignable to type '{ [x: string]: unknown; readonly code: "invalid_type"; readonly input: unknown; readonly expected: $ZodInvalidTypeExpected; readonly path?: PropertyKey[] | undefined; readonly message?: string | undefined; readonly inst?: $ZodType<...> | ... 1 more ... | undefined; readonly schema?: $ZodType<...> | undefined; readon...'.
                          Type '{ [x: string]: unknown; readonly keys: string[]; readonly code: "unrecognized_keys"; readonly input: Record<string, unknown> | undefined; readonly path?: PropertyKey[] | undefined; readonly message?: string | undefined; readonly inst?: $ZodType<...> | ... 1 more ... | undefined; readonly schema?: $ZodType<...> | und...' is not assignable to type '{ [x: string]: unknown; readonly code: "invalid_type"; readonly input: unknown; readonly expected: $ZodInvalidTypeExpected; readonly path?: PropertyKey[] | undefined; readonly message?: string | undefined; readonly inst?: $ZodType<...> | ... 1 more ... | undefined; readonly schema?: $ZodType<...> | undefined; readon...'.
                            Type '{ [x: string]: unknown; readonly keys: string[]; readonly code: "unrecognized_keys"; readonly input: Record<string, unknown> | undefined; readonly path?: PropertyKey[] | undefined; readonly message?: string | undefined; readonly inst?: import("C:/Users/kumar/Downloads/florma-hero/florma/actors/florma-3d-audit/node_m...' is not assignable to type '{ [x: string]: unknown; readonly keys: string[]; readonly code: "unrecognized_keys"; readonly input: Record<string, unknown> | undefined; readonly path?: PropertyKey[] | undefined; readonly message?: string | undefined; readonly inst?: import("C:/Users/kumar/Downloads/florma-hero/florma/actors/florma-3d-audit/node_m...'. Two different types with this name exist, but they are unrelated.
                              Types of property 'inst' are incompatible.
                                Type 'import("C:/Users/kumar/Downloads/florma-hero/florma/actors/florma-3d-audit/node_modules.hidden/zod/src/v4/core/schemas").$ZodType<unknown, unknown, import("C:/Users/kumar/Downloads/florma-hero/florma/actors/florma-3d-audit/node_modules.hidden/zod/src/v4/core/schemas").$ZodTypeInternals<unknown, unknown>> | import("C...' is not assignable to type 'import("C:/Users/kumar/Downloads/florma-hero/florma/actors/florma-3d-audit/node_modules.hidden/zod/v4/core/schemas").$ZodType<unknown, unknown, import("C:/Users/kumar/Downloads/florma-hero/florma/actors/florma-3d-audit/node_modules.hidden/zod/v4/core/schemas").$ZodTypeInternals<unknown, unknown>> | import("C:/Users/...'.
                                  Type '$ZodType<unknown, unknown, $ZodTypeInternals<unknown, unknown>>' is not assignable to type '$ZodType<unknown, unknown, $ZodTypeInternals<unknown, unknown>> | $ZodCheck<never> | undefined'.
                                    Property '_core' is missing in type 'import("C:/Users/kumar/Downloads/florma-hero/florma/actors/florma-3d-audit/node_modules.hidden/zod/src/v4/core/schemas").$ZodType<unknown, unknown, import("C:/Users/kumar/Downloads/florma-hero/florma/actors/florma-3d-audit/node_modules.hidden/zod/src/v4/core/schemas").$ZodTypeInternals<unknown, unknown>>' but required in type 'import("C:/Users/kumar/Downloads/florma-hero/florma/actors/florma-3d-audit/node_modules.hidden/zod/v4/core/schemas").$ZodType<unknown, unknown, import("C:/Users/kumar/Downloads/florma-hero/florma/actors/florma-3d-audit/node_modules.hidden/zod/v4/core/schemas").$ZodTypeInternals<unknown, unknown>>'.
actors/florma-3d-audit/node_modules.hidden/zod/src/v4/classic/tests/deep-partial.test.ts(51,20): error TS2339: Property 'parse' does not exist on type 'SomeType'.
actors/florma-3d-audit/node_modules.hidden/zod/src/v4/classic/tests/deep-partial.test.ts(52,20): error TS2339: Property 'parse' does not exist on type 'SomeType'.
actors/florma-3d-audit/node_modules.hidden/zod/src/v4/classic/tests/deep-partial.test.ts(60,33): error TS2345: Argument of type 'ZodType<unknown, unknown, $ZodTypeInternals<unknown, unknown>>' is not assignable to parameter of type 'SomeType'.
  The types of '_zod.def.checks' are incompatible between these types.
    Type 'import("C:/Users/kumar/Downloads/florma-hero/florma/actors/florma-3d-audit/node_modules.hidden/zod/v4/core/checks").$ZodCheck<never>[] | undefined' is not assignable to type 'import("C:/Users/kumar/Downloads/florma-hero/florma/actors/florma-3d-audit/node_modules.hidden/zod/src/v4/core/checks").$ZodCheck<never>[] | undefined'.
      Type 'import("C:/Users/kumar/Downloads/florma-hero/florma/actors/florma-3d-audit/node_modules.hidden/zod/v4/core/checks").$ZodCheck<never>[]' is not assignable to type 'import("C:/Users/kumar/Downloads/florma-hero/florma/actors/florma-3d-audit/node_modules.hidden/zod/src/v4/core/checks").$ZodCheck<never>[]'.
        Type 'import("C:/Users/kumar/Downloads/florma-hero/florma/actors/florma-3d-audit/node_modules.hidden/zod/v4/core/checks").$ZodCheck<never>' is not assignable to type 'import("C:/Users/kumar/Downloads/florma-hero/florma/actors/florma-3d-audit/node_modules.hidden/zod/src/v4/core/checks").$ZodCheck<never>'.
          The types of '_zod.def.when' are incompatible between these types.
            Type '((payload: import("C:/Users/kumar/Downloads/florma-hero/florma/actors/florma-3d-audit/node_modules.hidden/zod/v4/core/schemas").ParsePayload<unknown>) => boolean) | undefined' is not assignable to type '((payload: import("C:/Users/kumar/Downloads/florma-hero/florma/actors/florma-3d-audit/node_modules.hidden/zod/src/v4/core/schemas").ParsePayload<unknown>) => boolean) | undefined'.
              Type '(payload: import("C:/Users/kumar/Downloads/florma-hero/florma/actors/florma-3d-audit/node_modules.hidden/zod/v4/core/schemas").ParsePayload<unknown>) => boolean' is not assignable to type '(payload: import("C:/Users/kumar/Downloads/florma-hero/florma/actors/florma-3d-audit/node_modules.hidden/zod/src/v4/core/schemas").ParsePayload<unknown>) => boolean'.
                Types of parameters 'payload' and 'payload' are incompatible.
                  Type 'import("C:/Users/kumar/Downloads/florma-hero/florma/actors/florma-3d-audit/node_modules.hidden/zod/src/v4/core/schemas").ParsePayload<unknown>' is not assignable to type 'import("C:/Users/kumar/Downloads/florma-hero/florma/actors/florma-3d-audit/node_modules.hidden/zod/v4/core/schemas").ParsePayload<unknown>'.
                    Types of property 'issues' are incompatible.
                      Type '({ [x: string]: unknown; readonly keys: string[]; readonly code: "unrecognized_keys"; readonly input: Record<string, unknown> | undefined; readonly path?: PropertyKey[] | undefined; readonly message?: string | undefined; readonly inst?: $ZodType<...> | ... 1 more ... | undefined; readonly schema?: $ZodType<...> | un...' is not assignable to type '({ [x: string]: unknown; readonly code: "invalid_type"; readonly input: unknown; readonly expected: $ZodInvalidTypeExpected; readonly path?: PropertyKey[] | undefined; readonly message?: string | undefined; readonly inst?: $ZodType<...> | ... 1 more ... | undefined; readonly schema?: $ZodType<...> | undefined; reado...'.
                        Type '{ [x: string]: unknown; readonly keys: string[]; readonly code: "unrecognized_keys"; readonly input: Record<string, unknown> | undefined; readonly path?: PropertyKey[] | undefined; readonly message?: string | undefined; readonly inst?: $ZodType<...> | ... 1 more ... | undefined; readonly schema?: $ZodType<...> | und...' is not assignable to type '{ [x: string]: unknown; readonly code: "invalid_type"; readonly input: unknown; readonly expected: $ZodInvalidTypeExpected; readonly path?: PropertyKey[] | undefined; readonly message?: string | undefined; readonly inst?: $ZodType<...> | ... 1 more ... | undefined; readonly schema?: $ZodType<...> | undefined; readon...'.
                          Type '{ [x: string]: unknown; readonly keys: string[]; readonly code: "unrecognized_keys"; readonly input: Record<string, unknown> | undefined; readonly path?: PropertyKey[] | undefined; readonly message?: string | undefined; readonly inst?: $ZodType<...> | ... 1 more ... | undefined; readonly schema?: $ZodType<...> | und...' is not assignable to type '{ [x: string]: unknown; readonly code: "invalid_type"; readonly input: unknown; readonly expected: $ZodInvalidTypeExpected; readonly path?: PropertyKey[] | undefined; readonly message?: string | undefined; readonly inst?: $ZodType<...> | ... 1 more ... | undefined; readonly schema?: $ZodType<...> | undefined; readon...'.
                            Type '{ [x: string]: unknown; readonly keys: string[]; readonly code: "unrecognized_keys"; readonly input: Record<string, unknown> | undefined; readonly path?: PropertyKey[] | undefined; readonly message?: string | undefined; readonly inst?: import("C:/Users/kumar/Downloads/florma-hero/florma/actors/florma-3d-audit/node_m...' is not assignable to type '{ [x: string]: unknown; readonly keys: string[]; readonly code: "unrecognized_keys"; readonly input: Record<string, unknown> | undefined; readonly path?: PropertyKey[] | undefined; readonly message?: string | undefined; readonly inst?: import("C:/Users/kumar/Downloads/florma-hero/florma/actors/florma-3d-audit/node_m...'. Two different types with this name exist, but they are unrelated.
                              Types of property 'inst' are incompatible.
                                Type 'import("C:/Users/kumar/Downloads/florma-hero/florma/actors/florma-3d-audit/node_modules.hidden/zod/src/v4/core/schemas").$ZodType<unknown, unknown, import("C:/Users/kumar/Downloads/florma-hero/florma/actors/florma-3d-audit/node_modules.hidden/zod/src/v4/core/schemas").$ZodTypeInternals<unknown, unknown>> | import("C...' is not assignable to type 'import("C:/Users/kumar/Downloads/florma-hero/florma/actors/florma-3d-audit/node_modules.hidden/zod/v4/core/schemas").$ZodType<unknown, unknown, import("C:/Users/kumar/Downloads/florma-hero/florma/actors/florma-3d-audit/node_modules.hidden/zod/v4/core/schemas").$ZodTypeInternals<unknown, unknown>> | import("C:/Users/...'.
                                  Type '$ZodType<unknown, unknown, $ZodTypeInternals<unknown, unknown>>' is not assignable to type '$ZodType<unknown, unknown, $ZodTypeInternals<unknown, unknown>> | $ZodCheck<never> | undefined'.
                                    Property '_core' is missing in type 'import("C:/Users/kumar/Downloads/florma-hero/florma/actors/florma-3d-audit/node_modules.hidden/zod/src/v4/core/schemas").$ZodType<unknown, unknown, import("C:/Users/kumar/Downloads/florma-hero/florma/actors/florma-3d-audit/node_modules.hidden/zod/src/v4/core/schemas").$ZodTypeInternals<unknown, unknown>>' but required in type 'import("C:/Users/kumar/Downloads/florma-hero/florma/actors/florma-3d-audit/node_modules.hidden/zod/v4/core/schemas").$ZodType<unknown, unknown, import("C:/Users/kumar/Downloads/florma-hero/florma/actors/florma-3d-audit/node_modules.hidden/zod/v4/core/schemas").$ZodTypeInternals<unknown, unknown>>'.
actors/florma-3d-audit/node_modules.hidden/zod/src/v4/classic/tests/deep-partial.test.ts(61,20): error TS2339: Property 'parse' does not exist on type 'SomeType'.
actors/florma-3d-audit/node_modules.hidden/zod/src/v4/classic/tests/deep-partial.test.ts(62,20): error TS2339: Property 'parse' does not exist on type 'SomeType'.
actors/florma-3d-audit/node_modules.hidden/zod/src/v4/classic/tests/deep-partial.test.ts(66,20): error TS2339: Property 'parse' does not exist on type 'SomeType'.
actors/florma-3d-audit/node_modules.hidden/zod/src/v4/classic/tests/deep-partial.test.ts(71,33): error TS2345: Argument of type 'ZodObject<{ a: ZodString; b: ZodNumber; }, $strip>' is not assignable to parameter of type 'SomeType'.
  The types of '_zod.def.checks' are incompatible between these types.
    Type 'import("C:/Users/kumar/Downloads/florma-hero/florma/actors/florma-3d-audit/node_modules.hidden/zod/v4/core/checks").$ZodCheck<never>[] | undefined' is not assignable to type 'import("C:/Users/kumar/Downloads/florma-hero/florma/actors/florma-3d-audit/node_modules.hidden/zod/src/v4/core/checks").$ZodCheck<never>[] | undefined'.
      Type 'import("C:/Users/kumar/Downloads/florma-hero/florma/actors/florma-3d-audit/node_modules.hidden/zod/v4/core/checks").$ZodCheck<never>[]' is not assignable to type 'import("C:/Users/kumar/Downloads/florma-hero/florma/actors/florma-3d-audit/node_modules.hidden/zod/src/v4/core/checks").$ZodCheck<never>[]'.
        Type 'import("C:/Users/kumar/Downloads/florma-hero/florma/actors/florma-3d-audit/node_modules.hidden/zod/v4/core/checks").$ZodCheck<never>' is not assignable to type 'import("C:/Users/kumar/Downloads/florma-hero/florma/actors/florma-3d-audit/node_modules.hidden/zod/src/v4/core/checks").$ZodCheck<never>'.
          The types of '_zod.def.when' are incompatible between these types.
            Type '((payload: import("C:/Users/kumar/Downloads/florma-hero/florma/actors/florma-3d-audit/node_modules.hidden/zod/v4/core/schemas").ParsePayload<unknown>) => boolean) | undefined' is not assignable to type '((payload: import("C:/Users/kumar/Downloads/florma-hero/florma/actors/florma-3d-audit/node_modules.hidden/zod/src/v4/core/schemas").ParsePayload<unknown>) => boolean) | undefined'.
              Type '(payload: import("C:/Users/kumar/Downloads/florma-hero/florma/actors/florma-3d-audit/node_modules.hidden/zod/v4/core/schemas").ParsePayload<unknown>) => boolean' is not assignable to type '(payload: import("C:/Users/kumar/Downloads/florma-hero/florma/actors/florma-3d-audit/node_modules.hidden/zod/src/v4/core/schemas").ParsePayload<unknown>) => boolean'.
                Types of parameters 'payload' and 'payload' are incompatible.
                  Type 'import("C:/Users/kumar/Downloads/florma-hero/florma/actors/florma-3d-audit/node_modules.hidden/zod/src/v4/core/schemas").ParsePayload<unknown>' is not assignable to type 'import("C:/Users/kumar/Downloads/florma-hero/florma/actors/florma-3d-audit/node_modules.hidden/zod/v4/core/schemas").ParsePayload<unknown>'.
                    Types of property 'issues' are incompatible.
                      Type '({ [x: string]: unknown; readonly keys: string[]; readonly code: "unrecognized_keys"; readonly input: Record<string, unknown> | undefined; readonly path?: PropertyKey[] | undefined; readonly message?: string | undefined; readonly inst?: $ZodType<...> | ... 1 more ... | undefined; readonly schema?: $ZodType<...> | un...' is not assignable to type '({ [x: string]: unknown; readonly code: "invalid_type"; readonly input: unknown; readonly expected: $ZodInvalidTypeExpected; readonly path?: PropertyKey[] | undefined; readonly message?: string | undefined; readonly inst?: $ZodType<...> | ... 1 more ... | undefined; readonly schema?: $ZodType<...> | undefined; reado...'.
                        Type '{ [x: string]: unknown; readonly keys: string[]; readonly code: "unrecognized_keys"; readonly input: Record<string, unknown> | undefined; readonly path?: PropertyKey[] | undefined; readonly message?: string | undefined; readonly inst?: $ZodType<...> | ... 1 more ... | undefined; readonly schema?: $ZodType<...> | und...' is not assignable to type '{ [x: string]: unknown; readonly code: "invalid_type"; readonly input: unknown; readonly expected: $ZodInvalidTypeExpected; readonly path?: PropertyKey[] | undefined; readonly message?: string | undefined; readonly inst?: $ZodType<...> | ... 1 more ... | undefined; readonly schema?: $ZodType<...> | undefined; readon...'.
                          Type '{ [x: string]: unknown; readonly keys: string[]; readonly code: "unrecognized_keys"; readonly input: Record<string, unknown> | undefined; readonly path?: PropertyKey[] | undefined; readonly message?: string | undefined; readonly inst?: $ZodType<...> | ... 1 more ... | undefined; readonly schema?: $ZodType<...> | und...' is not assignable to type '{ [x: string]: unknown; readonly code: "invalid_type"; readonly input: unknown; readonly expected: $ZodInvalidTypeExpected; readonly path?: PropertyKey[] | undefined; readonly message?: string | undefined; readonly inst?: $ZodType<...> | ... 1 more ... | undefined; readonly schema?: $ZodType<...> | undefined; readon...'.
                            Type '{ [x: string]: unknown; readonly keys: string[]; readonly code: "unrecognized_keys"; readonly input: Record<string, unknown> | undefined; readonly path?: PropertyKey[] | undefined; readonly message?: string | undefined; readonly inst?: import("C:/Users/kumar/Downloads/florma-hero/florma/actors/florma-3d-audit/node_m...' is not assignable to type '{ [x: string]: unknown; readonly keys: string[]; readonly code: "unrecognized_keys"; readonly input: Record<string, unknown> | undefined; readonly path?: PropertyKey[] | undefined; readonly message?: string | undefined; readonly inst?: import("C:/Users/kumar/Downloads/florma-hero/florma/actors/florma-3d-audit/node_m...'. Two different types with this name exist, but they are unrelated.
                              Types of property 'inst' are incompatible.
                                Type 'import("C:/Users/kumar/Downloads/florma-hero/florma/actors/florma-3d-audit/node_modules.hidden/zod/src/v4/core/schemas").$ZodType<unknown, unknown, import("C:/Users/kumar/Downloads/florma-hero/florma/actors/florma-3d-audit/node_modules.hidden/zod/src/v4/core/schemas").$ZodTypeInternals<unknown, unknown>> | import("C...' is not assignable to type 'import("C:/Users/kumar/Downloads/florma-hero/florma/actors/florma-3d-audit/node_modules.hidden/zod/v4/core/schemas").$ZodType<unknown, unknown, import("C:/Users/kumar/Downloads/florma-hero/florma/actors/florma-3d-audit/node_modules.hidden/zod/v4/core/schemas").$ZodTypeInternals<unknown, unknown>> | import("C:/Users/...'.
                                  Type '$ZodType<unknown, unknown, $ZodTypeInternals<unknown, unknown>>' is not assignable to type '$ZodType<unknown, unknown, $ZodTypeInternals<unknown, unknown>> | $ZodCheck<never> | undefined'.
                                    Property '_core' is missing in type 'import("C:/Users/kumar/Downloads/florma-hero/florma/actors/florma-3d-audit/node_modules.hidden/zod/src/v4/core/schemas").$ZodType<unknown, unknown, import("C:/Users/kumar/Downloads/florma-hero/florma/actors/florma-3d-audit/node_modules.hidden/zod/src/v4/core/schemas").$ZodTypeInternals<unknown, unknown>>' but required in type 'import("C:/Users/kumar/Downloads/florma-hero/florma/actors/florma-3d-audit/node_modules.hidden/zod/v4/core/schemas").$ZodType<unknown, unknown, import("C:/Users/kumar/Downloads/florma-hero/florma/actors/florma-3d-audit/node_modules.hidden/zod/v4/core/schemas").$ZodTypeInternals<unknown, unknown>>'.
actors/florma-3d-audit/node_modules.hidden/zod/src/v4/classic/tests/deep-partial.test.ts(72,26): error TS2339: Property 'parse' does not exist on type 'SomeType'.
actors/florma-3d-audit/node_modules.hidden/zod/src/v4/classic/tests/deep-partial.test.ts(73,26): error TS2339: Property 'parse' does not exist on type 'SomeType'.
actors/florma-3d-audit/node_modules.hidden/zod/src/v4/classic/tests/deep-partial.test.ts(74,20): error TS2339: Property 'parse' does not exist on type 'SomeType'.
actors/florma-3d-audit/node_modules.hidden/zod/src/v4/classic/tests/deep-partial.test.ts(83,33): error TS2345: Argument of type 'ZodObject<{ name: ZodString; profile: ZodObject<{ bio: ZodString; }, $strip>; }, $strip>' is not assignable to parameter of type 'SomeType'.
  The types of '_zod.def.checks' are incompatible between these types.
    Type 'import("C:/Users/kumar/Downloads/florma-hero/florma/actors/florma-3d-audit/node_modules.hidden/zod/v4/core/checks").$ZodCheck<never>[] | undefined' is not assignable to type 'import("C:/Users/kumar/Downloads/florma-hero/florma/actors/florma-3d-audit/node_modules.hidden/zod/src/v4/core/checks").$ZodCheck<never>[] | undefined'.
      Type 'import("C:/Users/kumar/Downloads/florma-hero/florma/actors/florma-3d-audit/node_modules.hidden/zod/v4/core/checks").$ZodCheck<never>[]' is not assignable to type 'import("C:/Users/kumar/Downloads/florma-hero/florma/actors/florma-3d-audit/node_modules.hidden/zod/src/v4/core/checks").$ZodCheck<never>[]'.
        Type 'import("C:/Users/kumar/Downloads/florma-hero/florma/actors/florma-3d-audit/node_modules.hidden/zod/v4/core/checks").$ZodCheck<never>' is not assignable to type 'import("C:/Users/kumar/Downloads/florma-hero/florma/actors/florma-3d-audit/node_modules.hidden/zod/src/v4/core/checks").$ZodCheck<never>'.
          The types of '_zod.def.when' are incompatible between these types.
            Type '((payload: import("C:/Users/kumar/Downloads/florma-hero/florma/actors/florma-3d-audit/node_modules.hidden/zod/v4/core/schemas").ParsePayload<unknown>) => boolean) | undefined' is not assignable to type '((payload: import("C:/Users/kumar/Downloads/florma-hero/florma/actors/florma-3d-audit/node_modules.hidden/zod/src/v4/core/schemas").ParsePayload<unknown>) => boolean) | undefined'.
              Type '(payload: import("C:/Users/kumar/Downloads/florma-hero/florma/actors/florma-3d-audit/node_modules.hidden/zod/v4/core/schemas").ParsePayload<unknown>) => boolean' is not assignable to type '(payload: import("C:/Users/kumar/Downloads/florma-hero/florma/actors/florma-3d-audit/node_modules.hidden/zod/src/v4/core/schemas").ParsePayload<unknown>) => boolean'.
                Types of parameters 'payload' and 'payload' are incompatible.
                  Type 'import("C:/Users/kumar/Downloads/florma-hero/florma/actors/florma-3d-audit/node_modules.hidden/zod/src/v4/core/schemas").ParsePayload<unknown>' is not assignable to type 'import("C:/Users/kumar/Downloads/florma-hero/florma/actors/florma-3d-audit/node_modules.hidden/zod/v4/core/schemas").ParsePayload<unknown>'.
                    Types of property 'issues' are incompatible.
                      Type '({ [x: string]: unknown; readonly keys: string[]; readonly code: "unrecognized_keys"; readonly input: Record<string, unknown> | undefined; readonly path?: PropertyKey[] | undefined; readonly message?: string | undefined; readonly inst?: $ZodType<...> | ... 1 more ... | undefined; readonly schema?: $ZodType<...> | un...' is not assignable to type '({ [x: string]: unknown; readonly code: "invalid_type"; readonly input: unknown; readonly expected: $ZodInvalidTypeExpected; readonly path?: PropertyKey[] | undefined; readonly message?: string | undefined; readonly inst?: $ZodType<...> | ... 1 more ... | undefined; readonly schema?: $ZodType<...> | undefined; reado...'.
                        Type '{ [x: string]: unknown; readonly keys: string[]; readonly code: "unrecognized_keys"; readonly input: Record<string, unknown> | undefined; readonly path?: PropertyKey[] | undefined; readonly message?: string | undefined; readonly inst?: $ZodType<...> | ... 1 more ... | undefined; readonly schema?: $ZodType<...> | und...' is not assignable to type '{ [x: string]: unknown; readonly code: "invalid_type"; readonly input: unknown; readonly expected: $ZodInvalidTypeExpected; readonly path?: PropertyKey[] | undefined; readonly message?: string | undefined; readonly inst?: $ZodType<...> | ... 1 more ... | undefined; readonly schema?: $ZodType<...> | undefined; readon...'.
                          Type '{ [x: string]: unknown; readonly keys: string[]; readonly code: "unrecognized_keys"; readonly input: Record<string, unknown> | undefined; readonly path?: PropertyKey[] | undefined; readonly message?: string | undefined; readonly inst?: $ZodType<...> | ... 1 more ... | undefined; readonly schema?: $ZodType<...> | und...' is not assignable to type '{ [x: string]: unknown; readonly code: "invalid_type"; readonly input: unknown; readonly expected: $ZodInvalidTypeExpected; readonly path?: PropertyKey[] | undefined; readonly message?: string | undefined; readonly inst?: $ZodType<...> | ... 1 more ... | undefined; readonly schema?: $ZodType<...> | undefined; readon...'.
                            Type '{ [x: string]: unknown; readonly keys: string[]; readonly code: "unrecognized_keys"; readonly input: Record<string, unknown> | undefined; readonly path?: PropertyKey[] | undefined; readonly message?: string | undefined; readonly inst?: import("C:/Users/kumar/Downloads/florma-hero/florma/actors/florma-3d-audit/node_m...' is not assignable to type '{ [x: string]: unknown; readonly keys: string[]; readonly code: "unrecognized_keys"; readonly input: Record<string, unknown> | undefined; readonly path?: PropertyKey[] | undefined; readonly message?: string | undefined; readonly inst?: import("C:/Users/kumar/Downloads/florma-hero/florma/actors/florma-3d-audit/node_m...'. Two different types with this name exist, but they are unrelated.
                              Types of property 'inst' are incompatible.
                                Type 'import("C:/Users/kumar/Downloads/florma-hero/florma/actors/florma-3d-audit/node_modules.hidden/zod/src/v4/core/schemas").$ZodType<unknown, unknown, import("C:/Users/kumar/Downloads/florma-hero/florma/actors/florma-3d-audit/node_modules.hidden/zod/src/v4/core/schemas").$ZodTypeInternals<unknown, unknown>> | import("C...' is not assignable to type 'import("C:/Users/kumar/Downloads/florma-hero/florma/actors/florma-3d-audit/node_modules.hidden/zod/v4/core/schemas").$ZodType<unknown, unknown, import("C:/Users/kumar/Downloads/florma-hero/florma/actors/florma-3d-audit/node_modules.hidden/zod/v4/core/schemas").$ZodTypeInternals<unknown, unknown>> | import("C:/Users/...'.
                                  Type '$ZodType<unknown, unknown, $ZodTypeInternals<unknown, unknown>>' is not assignable to type '$ZodType<unknown, unknown, $ZodTypeInternals<unknown, unknown>> | $ZodCheck<never> | undefined'.
                                    Property '_core' is missing in type 'import("C:/Users/kumar/Downloads/florma-hero/florma/actors/florma-3d-audit/node_modules.hidden/zod/src/v4/core/schemas").$ZodType<unknown, unknown, import("C:/Users/kumar/Downloads/florma-hero/florma/actors/florma-3d-audit/node_modules.hidden/zod/src/v4/core/schemas").$ZodTypeInternals<unknown, unknown>>' but required in type 'import("C:/Users/kumar/Downloads/florma-hero/florma/actors/florma-3d-audit/node_modules.hidden/zod/v4/core/schemas").$ZodType<unknown, unknown, import("C:/Users/kumar/Downloads/florma-hero/florma/actors/florma-3d-audit/node_modules.hidden/zod/v4/core/schemas").$ZodTypeInternals<unknown, unknown>>'.
actors/florma-3d-audit/node_modules.hidden/zod/src/v4/classic/tests/deep-partial.test.ts(93,33): error TS2345: Argument of type 'ZodObject<{ name: ZodString; nested: ZodObject<{ age: ZodNumber; }, $strip>; }, $strip>' is not assignable to parameter of type 'SomeType'.
  The types of '_zod.def.checks' are incompatible between these types.
    Type 'import("C:/Users/kumar/Downloads/florma-hero/florma/actors/florma-3d-audit/node_modules.hidden/zod/v4/core/checks").$ZodCheck<never>[] | undefined' is not assignable to type 'import("C:/Users/kumar/Downloads/florma-hero/florma/actors/florma-3d-audit/node_modules.hidden/zod/src/v4/core/checks").$ZodCheck<never>[] | undefined'.
      Type 'import("C:/Users/kumar/Downloads/florma-hero/florma/actors/florma-3d-audit/node_modules.hidden/zod/v4/core/checks").$ZodCheck<never>[]' is not assignable to type 'import("C:/Users/kumar/Downloads/florma-hero/florma/actors/florma-3d-audit/node_modules.hidden/zod/src/v4/core/checks").$ZodCheck<never>[]'.
        Type 'import("C:/Users/kumar/Downloads/florma-hero/florma/actors/florma-3d-audit/node_modules.hidden/zod/v4/core/checks").$ZodCheck<never>' is not assignable to type 'import("C:/Users/kumar/Downloads/florma-hero/florma/actors/florma-3d-audit/node_modules.hidden/zod/src/v4/core/checks").$ZodCheck<never>'.
          The types of '_zod.def.when' are incompatible between these types.
            Type '((payload: import("C:/Users/kumar/Downloads/florma-hero/florma/actors/florma-3d-audit/node_modules.hidden/zod/v4/core/schemas").ParsePayload<unknown>) => boolean) | undefined' is not assignable to type '((payload: import("C:/Users/kumar/Downloads/florma-hero/florma/actors/florma-3d-audit/node_modules.hidden/zod/src/v4/core/schemas").ParsePayload<unknown>) => boolean) | undefined'.
              Type '(payload: import("C:/Users/kumar/Downloads/florma-hero/florma/actors/florma-3d-audit/node_modules.hidden/zod/v4/core/schemas").ParsePayload<unknown>) => boolean' is not assignable to type '(payload: import("C:/Users/kumar/Downloads/florma-hero/florma/actors/florma-3d-audit/node_modules.hidden/zod/src/v4/core/schemas").ParsePayload<unknown>) => boolean'.
                Types of parameters 'payload' and 'payload' are incompatible.
                  Type 'import("C:/Users/kumar/Downloads/florma-hero/florma/actors/florma-3d-audit/node_modules.hidden/zod/src/v4/core/schemas").ParsePayload<unknown>' is not assignable to type 'import("C:/Users/kumar/Downloads/florma-hero/florma/actors/florma-3d-audit/node_modules.hidden/zod/v4/core/schemas").ParsePayload<unknown>'.
                    Types of property 'issues' are incompatible.
                      Type '({ [x: string]: unknown; readonly keys: string[]; readonly code: "unrecognized_keys"; readonly input: Record<string, unknown> | undefined; readonly path?: PropertyKey[] | undefined; readonly message?: string | undefined; readonly inst?: $ZodType<...> | ... 1 more ... | undefined; readonly schema?: $ZodType<...> | un...' is not assignable to type '({ [x: string]: unknown; readonly code: "invalid_type"; readonly input: unknown; readonly expected: $ZodInvalidTypeExpected; readonly path?: PropertyKey[] | undefined; readonly message?: string | undefined; readonly inst?: $ZodType<...> | ... 1 more ... | undefined; readonly schema?: $ZodType<...> | undefined; reado...'.
                        Type '{ [x: string]: unknown; readonly keys: string[]; readonly code: "unrecognized_keys"; readonly input: Record<string, unknown> | undefined; readonly path?: PropertyKey[] | undefined; readonly message?: string | undefined; readonly inst?: $ZodType<...> | ... 1 more ... | undefined; readonly schema?: $ZodType<...> | und...' is not assignable to type '{ [x: string]: unknown; readonly code: "invalid_type"; readonly input: unknown; readonly expected: $ZodInvalidTypeExpected; readonly path?: PropertyKey[] | undefined; readonly message?: string | undefined; readonly inst?: $ZodType<...> | ... 1 more ... | undefined; readonly schema?: $ZodType<...> | undefined; readon...'.
                          Type '{ [x: string]: unknown; readonly keys: string[]; readonly code: "unrecognized_keys"; readonly input: Record<string, unknown> | undefined; readonly path?: PropertyKey[] | undefined; readonly message?: string | undefined; readonly inst?: $ZodType<...> | ... 1 more ... | undefined; readonly schema?: $ZodType<...> | und...' is not assignable to type '{ [x: string]: unknown; readonly code: "invalid_type"; readonly input: unknown; readonly expected: $ZodInvalidTypeExpected; readonly path?: PropertyKey[] | undefined; readonly message?: string | undefined; readonly inst?: $ZodType<...> | ... 1 more ... | undefined; readonly schema?: $ZodType<...> | undefined; readon...'.
                            Type '{ [x: string]: unknown; readonly keys: string[]; readonly code: "unrecognized_keys"; readonly input: Record<string, unknown> | undefined; readonly path?: PropertyKey[] | undefined; readonly message?: string | undefined; readonly inst?: import("C:/Users/kumar/Downloads/florma-hero/florma/actors/florma-3d-audit/node_m...' is not assignable to type '{ [x: string]: unknown; readonly keys: string[]; readonly code: "unrecognized_keys"; readonly input: Record<string, unknown> | undefined; readonly path?: PropertyKey[] | undefined; readonly message?: string | undefined; readonly inst?: import("C:/Users/kumar/Downloads/florma-hero/florma/actors/florma-3d-audit/node_m...'. Two different types with this name exist, but they are unrelated.
                              Types of property 'inst' are incompatible.
                                Type 'import("C:/Users/kumar/Downloads/florma-hero/florma/actors/florma-3d-audit/node_modules.hidden/zod/src/v4/core/schemas").$ZodType<unknown, unknown, import("C:/Users/kumar/Downloads/florma-hero/florma/actors/florma-3d-audit/node_modules.hidden/zod/src/v4/core/schemas").$ZodTypeInternals<unknown, unknown>> | import("C...' is not assignable to type 'import("C:/Users/kumar/Downloads/florma-hero/florma/actors/florma-3d-audit/node_modules.hidden/zod/v4/core/schemas").$ZodType<unknown, unknown, import("C:/Users/kumar/Downloads/florma-hero/florma/actors/florma-3d-audit/node_modules.hidden/zod/v4/core/schemas").$ZodTypeInternals<unknown, unknown>> | import("C:/Users/...'.
                                  Type '$ZodType<unknown, unknown, $ZodTypeInternals<unknown, unknown>>' is not assignable to type '$ZodType<unknown, unknown, $ZodTypeInternals<unknown, unknown>> | $ZodCheck<never> | undefined'.
                                    Property '_core' is missing in type 'import("C:/Users/kumar/Downloads/florma-hero/florma/actors/florma-3d-audit/node_modules.hidden/zod/src/v4/core/schemas").$ZodType<unknown, unknown, import("C:/Users/kumar/Downloads/florma-hero/florma/actors/florma-3d-audit/node_modules.hidden/zod/src/v4/core/schemas").$ZodTypeInternals<unknown, unknown>>' but required in type 'import("C:/Users/kumar/Downloads/florma-hero/florma/actors/florma-3d-audit/node_modules.hidden/zod/v4/core/schemas").$ZodType<unknown, unknown, import("C:/Users/kumar/Downloads/florma-hero/florma/actors/florma-3d-audit/node_modules.hidden/zod/v4/core/schemas").$ZodTypeInternals<unknown, unknown>>'.
actors/florma-3d-audit/node_modules.hidden/zod/src/v4/classic/tests/deep-partial.test.ts(96,26): error TS2339: Property 'shape' does not exist on type 'SomeType'.
actors/florma-3d-audit/node_modules.hidden/zod/src/v4/classic/tests/deep-partial.test.ts(97,26): error TS2339: Property 'shape' does not exist on type 'SomeType'.
actors/florma-3d-audit/node_modules.hidden/zod/src/v4/classic/tests/deep-partial.test.ts(99,32): error TS2339: Property 'shape' does not exist on type 'SomeType'.
actors/florma-3d-audit/node_modules.hidden/zod/src/v4/classic/tests/deep-partial.test.ts(110,33): error TS2345: Argument of type 'ZodObject<{ name: ZodString; subcategories: ZodOptional<ZodArray<ZodObject<..., $strip>>>; }, $strip>' is not assignable to parameter of type 'SomeType'.
  The types of '_zod.def.checks' are incompatible between these types.
    Type 'import("C:/Users/kumar/Downloads/florma-hero/florma/actors/florma-3d-audit/node_modules.hidden/zod/v4/core/checks").$ZodCheck<never>[] | undefined' is not assignable to type 'import("C:/Users/kumar/Downloads/florma-hero/florma/actors/florma-3d-audit/node_modules.hidden/zod/src/v4/core/checks").$ZodCheck<never>[] | undefined'.
      Type 'import("C:/Users/kumar/Downloads/florma-hero/florma/actors/florma-3d-audit/node_modules.hidden/zod/v4/core/checks").$ZodCheck<never>[]' is not assignable to type 'import("C:/Users/kumar/Downloads/florma-hero/florma/actors/florma-3d-audit/node_modules.hidden/zod/src/v4/core/checks").$ZodCheck<never>[]'.
        Type 'import("C:/Users/kumar/Downloads/florma-hero/florma/actors/florma-3d-audit/node_modules.hidden/zod/v4/core/checks").$ZodCheck<never>' is not assignable to type 'import("C:/Users/kumar/Downloads/florma-hero/florma/actors/florma-3d-audit/node_modules.hidden/zod/src/v4/core/checks").$ZodCheck<never>'.
          The types of '_zod.def.when' are incompatible between these types.
            Type '((payload: import("C:/Users/kumar/Downloads/florma-hero/florma/actors/florma-3d-audit/node_modules.hidden/zod/v4/core/schemas").ParsePayload<unknown>) => boolean) | undefined' is not assignable to type '((payload: import("C:/Users/kumar/Downloads/florma-hero/florma/actors/florma-3d-audit/node_modules.hidden/zod/src/v4/core/schemas").ParsePayload<unknown>) => boolean) | undefined'.
              Type '(payload: import("C:/Users/kumar/Downloads/florma-hero/florma/actors/florma-3d-audit/node_modules.hidden/zod/v4/core/schemas").ParsePayload<unknown>) => boolean' is not assignable to type '(payload: import("C:/Users/kumar/Downloads/florma-hero/florma/actors/florma-3d-audit/node_modules.hidden/zod/src/v4/core/schemas").ParsePayload<unknown>) => boolean'.
                Types of parameters 'payload' and 'payload' are incompatible.
                  Type 'import("C:/Users/kumar/Downloads/florma-hero/florma/actors/florma-3d-audit/node_modules.hidden/zod/src/v4/core/schemas").ParsePayload<unknown>' is not assignable to type 'import("C:/Users/kumar/Downloads/florma-hero/florma/actors/florma-3d-audit/node_modules.hidden/zod/v4/core/schemas").ParsePayload<unknown>'.
                    Types of property 'issues' are incompatible.
                      Type '({ [x: string]: unknown; readonly keys: string[]; readonly code: "unrecognized_keys"; readonly input: Record<string, unknown> | undefined; readonly path?: PropertyKey[] | undefined; readonly message?: string | undefined; readonly inst?: $ZodType<...> | ... 1 more ... | undefined; readonly schema?: $ZodType<...> | un...' is not assignable to type '({ [x: string]: unknown; readonly code: "invalid_type"; readonly input: unknown; readonly expected: $ZodInvalidTypeExpected; readonly path?: PropertyKey[] | undefined; readonly message?: string | undefined; readonly inst?: $ZodType<...> | ... 1 more ... | undefined; readonly schema?: $ZodType<...> | undefined; reado...'.
                        Type '{ [x: string]: unknown; readonly keys: string[]; readonly code: "unrecognized_keys"; readonly input: Record<string, unknown> | undefined; readonly path?: PropertyKey[] | undefined; readonly message?: string | undefined; readonly inst?: $ZodType<...> | ... 1 more ... | undefined; readonly schema?: $ZodType<...> | und...' is not assignable to type '{ [x: string]: unknown; readonly code: "invalid_type"; readonly input: unknown; readonly expected: $ZodInvalidTypeExpected; readonly path?: PropertyKey[] | undefined; readonly message?: string | undefined; readonly inst?: $ZodType<...> | ... 1 more ... | undefined; readonly schema?: $ZodType<...> | undefined; readon...'.
                          Type '{ [x: string]: unknown; readonly keys: string[]; readonly code: "unrecognized_keys"; readonly input: Record<string, unknown> | undefined; readonly path?: PropertyKey[] | undefined; readonly message?: string | undefined; readonly inst?: $ZodType<...> | ... 1 more ... | undefined; readonly schema?: $ZodType<...> | und...' is not assignable to type '{ [x: string]: unknown; readonly code: "invalid_type"; readonly input: unknown; readonly expected: $ZodInvalidTypeExpected; readonly path?: PropertyKey[] | undefined; readonly message?: string | undefined; readonly inst?: $ZodType<...> | ... 1 more ... | undefined; readonly schema?: $ZodType<...> | undefined; readon...'.
                            Type '{ [x: string]: unknown; readonly keys: string[]; readonly code: "unrecognized_keys"; readonly input: Record<string, unknown> | undefined; readonly path?: PropertyKey[] | undefined; readonly message?: string | undefined; readonly inst?: import("C:/Users/kumar/Downloads/florma-hero/florma/actors/florma-3d-audit/node_m...' is not assignable to type '{ [x: string]: unknown; readonly keys: string[]; readonly code: "unrecognized_keys"; readonly input: Record<string, unknown> | undefined; readonly path?: PropertyKey[] | undefined; readonly message?: string | undefined; readonly inst?: import("C:/Users/kumar/Downloads/florma-hero/florma/actors/florma-3d-audit/node_m...'. Two different types with this name exist, but they are unrelated.
                              Types of property 'inst' are incompatible.
                                Type 'import("C:/Users/kumar/Downloads/florma-hero/florma/actors/florma-3d-audit/node_modules.hidden/zod/src/v4/core/schemas").$ZodType<unknown, unknown, import("C:/Users/kumar/Downloads/florma-hero/florma/actors/florma-3d-audit/node_modules.hidden/zod/src/v4/core/schemas").$ZodTypeInternals<unknown, unknown>> | import("C...' is not assignable to type 'import("C:/Users/kumar/Downloads/florma-hero/florma/actors/florma-3d-audit/node_modules.hidden/zod/v4/core/schemas").$ZodType<unknown, unknown, import("C:/Users/kumar/Downloads/florma-hero/florma/actors/florma-3d-audit/node_modules.hidden/zod/v4/core/schemas").$ZodTypeInternals<unknown, unknown>> | import("C:/Users/...'.
                                  Type '$ZodType<unknown, unknown, $ZodTypeInternals<unknown, unknown>>' is not assignable to type '$ZodType<unknown, unknown, $ZodTypeInternals<unknown, unknown>> | $ZodCheck<never> | undefined'.
                                    Property '_core' is missing in type 'import("C:/Users/kumar/Downloads/florma-hero/florma/actors/florma-3d-audit/node_modules.hidden/zod/src/v4/core/schemas").$ZodType<unknown, unknown, import("C:/Users/kumar/Downloads/florma-hero/florma/actors/florma-3d-audit/node_modules.hidden/zod/src/v4/core/schemas").$ZodTypeInternals<unknown, unknown>>' but required in type 'import("C:/Users/kumar/Downloads/florma-hero/florma/actors/florma-3d-audit/node_modules.hidden/zod/v4/core/schemas").$ZodType<unknown, unknown, import("C:/Users/kumar/Downloads/florma-hero/florma/actors/florma-3d-audit/node_modules.hidden/zod/v4/core/schemas").$ZodTypeInternals<unknown, unknown>>'.
actors/florma-3d-audit/node_modules.hidden/zod/src/v4/classic/tests/deep-partial.test.ts(113,20): error TS2339: Property 'parse' does not exist on type 'SomeType'.
actors/florma-3d-audit/node_modules.hidden/zod/src/v4/classic/tests/deep-partial.test.ts(117,29): error TS2345: Argument of type 'ZodArray<ZodObject<{ a: ZodString; }, $strip>>' is not assignable to parameter of type 'SomeType'.
  The types of '_zod.def.checks' are incompatible between these types.
    Type 'import("C:/Users/kumar/Downloads/florma-hero/florma/actors/florma-3d-audit/node_modules.hidden/zod/v4/core/checks").$ZodCheck<never>[] | undefined' is not assignable to type 'import("C:/Users/kumar/Downloads/florma-hero/florma/actors/florma-3d-audit/node_modules.hidden/zod/src/v4/core/checks").$ZodCheck<never>[] | undefined'.
      Type 'import("C:/Users/kumar/Downloads/florma-hero/florma/actors/florma-3d-audit/node_modules.hidden/zod/v4/core/checks").$ZodCheck<never>[]' is not assignable to type 'import("C:/Users/kumar/Downloads/florma-hero/florma/actors/florma-3d-audit/node_modules.hidden/zod/src/v4/core/checks").$ZodCheck<never>[]'.
        Type 'import("C:/Users/kumar/Downloads/florma-hero/florma/actors/florma-3d-audit/node_modules.hidden/zod/v4/core/checks").$ZodCheck<never>' is not assignable to type 'import("C:/Users/kumar/Downloads/florma-hero/florma/actors/florma-3d-audit/node_modules.hidden/zod/src/v4/core/checks").$ZodCheck<never>'.
          The types of '_zod.def.when' are incompatible between these types.
            Type '((payload: import("C:/Users/kumar/Downloads/florma-hero/florma/actors/florma-3d-audit/node_modules.hidden/zod/v4/core/schemas").ParsePayload<unknown>) => boolean) | undefined' is not assignable to type '((payload: import("C:/Users/kumar/Downloads/florma-hero/florma/actors/florma-3d-audit/node_modules.hidden/zod/src/v4/core/schemas").ParsePayload<unknown>) => boolean) | undefined'.
              Type '(payload: import("C:/Users/kumar/Downloads/florma-hero/florma/actors/florma-3d-audit/node_modules.hidden/zod/v4/core/schemas").ParsePayload<unknown>) => boolean' is not assignable to type '(payload: import("C:/Users/kumar/Downloads/florma-hero/florma/actors/florma-3d-audit/node_modules.hidden/zod/src/v4/core/schemas").ParsePayload<unknown>) => boolean'.
                Types of parameters 'payload' and 'payload' are incompatible.
                  Type 'import("C:/Users/kumar/Downloads/florma-hero/florma/actors/florma-3d-audit/node_modules.hidden/zod/src/v4/core/schemas").ParsePayload<unknown>' is not assignable to type 'import("C:/Users/kumar/Downloads/florma-hero/florma/actors/florma-3d-audit/node_modules.hidden/zod/v4/core/schemas").ParsePayload<unknown>'.
                    Types of property 'issues' are incompatible.
                      Type '({ [x: string]: unknown; readonly keys: string[]; readonly code: "unrecognized_keys"; readonly input: Record<string, unknown> | undefined; readonly path?: PropertyKey[] | undefined; readonly message?: string | undefined; readonly inst?: $ZodType<...> | ... 1 more ... | undefined; readonly schema?: $ZodType<...> | un...' is not assignable to type '({ [x: string]: unknown; readonly code: "invalid_type"; readonly input: unknown; readonly expected: $ZodInvalidTypeExpected; readonly path?: PropertyKey[] | undefined; readonly message?: string | undefined; readonly inst?: $ZodType<...> | ... 1 more ... | undefined; readonly schema?: $ZodType<...> | undefined; reado...'.
                        Type '{ [x: string]: unknown; readonly keys: string[]; readonly code: "unrecognized_keys"; readonly input: Record<string, unknown> | undefined; readonly path?: PropertyKey[] | undefined; readonly message?: string | undefined; readonly inst?: $ZodType<...> | ... 1 more ... | undefined; readonly schema?: $ZodType<...> | und...' is not assignable to type '{ [x: string]: unknown; readonly code: "invalid_type"; readonly input: unknown; readonly expected: $ZodInvalidTypeExpected; readonly path?: PropertyKey[] | undefined; readonly message?: string | undefined; readonly inst?: $ZodType<...> | ... 1 more ... | undefined; readonly schema?: $ZodType<...> | undefined; readon...'.
                          Type '{ [x: string]: unknown; readonly keys: string[]; readonly code: "unrecognized_keys"; readonly input: Record<string, unknown> | undefined; readonly path?: PropertyKey[] | undefined; readonly message?: string | undefined; readonly inst?: $ZodType<...> | ... 1 more ... | undefined; readonly schema?: $ZodType<...> | und...' is not assignable to type '{ [x: string]: unknown; readonly code: "invalid_type"; readonly input: unknown; readonly expected: $ZodInvalidTypeExpected; readonly path?: PropertyKey[] | undefined; readonly message?: string | undefined; readonly inst?: $ZodType<...> | ... 1 more ... | undefined; readonly schema?: $ZodType<...> | undefined; readon...'.
                            Type '{ [x: string]: unknown; readonly keys: string[]; readonly code: "unrecognized_keys"; readonly input: Record<string, unknown> | undefined; readonly path?: PropertyKey[] | undefined; readonly message?: string | undefined; readonly inst?: import("C:/Users/kumar/Downloads/florma-hero/florma/actors/florma-3d-audit/node_m...' is not assignable to type '{ [x: string]: unknown; readonly keys: string[]; readonly code: "unrecognized_keys"; readonly input: Record<string, unknown> | undefined; readonly path?: PropertyKey[] | undefined; readonly message?: string | undefined; readonly inst?: import("C:/Users/kumar/Downloads/florma-hero/florma/actors/florma-3d-audit/node_m...'. Two different types with this name exist, but they are unrelated.
                              Types of property 'inst' are incompatible.
                                Type 'import("C:/Users/kumar/Downloads/florma-hero/florma/actors/florma-3d-audit/node_modules.hidden/zod/src/v4/core/schemas").$ZodType<unknown, unknown, import("C:/Users/kumar/Downloads/florma-hero/florma/actors/florma-3d-audit/node_modules.hidden/zod/src/v4/core/schemas").$ZodTypeInternals<unknown, unknown>> | import("C...' is not assignable to type 'import("C:/Users/kumar/Downloads/florma-hero/florma/actors/florma-3d-audit/node_modules.hidden/zod/v4/core/schemas").$ZodType<unknown, unknown, import("C:/Users/kumar/Downloads/florma-hero/florma/actors/florma-3d-audit/node_modules.hidden/zod/v4/core/schemas").$ZodTypeInternals<unknown, unknown>> | import("C:/Users/...'.
                                  Type '$ZodType<unknown, unknown, $ZodTypeInternals<unknown, unknown>>' is not assignable to type '$ZodType<unknown, unknown, $ZodTypeInternals<unknown, unknown>> | $ZodCheck<never> | undefined'.
                                    Property '_core' is missing in type 'import("C:/Users/kumar/Downloads/florma-hero/florma/actors/florma-3d-audit/node_modules.hidden/zod/src/v4/core/schemas").$ZodType<unknown, unknown, import("C:/Users/kumar/Downloads/florma-hero/florma/actors/florma-3d-audit/node_modules.hidden/zod/src/v4/core/schemas").$ZodTypeInternals<unknown, unknown>>' but required in type 'import("C:/Users/kumar/Downloads/florma-hero/florma/actors/florma-3d-audit/node_modules.hidden/zod/v4/core/schemas").$ZodType<unknown, unknown, import("C:/Users/kumar/Downloads/florma-hero/florma/actors/florma-3d-audit/node_modules.hidden/zod/v4/core/schemas").$ZodTypeInternals<unknown, unknown>>'.
actors/florma-3d-audit/node_modules.hidden/zod/src/v4/classic/tests/deep-partial.test.ts(120,29): error TS2345: Argument of type 'ZodTuple<[ZodObject<{ a: ZodString; }, $strip>, ZodObject<{ b: ZodNumber; }, $strip>], null>' is not assignable to parameter of type 'SomeType'.
  The types of '_zod.def.checks' are incompatible between these types.
    Type 'import("C:/Users/kumar/Downloads/florma-hero/florma/actors/florma-3d-audit/node_modules.hidden/zod/v4/core/checks").$ZodCheck<never>[] | undefined' is not assignable to type 'import("C:/Users/kumar/Downloads/florma-hero/florma/actors/florma-3d-audit/node_modules.hidden/zod/src/v4/core/checks").$ZodCheck<never>[] | undefined'.
      Type 'import("C:/Users/kumar/Downloads/florma-hero/florma/actors/florma-3d-audit/node_modules.hidden/zod/v4/core/checks").$ZodCheck<never>[]' is not assignable to type 'import("C:/Users/kumar/Downloads/florma-hero/florma/actors/florma-3d-audit/node_modules.hidden/zod/src/v4/core/checks").$ZodCheck<never>[]'.
        Type 'import("C:/Users/kumar/Downloads/florma-hero/florma/actors/florma-3d-audit/node_modules.hidden/zod/v4/core/checks").$ZodCheck<never>' is not assignable to type 'import("C:/Users/kumar/Downloads/florma-hero/florma/actors/florma-3d-audit/node_modules.hidden/zod/src/v4/core/checks").$ZodCheck<never>'.
          The types of '_zod.def.when' are incompatible between these types.
            Type '((payload: import("C:/Users/kumar/Downloads/florma-hero/florma/actors/florma-3d-audit/node_modules.hidden/zod/v4/core/schemas").ParsePayload<unknown>) => boolean) | undefined' is not assignable to type '((payload: import("C:/Users/kumar/Downloads/florma-hero/florma/actors/florma-3d-audit/node_modules.hidden/zod/src/v4/core/schemas").ParsePayload<unknown>) => boolean) | undefined'.
              Type '(payload: import("C:/Users/kumar/Downloads/florma-hero/florma/actors/florma-3d-audit/node_modules.hidden/zod/v4/core/schemas").ParsePayload<unknown>) => boolean' is not assignable to type '(payload: import("C:/Users/kumar/Downloads/florma-hero/florma/actors/florma-3d-audit/node_modules.hidden/zod/src/v4/core/schemas").ParsePayload<unknown>) => boolean'.
                Types of parameters 'payload' and 'payload' are incompatible.
                  Type 'import("C:/Users/kumar/Downloads/florma-hero/florma/actors/florma-3d-audit/node_modules.hidden/zod/src/v4/core/schemas").ParsePayload<unknown>' is not assignable to type 'import("C:/Users/kumar/Downloads/florma-hero/florma/actors/florma-3d-audit/node_modules.hidden/zod/v4/core/schemas").ParsePayload<unknown>'.
                    Types of property 'issues' are incompatible.
                      Type '({ [x: string]: unknown; readonly keys: string[]; readonly code: "unrecognized_keys"; readonly input: Record<string, unknown> | undefined; readonly path?: PropertyKey[] | undefined; readonly message?: string | undefined; readonly inst?: $ZodType<...> | ... 1 more ... | undefined; readonly schema?: $ZodType<...> | un...' is not assignable to type '({ [x: string]: unknown; readonly code: "invalid_type"; readonly input: unknown; readonly expected: $ZodInvalidTypeExpected; readonly path?: PropertyKey[] | undefined; readonly message?: string | undefined; readonly inst?: $ZodType<...> | ... 1 more ... | undefined; readonly schema?: $ZodType<...> | undefined; reado...'.
                        Type '{ [x: string]: unknown; readonly keys: string[]; readonly code: "unrecognized_keys"; readonly input: Record<string, unknown> | undefined; readonly path?: PropertyKey[] | undefined; readonly message?: string | undefined; readonly inst?: $ZodType<...> | ... 1 more ... | undefined; readonly schema?: $ZodType<...> | und...' is not assignable to type '{ [x: string]: unknown; readonly code: "invalid_type"; readonly input: unknown; readonly expected: $ZodInvalidTypeExpected; readonly path?: PropertyKey[] | undefined; readonly message?: string | undefined; readonly inst?: $ZodType<...> | ... 1 more ... | undefined; readonly schema?: $ZodType<...> | undefined; readon...'.
                          Type '{ [x: string]: unknown; readonly keys: string[]; readonly code: "unrecognized_keys"; readonly input: Record<string, unknown> | undefined; readonly path?: PropertyKey[] | undefined; readonly message?: string | undefined; readonly inst?: $ZodType<...> | ... 1 more ... | undefined; readonly schema?: $ZodType<...> | und...' is not assignable to type '{ [x: string]: unknown; readonly code: "invalid_type"; readonly input: unknown; readonly expected: $ZodInvalidTypeExpected; readonly path?: PropertyKey[] | undefined; readonly message?: string | undefined; readonly inst?: $ZodType<...> | ... 1 more ... | undefined; readonly schema?: $ZodType<...> | undefined; readon...'.
                            Type '{ [x: string]: unknown; readonly keys: string[]; readonly code: "unrecognized_keys"; readonly input: Record<string, unknown> | undefined; readonly path?: PropertyKey[] | undefined; readonly message?: string | undefined; readonly inst?: import("C:/Users/kumar/Downloads/florma-hero/florma/actors/florma-3d-audit/node_m...' is not assignable to type '{ [x: string]: unknown; readonly keys: string[]; readonly code: "unrecognized_keys"; readonly input: Record<string, unknown> | undefined; readonly path?: PropertyKey[] | undefined; readonly message?: string | undefined; readonly inst?: import("C:/Users/kumar/Downloads/florma-hero/florma/actors/florma-3d-audit/node_m...'. Two different types with this name exist, but they are unrelated.
                              Types of property 'inst' are incompatible.
                                Type 'import("C:/Users/kumar/Downloads/florma-hero/florma/actors/florma-3d-audit/node_modules.hidden/zod/src/v4/core/schemas").$ZodType<unknown, unknown, import("C:/Users/kumar/Downloads/florma-hero/florma/actors/florma-3d-audit/node_modules.hidden/zod/src/v4/core/schemas").$ZodTypeInternals<unknown, unknown>> | import("C...' is not assignable to type 'import("C:/Users/kumar/Downloads/florma-hero/florma/actors/florma-3d-audit/node_modules.hidden/zod/v4/core/schemas").$ZodType<unknown, unknown, import("C:/Users/kumar/Downloads/florma-hero/florma/actors/florma-3d-audit/node_modules.hidden/zod/v4/core/schemas").$ZodTypeInternals<unknown, unknown>> | import("C:/Users/...'.
                                  Type '$ZodType<unknown, unknown, $ZodTypeInternals<unknown, unknown>>' is not assignable to type '$ZodType<unknown, unknown, $ZodTypeInternals<unknown, unknown>> | $ZodCheck<never> | undefined'.
                                    Property '_core' is missing in type 'import("C:/Users/kumar/Downloads/florma-hero/florma/actors/florma-3d-audit/node_modules.hidden/zod/src/v4/core/schemas").$ZodType<unknown, unknown, import("C:/Users/kumar/Downloads/florma-hero/florma/actors/florma-3d-audit/node_modules.hidden/zod/src/v4/core/schemas").$ZodTypeInternals<unknown, unknown>>' but required in type 'import("C:/Users/kumar/Downloads/florma-hero/florma/actors/florma-3d-audit/node_modules.hidden/zod/v4/core/schemas").$ZodType<unknown, unknown, import("C:/Users/kumar/Downloads/florma-hero/florma/actors/florma-3d-audit/node_modules.hidden/zod/v4/core/schemas").$ZodTypeInternals<unknown, unknown>>'.
actors/florma-3d-audit/node_modules.hidden/zod/src/v4/classic/tests/deep-partial.test.ts(123,29): error TS2345: Argument of type 'ZodUnion<readonly [ZodObject<{ a: ZodString; }, $strip>, ZodObject<{ b: ZodNumber; }, $strip>]>' is not assignable to parameter of type 'SomeType'.
  The types of '_zod.def.checks' are incompatible between these types.
    Type 'import("C:/Users/kumar/Downloads/florma-hero/florma/actors/florma-3d-audit/node_modules.hidden/zod/v4/core/checks").$ZodCheck<never>[] | undefined' is not assignable to type 'import("C:/Users/kumar/Downloads/florma-hero/florma/actors/florma-3d-audit/node_modules.hidden/zod/src/v4/core/checks").$ZodCheck<never>[] | undefined'.
      Type 'import("C:/Users/kumar/Downloads/florma-hero/florma/actors/florma-3d-audit/node_modules.hidden/zod/v4/core/checks").$ZodCheck<never>[]' is not assignable to type 'import("C:/Users/kumar/Downloads/florma-hero/florma/actors/florma-3d-audit/node_modules.hidden/zod/src/v4/core/checks").$ZodCheck<never>[]'.
        Type 'import("C:/Users/kumar/Downloads/florma-hero/florma/actors/florma-3d-audit/node_modules.hidden/zod/v4/core/checks").$ZodCheck<never>' is not assignable to type 'import("C:/Users/kumar/Downloads/florma-hero/florma/actors/florma-3d-audit/node_modules.hidden/zod/src/v4/core/checks").$ZodCheck<never>'.
          The types of '_zod.def.when' are incompatible between these types.
            Type '((payload: import("C:/Users/kumar/Downloads/florma-hero/florma/actors/florma-3d-audit/node_modules.hidden/zod/v4/core/schemas").ParsePayload<unknown>) => boolean) | undefined' is not assignable to type '((payload: import("C:/Users/kumar/Downloads/florma-hero/florma/actors/florma-3d-audit/node_modules.hidden/zod/src/v4/core/schemas").ParsePayload<unknown>) => boolean) | undefined'.
              Type '(payload: import("C:/Users/kumar/Downloads/florma-hero/florma/actors/florma-3d-audit/node_modules.hidden/zod/v4/core/schemas").ParsePayload<unknown>) => boolean' is not assignable to type '(payload: import("C:/Users/kumar/Downloads/florma-hero/florma/actors/florma-3d-audit/node_modules.hidden/zod/src/v4/core/schemas").ParsePayload<unknown>) => boolean'.
                Types of parameters 'payload' and 'payload' are incompatible.
                  Type 'import("C:/Users/kumar/Downloads/florma-hero/florma/actors/florma-3d-audit/node_modules.hidden/zod/src/v4/core/schemas").ParsePayload<unknown>' is not assignable to type 'import("C:/Users/kumar/Downloads/florma-hero/florma/actors/florma-3d-audit/node_modules.hidden/zod/v4/core/schemas").ParsePayload<unknown>'.
                    Types of property 'issues' are incompatible.
                      Type '({ [x: string]: unknown; readonly keys: string[]; readonly code: "unrecognized_keys"; readonly input: Record<string, unknown> | undefined; readonly path?: PropertyKey[] | undefined; readonly message?: string | undefined; readonly inst?: $ZodType<...> | ... 1 more ... | undefined; readonly schema?: $ZodType<...> | un...' is not assignable to type '({ [x: string]: unknown; readonly code: "invalid_type"; readonly input: unknown; readonly expected: $ZodInvalidTypeExpected; readonly path?: PropertyKey[] | undefined; readonly message?: string | undefined; readonly inst?: $ZodType<...> | ... 1 more ... | undefined; readonly schema?: $ZodType<...> | undefined; reado...'.
                        Type '{ [x: string]: unknown; readonly keys: string[]; readonly code: "unrecognized_keys"; readonly input: Record<string, unknown> | undefined; readonly path?: PropertyKey[] | undefined; readonly message?: string | undefined; readonly inst?: $ZodType<...> | ... 1 more ... | undefined; readonly schema?: $ZodType<...> | und...' is not assignable to type '{ [x: string]: unknown; readonly code: "invalid_type"; readonly input: unknown; readonly expected: $ZodInvalidTypeExpected; readonly path?: PropertyKey[] | undefined; readonly message?: string | undefined; readonly inst?: $ZodType<...> | ... 1 more ... | undefined; readonly schema?: $ZodType<...> | undefined; readon...'.
                          Type '{ [x: string]: unknown; readonly keys: string[]; readonly code: "unrecognized_keys"; readonly input: Record<string, unknown> | undefined; readonly path?: PropertyKey[] | undefined; readonly message?: string | undefined; readonly inst?: $ZodType<...> | ... 1 more ... | undefined; readonly schema?: $ZodType<...> | und...' is not assignable to type '{ [x: string]: unknown; readonly code: "invalid_type"; readonly input: unknown; readonly expected: $ZodInvalidTypeExpected; readonly path?: PropertyKey[] | undefined; readonly message?: string | undefined; readonly inst?: $ZodType<...> | ... 1 more ... | undefined; readonly schema?: $ZodType<...> | undefined; readon...'.
                            Type '{ [x: string]: unknown; readonly keys: string[]; readonly code: "unrecognized_keys"; readonly input: Record<string, unknown> | undefined; readonly path?: PropertyKey[] | undefined; readonly message?: string | undefined; readonly inst?: import("C:/Users/kumar/Downloads/florma-hero/florma/actors/florma-3d-audit/node_m...' is not assignable to type '{ [x: string]: unknown; readonly keys: string[]; readonly code: "unrecognized_keys"; readonly input: Record<string, unknown> | undefined; readonly path?: PropertyKey[] | undefined; readonly message?: string | undefined; readonly inst?: import("C:/Users/kumar/Downloads/florma-hero/florma/actors/florma-3d-audit/node_m...'. Two different types with this name exist, but they are unrelated.
                              Types of property 'inst' are incompatible.
                                Type 'import("C:/Users/kumar/Downloads/florma-hero/florma/actors/florma-3d-audit/node_modules.hidden/zod/src/v4/core/schemas").$ZodType<unknown, unknown, import("C:/Users/kumar/Downloads/florma-hero/florma/actors/florma-3d-audit/node_modules.hidden/zod/src/v4/core/schemas").$ZodTypeInternals<unknown, unknown>> | import("C...' is not assignable to type 'import("C:/Users/kumar/Downloads/florma-hero/florma/actors/florma-3d-audit/node_modules.hidden/zod/v4/core/schemas").$ZodType<unknown, unknown, import("C:/Users/kumar/Downloads/florma-hero/florma/actors/florma-3d-audit/node_modules.hidden/zod/v4/core/schemas").$ZodTypeInternals<unknown, unknown>> | import("C:/Users/...'.
                                  Type '$ZodType<unknown, unknown, $ZodTypeInternals<unknown, unknown>>' is not assignable to type '$ZodType<unknown, unknown, $ZodTypeInternals<unknown, unknown>> | $ZodCheck<never> | undefined'.
                                    Property '_core' is missing in type 'import("C:/Users/kumar/Downloads/florma-hero/florma/actors/florma-3d-audit/node_modules.hidden/zod/src/v4/core/schemas").$ZodType<unknown, unknown, import("C:/Users/kumar/Downloads/florma-hero/florma/actors/florma-3d-audit/node_modules.hidden/zod/src/v4/core/schemas").$ZodTypeInternals<unknown, unknown>>' but required in type 'import("C:/Users/kumar/Downloads/florma-hero/florma/actors/florma-3d-audit/node_modules.hidden/zod/v4/core/schemas").$ZodType<unknown, unknown, import("C:/Users/kumar/Downloads/florma-hero/florma/actors/florma-3d-audit/node_modules.hidden/zod/v4/core/schemas").$ZodTypeInternals<unknown, unknown>>'.
actors/florma-3d-audit/node_modules.hidden/zod/src/v4/classic/tests/deep-partial.test.ts(135,33): error TS2345: Argument of type 'ZodObject<{ a: ZodObject<{ b: ZodObject<{ c: ZodObject<{ d: ZodString; }, $strip>; }, $strip>; }, $strip>; }, $strip>' is not assignable to parameter of type 'SomeType'.
  The types of '_zod.def.checks' are incompatible between these types.
    Type 'import("C:/Users/kumar/Downloads/florma-hero/florma/actors/florma-3d-audit/node_modules.hidden/zod/v4/core/checks").$ZodCheck<never>[] | undefined' is not assignable to type 'import("C:/Users/kumar/Downloads/florma-hero/florma/actors/florma-3d-audit/node_modules.hidden/zod/src/v4/core/checks").$ZodCheck<never>[] | undefined'.
      Type 'import("C:/Users/kumar/Downloads/florma-hero/florma/actors/florma-3d-audit/node_modules.hidden/zod/v4/core/checks").$ZodCheck<never>[]' is not assignable to type 'import("C:/Users/kumar/Downloads/florma-hero/florma/actors/florma-3d-audit/node_modules.hidden/zod/src/v4/core/checks").$ZodCheck<never>[]'.
        Type 'import("C:/Users/kumar/Downloads/florma-hero/florma/actors/florma-3d-audit/node_modules.hidden/zod/v4/core/checks").$ZodCheck<never>' is not assignable to type 'import("C:/Users/kumar/Downloads/florma-hero/florma/actors/florma-3d-audit/node_modules.hidden/zod/src/v4/core/checks").$ZodCheck<never>'.
          The types of '_zod.def.when' are incompatible between these types.
            Type '((payload: import("C:/Users/kumar/Downloads/florma-hero/florma/actors/florma-3d-audit/node_modules.hidden/zod/v4/core/schemas").ParsePayload<unknown>) => boolean) | undefined' is not assignable to type '((payload: import("C:/Users/kumar/Downloads/florma-hero/florma/actors/florma-3d-audit/node_modules.hidden/zod/src/v4/core/schemas").ParsePayload<unknown>) => boolean) | undefined'.
              Type '(payload: import("C:/Users/kumar/Downloads/florma-hero/florma/actors/florma-3d-audit/node_modules.hidden/zod/v4/core/schemas").ParsePayload<unknown>) => boolean' is not assignable to type '(payload: import("C:/Users/kumar/Downloads/florma-hero/florma/actors/florma-3d-audit/node_modules.hidden/zod/src/v4/core/schemas").ParsePayload<unknown>) => boolean'.
                Types of parameters 'payload' and 'payload' are incompatible.
                  Type 'import("C:/Users/kumar/Downloads/florma-hero/florma/actors/florma-3d-audit/node_modules.hidden/zod/src/v4/core/schemas").ParsePayload<unknown>' is not assignable to type 'import("C:/Users/kumar/Downloads/florma-hero/florma/actors/florma-3d-audit/node_modules.hidden/zod/v4/core/schemas").ParsePayload<unknown>'.
                    Types of property 'issues' are incompatible.
                      Type '({ [x: string]: unknown; readonly keys: string[]; readonly code: "unrecognized_keys"; readonly input: Record<string, unknown> | undefined; readonly path?: PropertyKey[] | undefined; readonly message?: string | undefined; readonly inst?: $ZodType<...> | ... 1 more ... | undefined; readonly schema?: $ZodType<...> | un...' is not assignable to type '({ [x: string]: unknown; readonly code: "invalid_type"; readonly input: unknown; readonly expected: $ZodInvalidTypeExpected; readonly path?: PropertyKey[] | undefined; readonly message?: string | undefined; readonly inst?: $ZodType<...> | ... 1 more ... | undefined; readonly schema?: $ZodType<...> | undefined; reado...'.
                        Type '{ [x: string]: unknown; readonly keys: string[]; readonly code: "unrecognized_keys"; readonly input: Record<string, unknown> | undefined; readonly path?: PropertyKey[] | undefined; readonly message?: string | undefined; readonly inst?: $ZodType<...> | ... 1 more ... | undefined; readonly schema?: $ZodType<...> | und...' is not assignable to type '{ [x: string]: unknown; readonly code: "invalid_type"; readonly input: unknown; readonly expected: $ZodInvalidTypeExpected; readonly path?: PropertyKey[] | undefined; readonly message?: string | undefined; readonly inst?: $ZodType<...> | ... 1 more ... | undefined; readonly schema?: $ZodType<...> | undefined; readon...'.
                          Type '{ [x: string]: unknown; readonly keys: string[]; readonly code: "unrecognized_keys"; readonly input: Record<string, unknown> | undefined; readonly path?: PropertyKey[] | undefined; readonly message?: string | undefined; readonly inst?: $ZodType<...> | ... 1 more ... | undefined; readonly schema?: $ZodType<...> | und...' is not assignable to type '{ [x: string]: unknown; readonly code: "invalid_type"; readonly input: unknown; readonly expected: $ZodInvalidTypeExpected; readonly path?: PropertyKey[] | undefined; readonly message?: string | undefined; readonly inst?: $ZodType<...> | ... 1 more ... | undefined; readonly schema?: $ZodType<...> | undefined; readon...'.
                            Type '{ [x: string]: unknown; readonly keys: string[]; readonly code: "unrecognized_keys"; readonly input: Record<string, unknown> | undefined; readonly path?: PropertyKey[] | undefined; readonly message?: string | undefined; readonly inst?: import("C:/Users/kumar/Downloads/florma-hero/florma/actors/florma-3d-audit/node_m...' is not assignable to type '{ [x: string]: unknown; readonly keys: string[]; readonly code: "unrecognized_keys"; readonly input: Record<string, unknown> | undefined; readonly path?: PropertyKey[] | undefined; readonly message?: string | undefined; readonly inst?: import("C:/Users/kumar/Downloads/florma-hero/florma/actors/florma-3d-audit/node_m...'. Two different types with this name exist, but they are unrelated.
                              Types of property 'inst' are incompatible.
                                Type 'import("C:/Users/kumar/Downloads/florma-hero/florma/actors/florma-3d-audit/node_modules.hidden/zod/src/v4/core/schemas").$ZodType<unknown, unknown, import("C:/Users/kumar/Downloads/florma-hero/florma/actors/florma-3d-audit/node_modules.hidden/zod/src/v4/core/schemas").$ZodTypeInternals<unknown, unknown>> | import("C...' is not assignable to type 'import("C:/Users/kumar/Downloads/florma-hero/florma/actors/florma-3d-audit/node_modules.hidden/zod/v4/core/schemas").$ZodType<unknown, unknown, import("C:/Users/kumar/Downloads/florma-hero/florma/actors/florma-3d-audit/node_modules.hidden/zod/v4/core/schemas").$ZodTypeInternals<unknown, unknown>> | import("C:/Users/...'.
                                  Type '$ZodType<unknown, unknown, $ZodTypeInternals<unknown, unknown>>' is not assignable to type '$ZodType<unknown, unknown, $ZodTypeInternals<unknown, unknown>> | $ZodCheck<never> | undefined'.
                                    Property '_core' is missing in type 'import("C:/Users/kumar/Downloads/florma-hero/florma/actors/florma-3d-audit/node_modules.hidden/zod/src/v4/core/schemas").$ZodType<unknown, unknown, import("C:/Users/kumar/Downloads/florma-hero/florma/actors/florma-3d-audit/node_modules.hidden/zod/src/v4/core/schemas").$ZodTypeInternals<unknown, unknown>>' but required in type 'import("C:/Users/kumar/Downloads/florma-hero/florma/actors/florma-3d-audit/node_modules.hidden/zod/v4/core/schemas").$ZodType<unknown, unknown, import("C:/Users/kumar/Downloads/florma-hero/florma/actors/florma-3d-audit/node_modules.hidden/zod/v4/core/schemas").$ZodTypeInternals<unknown, unknown>>'.
actors/florma-3d-audit/node_modules.hidden/zod/src/v4/classic/tests/deep-partial.test.ts(136,20): error TS2339: Property 'parse' does not exist on type 'SomeType'.
actors/florma-3d-audit/node_modules.hidden/zod/src/v4/classic/tests/deep-partial.test.ts(137,20): error TS2339: Property 'parse' does not exist on type 'SomeType'.
actors/florma-3d-audit/node_modules.hidden/zod/src/v4/classic/tests/deep-partial.test.ts(138,20): error TS2339: Property 'parse' does not exist on type 'SomeType'.
actors/florma-3d-audit/node_modules.hidden/zod/src/v4/classic/tests/deep-partial.test.ts(146,33): error TS2345: Argument of type 'ZodDiscriminatedUnion<[ZodObject<{ kind: ZodLiteral<"a">; a: ZodString; }, $strip>, ZodObject<{ kind: ZodLiteral<"b">; b: ZodNumber; }, $strip>], "kind">' is not assignable to parameter of type 'SomeType'.
  The types of '_zod.def.checks' are incompatible between these types.
    Type 'import("C:/Users/kumar/Downloads/florma-hero/florma/actors/florma-3d-audit/node_modules.hidden/zod/v4/core/checks").$ZodCheck<never>[] | undefined' is not assignable to type 'import("C:/Users/kumar/Downloads/florma-hero/florma/actors/florma-3d-audit/node_modules.hidden/zod/src/v4/core/checks").$ZodCheck<never>[] | undefined'.
      Type 'import("C:/Users/kumar/Downloads/florma-hero/florma/actors/florma-3d-audit/node_modules.hidden/zod/v4/core/checks").$ZodCheck<never>[]' is not assignable to type 'import("C:/Users/kumar/Downloads/florma-hero/florma/actors/florma-3d-audit/node_modules.hidden/zod/src/v4/core/checks").$ZodCheck<never>[]'.
        Type 'import("C:/Users/kumar/Downloads/florma-hero/florma/actors/florma-3d-audit/node_modules.hidden/zod/v4/core/checks").$ZodCheck<never>' is not assignable to type 'import("C:/Users/kumar/Downloads/florma-hero/florma/actors/florma-3d-audit/node_modules.hidden/zod/src/v4/core/checks").$ZodCheck<never>'.
          The types of '_zod.def.when' are incompatible between these types.
            Type '((payload: import("C:/Users/kumar/Downloads/florma-hero/florma/actors/florma-3d-audit/node_modules.hidden/zod/v4/core/schemas").ParsePayload<unknown>) => boolean) | undefined' is not assignable to type '((payload: import("C:/Users/kumar/Downloads/florma-hero/florma/actors/florma-3d-audit/node_modules.hidden/zod/src/v4/core/schemas").ParsePayload<unknown>) => boolean) | undefined'.
              Type '(payload: import("C:/Users/kumar/Downloads/florma-hero/florma/actors/florma-3d-audit/node_modules.hidden/zod/v4/core/schemas").ParsePayload<unknown>) => boolean' is not assignable to type '(payload: import("C:/Users/kumar/Downloads/florma-hero/florma/actors/florma-3d-audit/node_modules.hidden/zod/src/v4/core/schemas").ParsePayload<unknown>) => boolean'.
                Types of parameters 'payload' and 'payload' are incompatible.
                  Type 'import("C:/Users/kumar/Downloads/florma-hero/florma/actors/florma-3d-audit/node_modules.hidden/zod/src/v4/core/schemas").ParsePayload<unknown>' is not assignable to type 'import("C:/Users/kumar/Downloads/florma-hero/florma/actors/florma-3d-audit/node_modules.hidden/zod/v4/core/schemas").ParsePayload<unknown>'.
                    Types of property 'issues' are incompatible.
                      Type '({ [x: string]: unknown; readonly keys: string[]; readonly code: "unrecognized_keys"; readonly input: Record<string, unknown> | undefined; readonly path?: PropertyKey[] | undefined; readonly message?: string | undefined; readonly inst?: $ZodType<...> | ... 1 more ... | undefined; readonly schema?: $ZodType<...> | un...' is not assignable to type '({ [x: string]: unknown; readonly code: "invalid_type"; readonly input: unknown; readonly expected: $ZodInvalidTypeExpected; readonly path?: PropertyKey[] | undefined; readonly message?: string | undefined; readonly inst?: $ZodType<...> | ... 1 more ... | undefined; readonly schema?: $ZodType<...> | undefined; reado...'.
                        Type '{ [x: string]: unknown; readonly keys: string[]; readonly code: "unrecognized_keys"; readonly input: Record<string, unknown> | undefined; readonly path?: PropertyKey[] | undefined; readonly message?: string | undefined; readonly inst?: $ZodType<...> | ... 1 more ... | undefined; readonly schema?: $ZodType<...> | und...' is not assignable to type '{ [x: string]: unknown; readonly code: "invalid_type"; readonly input: unknown; readonly expected: $ZodInvalidTypeExpected; readonly path?: PropertyKey[] | undefined; readonly message?: string | undefined; readonly inst?: $ZodType<...> | ... 1 more ... | undefined; readonly schema?: $ZodType<...> | undefined; readon...'.
                          Type '{ [x: string]: unknown; readonly keys: string[]; readonly code: "unrecognized_keys"; readonly input: Record<string, unknown> | undefined; readonly path?: PropertyKey[] | undefined; readonly message?: string | undefined; readonly inst?: $ZodType<...> | ... 1 more ... | undefined; readonly schema?: $ZodType<...> | und...' is not assignable to type '{ [x: string]: unknown; readonly code: "invalid_type"; readonly input: unknown; readonly expected: $ZodInvalidTypeExpected; readonly path?: PropertyKey[] | undefined; readonly message?: string | undefined; readonly inst?: $ZodType<...> | ... 1 more ... | undefined; readonly schema?: $ZodType<...> | undefined; readon...'.
                            Type '{ [x: string]: unknown; readonly keys: string[]; readonly code: "unrecognized_keys"; readonly input: Record<string, unknown> | undefined; readonly path?: PropertyKey[] | undefined; readonly message?: string | undefined; readonly inst?: import("C:/Users/kumar/Downloads/florma-hero/florma/actors/florma-3d-audit/node_m...' is not assignable to type '{ [x: string]: unknown; readonly keys: string[]; readonly code: "unrecognized_keys"; readonly input: Record<string, unknown> | undefined; readonly path?: PropertyKey[] | undefined; readonly message?: string | undefined; readonly inst?: import("C:/Users/kumar/Downloads/florma-hero/florma/actors/florma-3d-audit/node_m...'. Two different types with this name exist, but they are unrelated.
                              Types of property 'inst' are incompatible.
                                Type 'import("C:/Users/kumar/Downloads/florma-hero/florma/actors/florma-3d-audit/node_modules.hidden/zod/src/v4/core/schemas").$ZodType<unknown, unknown, import("C:/Users/kumar/Downloads/florma-hero/florma/actors/florma-3d-audit/node_modules.hidden/zod/src/v4/core/schemas").$ZodTypeInternals<unknown, unknown>> | import("C...' is not assignable to type 'import("C:/Users/kumar/Downloads/florma-hero/florma/actors/florma-3d-audit/node_modules.hidden/zod/v4/core/schemas").$ZodType<unknown, unknown, import("C:/Users/kumar/Downloads/florma-hero/florma/actors/florma-3d-audit/node_modules.hidden/zod/v4/core/schemas").$ZodTypeInternals<unknown, unknown>> | import("C:/Users/...'.
                                  Type '$ZodType<unknown, unknown, $ZodTypeInternals<unknown, unknown>>' is not assignable to type '$ZodType<unknown, unknown, $ZodTypeInternals<unknown, unknown>> | $ZodCheck<never> | undefined'.
                                    Property '_core' is missing in type 'import("C:/Users/kumar/Downloads/florma-hero/florma/actors/florma-3d-audit/node_modules.hidden/zod/src/v4/core/schemas").$ZodType<unknown, unknown, import("C:/Users/kumar/Downloads/florma-hero/florma/actors/florma-3d-audit/node_modules.hidden/zod/src/v4/core/schemas").$ZodTypeInternals<unknown, unknown>>' but required in type 'import("C:/Users/kumar/Downloads/florma-hero/florma/actors/florma-3d-audit/node_modules.hidden/zod/v4/core/schemas").$ZodType<unknown, unknown, import("C:/Users/kumar/Downloads/florma-hero/florma/actors/florma-3d-audit/node_modules.hidden/zod/v4/core/schemas").$ZodTypeInternals<unknown, unknown>>'.
actors/florma-3d-audit/node_modules.hidden/zod/src/v4/classic/tests/deep-partial.test.ts(147,20): error TS2339: Property 'parse' does not exist on type 'SomeType'.
actors/florma-3d-audit/node_modules.hidden/zod/src/v4/classic/tests/deep-partial.test.ts(148,20): error TS2339: Property 'parse' does not exist on type 'SomeType'.
actors/florma-3d-audit/node_modules.hidden/zod/src/v4/classic/tests/deep-partial.test.ts(149,20): error TS2339: Property 'parse' does not exist on type 'SomeType'.
actors/florma-3d-audit/node_modules.hidden/zod/src/v4/classic/tests/deep-partial.test.ts(154,33): error TS2345: Argument of type 'ZodIntersection<ZodObject<{ a: ZodString; }, $strip>, ZodObject<{ b: ZodNumber; }, $strip>>' is not assignable to parameter of type 'SomeType'.
  The types of '_zod.def.checks' are incompatible between these types.
    Type 'import("C:/Users/kumar/Downloads/florma-hero/florma/actors/florma-3d-audit/node_modules.hidden/zod/v4/core/checks").$ZodCheck<never>[] | undefined' is not assignable to type 'import("C:/Users/kumar/Downloads/florma-hero/florma/actors/florma-3d-audit/node_modules.hidden/zod/src/v4/core/checks").$ZodCheck<never>[] | undefined'.
      Type 'import("C:/Users/kumar/Downloads/florma-hero/florma/actors/florma-3d-audit/node_modules.hidden/zod/v4/core/checks").$ZodCheck<never>[]' is not assignable to type 'import("C:/Users/kumar/Downloads/florma-hero/florma/actors/florma-3d-audit/node_modules.hidden/zod/src/v4/core/checks").$ZodCheck<never>[]'.
        Type 'import("C:/Users/kumar/Downloads/florma-hero/florma/actors/florma-3d-audit/node_modules.hidden/zod/v4/core/checks").$ZodCheck<never>' is not assignable to type 'import("C:/Users/kumar/Downloads/florma-hero/florma/actors/florma-3d-audit/node_modules.hidden/zod/src/v4/core/checks").$ZodCheck<never>'.
          The types of '_zod.def.when' are incompatible between these types.
            Type '((payload: import("C:/Users/kumar/Downloads/florma-hero/florma/actors/florma-3d-audit/node_modules.hidden/zod/v4/core/schemas").ParsePayload<unknown>) => boolean) | undefined' is not assignable to type '((payload: import("C:/Users/kumar/Downloads/florma-hero/florma/actors/florma-3d-audit/node_modules.hidden/zod/src/v4/core/schemas").ParsePayload<unknown>) => boolean) | undefined'.
              Type '(payload: import("C:/Users/kumar/Downloads/florma-hero/florma/actors/florma-3d-audit/node_modules.hidden/zod/v4/core/schemas").ParsePayload<unknown>) => boolean' is not assignable to type '(payload: import("C:/Users/kumar/Downloads/florma-hero/florma/actors/florma-3d-audit/node_modules.hidden/zod/src/v4/core/schemas").ParsePayload<unknown>) => boolean'.
                Types of parameters 'payload' and 'payload' are incompatible.
                  Type 'import("C:/Users/kumar/Downloads/florma-hero/florma/actors/florma-3d-audit/node_modules.hidden/zod/src/v4/core/schemas").ParsePayload<unknown>' is not assignable to type 'import("C:/Users/kumar/Downloads/florma-hero/florma/actors/florma-3d-audit/node_modules.hidden/zod/v4/core/schemas").ParsePayload<unknown>'.
                    Types of property 'issues' are incompatible.
                      Type '({ [x: string]: unknown; readonly keys: string[]; readonly code: "unrecognized_keys"; readonly input: Record<string, unknown> | undefined; readonly path?: PropertyKey[] | undefined; readonly message?: string | undefined; readonly inst?: $ZodType<...> | ... 1 more ... | undefined; readonly schema?: $ZodType<...> | un...' is not assignable to type '({ [x: string]: unknown; readonly code: "invalid_type"; readonly input: unknown; readonly expected: $ZodInvalidTypeExpected; readonly path?: PropertyKey[] | undefined; readonly message?: string | undefined; readonly inst?: $ZodType<...> | ... 1 more ... | undefined; readonly schema?: $ZodType<...> | undefined; reado...'.
                        Type '{ [x: string]: unknown; readonly keys: string[]; readonly code: "unrecognized_keys"; readonly input: Record<string, unknown> | undefined; readonly path?: PropertyKey[] | undefined; readonly message?: string | undefined; readonly inst?: $ZodType<...> | ... 1 more ... | undefined; readonly schema?: $ZodType<...> | und...' is not assignable to type '{ [x: string]: unknown; readonly code: "invalid_type"; readonly input: unknown; readonly expected: $ZodInvalidTypeExpected; readonly path?: PropertyKey[] | undefined; readonly message?: string | undefined; readonly inst?: $ZodType<...> | ... 1 more ... | undefined; readonly schema?: $ZodType<...> | undefined; readon...'.
                          Type '{ [x: string]: unknown; readonly keys: string[]; readonly code: "unrecognized_keys"; readonly input: Record<string, unknown> | undefined; readonly path?: PropertyKey[] | undefined; readonly message?: string | undefined; readonly inst?: $ZodType<...> | ... 1 more ... | undefined; readonly schema?: $ZodType<...> | und...' is not assignable to type '{ [x: string]: unknown; readonly code: "invalid_type"; readonly input: unknown; readonly expected: $ZodInvalidTypeExpected; readonly path?: PropertyKey[] | undefined; readonly message?: string | undefined; readonly inst?: $ZodType<...> | ... 1 more ... | undefined; readonly schema?: $ZodType<...> | undefined; readon...'.
                            Type '{ [x: string]: unknown; readonly keys: string[]; readonly code: "unrecognized_keys"; readonly input: Record<string, unknown> | undefined; readonly path?: PropertyKey[] | undefined; readonly message?: string | undefined; readonly inst?: import("C:/Users/kumar/Downloads/florma-hero/florma/actors/florma-3d-audit/node_m...' is not assignable to type '{ [x: string]: unknown; readonly keys: string[]; readonly code: "unrecognized_keys"; readonly input: Record<string, unknown> | undefined; readonly path?: PropertyKey[] | undefined; readonly message?: string | undefined; readonly inst?: import("C:/Users/kumar/Downloads/florma-hero/florma/actors/florma-3d-audit/node_m...'. Two different types with this name exist, but they are unrelated.
                              Types of property 'inst' are incompatible.
                                Type 'import("C:/Users/kumar/Downloads/florma-hero/florma/actors/florma-3d-audit/node_modules.hidden/zod/src/v4/core/schemas").$ZodType<unknown, unknown, import("C:/Users/kumar/Downloads/florma-hero/florma/actors/florma-3d-audit/node_modules.hidden/zod/src/v4/core/schemas").$ZodTypeInternals<unknown, unknown>> | import("C...' is not assignable to type 'import("C:/Users/kumar/Downloads/florma-hero/florma/actors/florma-3d-audit/node_modules.hidden/zod/v4/core/schemas").$ZodType<unknown, unknown, import("C:/Users/kumar/Downloads/florma-hero/florma/actors/florma-3d-audit/node_modules.hidden/zod/v4/core/schemas").$ZodTypeInternals<unknown, unknown>> | import("C:/Users/...'.
                                  Type '$ZodType<unknown, unknown, $ZodTypeInternals<unknown, unknown>>' is not assignable to type '$ZodType<unknown, unknown, $ZodTypeInternals<unknown, unknown>> | $ZodCheck<never> | undefined'.
                                    Property '_core' is missing in type 'import("C:/Users/kumar/Downloads/florma-hero/florma/actors/florma-3d-audit/node_modules.hidden/zod/src/v4/core/schemas").$ZodType<unknown, unknown, import("C:/Users/kumar/Downloads/florma-hero/florma/actors/florma-3d-audit/node_modules.hidden/zod/src/v4/core/schemas").$ZodTypeInternals<unknown, unknown>>' but required in type 'import("C:/Users/kumar/Downloads/florma-hero/florma/actors/florma-3d-audit/node_modules.hidden/zod/v4/core/schemas").$ZodType<unknown, unknown, import("C:/Users/kumar/Downloads/florma-hero/florma/actors/florma-3d-audit/node_modules.hidden/zod/v4/core/schemas").$ZodTypeInternals<unknown, unknown>>'.
actors/florma-3d-audit/node_modules.hidden/zod/src/v4/classic/tests/deep-partial.test.ts(155,20): error TS2339: Property 'parse' does not exist on type 'SomeType'.
actors/florma-3d-audit/node_modules.hidden/zod/src/v4/classic/tests/deep-partial.test.ts(156,20): error TS2339: Property 'parse' does not exist on type 'SomeType'.
actors/florma-3d-audit/node_modules.hidden/zod/src/v4/classic/tests/deep-partial.test.ts(157,20): error TS2339: Property 'parse' does not exist on type 'SomeType'.
actors/florma-3d-audit/node_modules.hidden/zod/src/v4/classic/tests/deep-partial.test.ts(161,29): error TS2345: Argument of type 'ZodRecord<ZodString, ZodObject<{ a: ZodString; }, $strip>>' is not assignable to parameter of type 'SomeType'.
  The types of '_zod.def.checks' are incompatible between these types.
    Type 'import("C:/Users/kumar/Downloads/florma-hero/florma/actors/florma-3d-audit/node_modules.hidden/zod/v4/core/checks").$ZodCheck<never>[] | undefined' is not assignable to type 'import("C:/Users/kumar/Downloads/florma-hero/florma/actors/florma-3d-audit/node_modules.hidden/zod/src/v4/core/checks").$ZodCheck<never>[] | undefined'.
      Type 'import("C:/Users/kumar/Downloads/florma-hero/florma/actors/florma-3d-audit/node_modules.hidden/zod/v4/core/checks").$ZodCheck<never>[]' is not assignable to type 'import("C:/Users/kumar/Downloads/florma-hero/florma/actors/florma-3d-audit/node_modules.hidden/zod/src/v4/core/checks").$ZodCheck<never>[]'.
        Type 'import("C:/Users/kumar/Downloads/florma-hero/florma/actors/florma-3d-audit/node_modules.hidden/zod/v4/core/checks").$ZodCheck<never>' is not assignable to type 'import("C:/Users/kumar/Downloads/florma-hero/florma/actors/florma-3d-audit/node_modules.hidden/zod/src/v4/core/checks").$ZodCheck<never>'.
          The types of '_zod.def.when' are incompatible between these types.
            Type '((payload: import("C:/Users/kumar/Downloads/florma-hero/florma/actors/florma-3d-audit/node_modules.hidden/zod/v4/core/schemas").ParsePayload<unknown>) => boolean) | undefined' is not assignable to type '((payload: import("C:/Users/kumar/Downloads/florma-hero/florma/actors/florma-3d-audit/node_modules.hidden/zod/src/v4/core/schemas").ParsePayload<unknown>) => boolean) | undefined'.
              Type '(payload: import("C:/Users/kumar/Downloads/florma-hero/florma/actors/florma-3d-audit/node_modules.hidden/zod/v4/core/schemas").ParsePayload<unknown>) => boolean' is not assignable to type '(payload: import("C:/Users/kumar/Downloads/florma-hero/florma/actors/florma-3d-audit/node_modules.hidden/zod/src/v4/core/schemas").ParsePayload<unknown>) => boolean'.
                Types of parameters 'payload' and 'payload' are incompatible.
                  Type 'import("C:/Users/kumar/Downloads/florma-hero/florma/actors/florma-3d-audit/node_modules.hidden/zod/src/v4/core/schemas").ParsePayload<unknown>' is not assignable to type 'import("C:/Users/kumar/Downloads/florma-hero/florma/actors/florma-3d-audit/node_modules.hidden/zod/v4/core/schemas").ParsePayload<unknown>'.
                    Types of property 'issues' are incompatible.
                      Type '({ [x: string]: unknown; readonly keys: string[]; readonly code: "unrecognized_keys"; readonly input: Record<string, unknown> | undefined; readonly path?: PropertyKey[] | undefined; readonly message?: string | undefined; readonly inst?: $ZodType<...> | ... 1 more ... | undefined; readonly schema?: $ZodType<...> | un...' is not assignable to type '({ [x: string]: unknown; readonly code: "invalid_type"; readonly input: unknown; readonly expected: $ZodInvalidTypeExpected; readonly path?: PropertyKey[] | undefined; readonly message?: string | undefined; readonly inst?: $ZodType<...> | ... 1 more ... | undefined; readonly schema?: $ZodType<...> | undefined; reado...'.
                        Type '{ [x: string]: unknown; readonly keys: string[]; readonly code: "unrecognized_keys"; readonly input: Record<string, unknown> | undefined; readonly path?: PropertyKey[] | undefined; readonly message?: string | undefined; readonly inst?: $ZodType<...> | ... 1 more ... | undefined; readonly schema?: $ZodType<...> | und...' is not assignable to type '{ [x: string]: unknown; readonly code: "invalid_type"; readonly input: unknown; readonly expected: $ZodInvalidTypeExpected; readonly path?: PropertyKey[] | undefined; readonly message?: string | undefined; readonly inst?: $ZodType<...> | ... 1 more ... | undefined; readonly schema?: $ZodType<...> | undefined; readon...'.
                          Type '{ [x: string]: unknown; readonly keys: string[]; readonly code: "unrecognized_keys"; readonly input: Record<string, unknown> | undefined; readonly path?: PropertyKey[] | undefined; readonly message?: string | undefined; readonly inst?: $ZodType<...> | ... 1 more ... | undefined; readonly schema?: $ZodType<...> | und...' is not assignable to type '{ [x: string]: unknown; readonly code: "invalid_type"; readonly input: unknown; readonly expected: $ZodInvalidTypeExpected; readonly path?: PropertyKey[] | undefined; readonly message?: string | undefined; readonly inst?: $ZodType<...> | ... 1 more ... | undefined; readonly schema?: $ZodType<...> | undefined; readon...'.
                            Type '{ [x: string]: unknown; readonly keys: string[]; readonly code: "unrecognized_keys"; readonly input: Record<string, unknown> | undefined; readonly path?: PropertyKey[] | undefined; readonly message?: string | undefined; readonly inst?: import("C:/Users/kumar/Downloads/florma-hero/florma/actors/florma-3d-audit/node_m...' is not assignable to type '{ [x: string]: unknown; readonly keys: string[]; readonly code: "unrecognized_keys"; readonly input: Record<string, unknown> | undefined; readonly path?: PropertyKey[] | undefined; readonly message?: string | undefined; readonly inst?: import("C:/Users/kumar/Downloads/florma-hero/florma/actors/florma-3d-audit/node_m...'. Two different types with this name exist, but they are unrelated.
                              Types of property 'inst' are incompatible.
                                Type 'import("C:/Users/kumar/Downloads/florma-hero/florma/actors/florma-3d-audit/node_modules.hidden/zod/src/v4/core/schemas").$ZodType<unknown, unknown, import("C:/Users/kumar/Downloads/florma-hero/florma/actors/florma-3d-audit/node_modules.hidden/zod/src/v4/core/schemas").$ZodTypeInternals<unknown, unknown>> | import("C...' is not assignable to type 'import("C:/Users/kumar/Downloads/florma-hero/florma/actors/florma-3d-audit/node_modules.hidden/zod/v4/core/schemas").$ZodType<unknown, unknown, import("C:/Users/kumar/Downloads/florma-hero/florma/actors/florma-3d-audit/node_modules.hidden/zod/v4/core/schemas").$ZodTypeInternals<unknown, unknown>> | import("C:/Users/...'.
                                  Type '$ZodType<unknown, unknown, $ZodTypeInternals<unknown, unknown>>' is not assignable to type '$ZodType<unknown, unknown, $ZodTypeInternals<unknown, unknown>> | $ZodCheck<never> | undefined'.
                                    Property '_core' is missing in type 'import("C:/Users/kumar/Downloads/florma-hero/florma/actors/florma-3d-audit/node_modules.hidden/zod/src/v4/core/schemas").$ZodType<unknown, unknown, import("C:/Users/kumar/Downloads/florma-hero/florma/actors/florma-3d-audit/node_modules.hidden/zod/src/v4/core/schemas").$ZodTypeInternals<unknown, unknown>>' but required in type 'import("C:/Users/kumar/Downloads/florma-hero/florma/actors/florma-3d-audit/node_modules.hidden/zod/v4/core/schemas").$ZodType<unknown, unknown, import("C:/Users/kumar/Downloads/florma-hero/florma/actors/florma-3d-audit/node_modules.hidden/zod/v4/core/schemas").$ZodTypeInternals<unknown, unknown>>'.
actors/florma-3d-audit/node_modules.hidden/zod/src/v4/classic/tests/deep-partial.test.ts(162,16): error TS2339: Property 'parse' does not exist on type 'SomeType'.
actors/florma-3d-audit/node_modules.hidden/zod/src/v4/classic/tests/deep-partial.test.ts(164,27): error TS2345: Argument of type 'ZodMap<ZodString, ZodObject<{ a: ZodString; }, $strip>>' is not assignable to parameter of type 'SomeType'.
  The types of '_zod.def.checks' are incompatible between these types.
    Type 'import("C:/Users/kumar/Downloads/florma-hero/florma/actors/florma-3d-audit/node_modules.hidden/zod/v4/core/checks").$ZodCheck<never>[] | undefined' is not assignable to type 'import("C:/Users/kumar/Downloads/florma-hero/florma/actors/florma-3d-audit/node_modules.hidden/zod/src/v4/core/checks").$ZodCheck<never>[] | undefined'.
      Type 'import("C:/Users/kumar/Downloads/florma-hero/florma/actors/florma-3d-audit/node_modules.hidden/zod/v4/core/checks").$ZodCheck<never>[]' is not assignable to type 'import("C:/Users/kumar/Downloads/florma-hero/florma/actors/florma-3d-audit/node_modules.hidden/zod/src/v4/core/checks").$ZodCheck<never>[]'.
        Type 'import("C:/Users/kumar/Downloads/florma-hero/florma/actors/florma-3d-audit/node_modules.hidden/zod/v4/core/checks").$ZodCheck<never>' is not assignable to type 'import("C:/Users/kumar/Downloads/florma-hero/florma/actors/florma-3d-audit/node_modules.hidden/zod/src/v4/core/checks").$ZodCheck<never>'.
          The types of '_zod.def.when' are incompatible between these types.
            Type '((payload: import("C:/Users/kumar/Downloads/florma-hero/florma/actors/florma-3d-audit/node_modules.hidden/zod/v4/core/schemas").ParsePayload<unknown>) => boolean) | undefined' is not assignable to type '((payload: import("C:/Users/kumar/Downloads/florma-hero/florma/actors/florma-3d-audit/node_modules.hidden/zod/src/v4/core/schemas").ParsePayload<unknown>) => boolean) | undefined'.
              Type '(payload: import("C:/Users/kumar/Downloads/florma-hero/florma/actors/florma-3d-audit/node_modules.hidden/zod/v4/core/schemas").ParsePayload<unknown>) => boolean' is not assignable to type '(payload: import("C:/Users/kumar/Downloads/florma-hero/florma/actors/florma-3d-audit/node_modules.hidden/zod/src/v4/core/schemas").ParsePayload<unknown>) => boolean'.
                Types of parameters 'payload' and 'payload' are incompatible.
                  Type 'import("C:/Users/kumar/Downloads/florma-hero/florma/actors/florma-3d-audit/node_modules.hidden/zod/src/v4/core/schemas").ParsePayload<unknown>' is not assignable to type 'import("C:/Users/kumar/Downloads/florma-hero/florma/actors/florma-3d-audit/node_modules.hidden/zod/v4/core/schemas").ParsePayload<unknown>'.
                    Types of property 'issues' are incompatible.
                      Type '({ [x: string]: unknown; readonly keys: string[]; readonly code: "unrecognized_keys"; readonly input: Record<string, unknown> | undefined; readonly path?: PropertyKey[] | undefined; readonly message?: string | undefined; readonly inst?: $ZodType<...> | ... 1 more ... | undefined; readonly schema?: $ZodType<...> | un...' is not assignable to type '({ [x: string]: unknown; readonly code: "invalid_type"; readonly input: unknown; readonly expected: $ZodInvalidTypeExpected; readonly path?: PropertyKey[] | undefined; readonly message?: string | undefined; readonly inst?: $ZodType<...> | ... 1 more ... | undefined; readonly schema?: $ZodType<...> | undefined; reado...'.
                        Type '{ [x: string]: unknown; readonly keys: string[]; readonly code: "unrecognized_keys"; readonly input: Record<string, unknown> | undefined; readonly path?: PropertyKey[] | undefined; readonly message?: string | undefined; readonly inst?: $ZodType<...> | ... 1 more ... | undefined; readonly schema?: $ZodType<...> | und...' is not assignable to type '{ [x: string]: unknown; readonly code: "invalid_type"; readonly input: unknown; readonly expected: $ZodInvalidTypeExpected; readonly path?: PropertyKey[] | undefined; readonly message?: string | undefined; readonly inst?: $ZodType<...> | ... 1 more ... | undefined; readonly schema?: $ZodType<...> | undefined; readon...'.
                          Type '{ [x: string]: unknown; readonly keys: string[]; readonly code: "unrecognized_keys"; readonly input: Record<string, unknown> | undefined; readonly path?: PropertyKey[] | undefined; readonly message?: string | undefined; readonly inst?: $ZodType<...> | ... 1 more ... | undefined; readonly schema?: $ZodType<...> | und...' is not assignable to type '{ [x: string]: unknown; readonly code: "invalid_type"; readonly input: unknown; readonly expected: $ZodInvalidTypeExpected; readonly path?: PropertyKey[] | undefined; readonly message?: string | undefined; readonly inst?: $ZodType<...> | ... 1 more ... | undefined; readonly schema?: $ZodType<...> | undefined; readon...'.
                            Type '{ [x: string]: unknown; readonly keys: string[]; readonly code: "unrecognized_keys"; readonly input: Record<string, unknown> | undefined; readonly path?: PropertyKey[] | undefined; readonly message?: string | undefined; readonly inst?: import("C:/Users/kumar/Downloads/florma-hero/florma/actors/florma-3d-audit/node_m...' is not assignable to type '{ [x: string]: unknown; readonly keys: string[]; readonly code: "unrecognized_keys"; readonly input: Record<string, unknown> | undefined; readonly path?: PropertyKey[] | undefined; readonly message?: string | undefined; readonly inst?: import("C:/Users/kumar/Downloads/florma-hero/florma/actors/florma-3d-audit/node_m...'. Two different types with this name exist, but they are unrelated.
                              Types of property 'inst' are incompatible.
                                Type 'import("C:/Users/kumar/Downloads/florma-hero/florma/actors/florma-3d-audit/node_modules.hidden/zod/src/v4/core/schemas").$ZodType<unknown, unknown, import("C:/Users/kumar/Downloads/florma-hero/florma/actors/florma-3d-audit/node_modules.hidden/zod/src/v4/core/schemas").$ZodTypeInternals<unknown, unknown>> | import("C...' is not assignable to type 'import("C:/Users/kumar/Downloads/florma-hero/florma/actors/florma-3d-audit/node_modules.hidden/zod/v4/core/schemas").$ZodType<unknown, unknown, import("C:/Users/kumar/Downloads/florma-hero/florma/actors/florma-3d-audit/node_modules.hidden/zod/v4/core/schemas").$ZodTypeInternals<unknown, unknown>> | import("C:/Users/...'.
                                  Type '$ZodType<unknown, unknown, $ZodTypeInternals<unknown, unknown>>' is not assignable to type '$ZodType<unknown, unknown, $ZodTypeInternals<unknown, unknown>> | $ZodCheck<never> | undefined'.
                                    Property '_core' is missing in type 'import("C:/Users/kumar/Downloads/florma-hero/florma/actors/florma-3d-audit/node_modules.hidden/zod/src/v4/core/schemas").$ZodType<unknown, unknown, import("C:/Users/kumar/Downloads/florma-hero/florma/actors/florma-3d-audit/node_modules.hidden/zod/src/v4/core/schemas").$ZodTypeInternals<unknown, unknown>>' but required in type 'import("C:/Users/kumar/Downloads/florma-hero/florma/actors/florma-3d-audit/node_modules.hidden/zod/v4/core/schemas").$ZodType<unknown, unknown, import("C:/Users/kumar/Downloads/florma-hero/florma/actors/florma-3d-audit/node_modules.hidden/zod/v4/core/schemas").$ZodTypeInternals<unknown, unknown>>'.
actors/florma-3d-audit/node_modules.hidden/zod/src/v4/classic/tests/deep-partial.test.ts(165,14): error TS2339: Property 'parse' does not exist on type 'SomeType'.
actors/florma-3d-audit/node_modules.hidden/zod/src/v4/classic/tests/deep-partial.test.ts(167,27): error TS2345: Argument of type 'ZodSet<ZodObject<{ a: ZodString; }, $strip>>' is not assignable to parameter of type 'SomeType'.
  The types of '_zod.def.checks' are incompatible between these types.
    Type 'import("C:/Users/kumar/Downloads/florma-hero/florma/actors/florma-3d-audit/node_modules.hidden/zod/v4/core/checks").$ZodCheck<never>[] | undefined' is not assignable to type 'import("C:/Users/kumar/Downloads/florma-hero/florma/actors/florma-3d-audit/node_modules.hidden/zod/src/v4/core/checks").$ZodCheck<never>[] | undefined'.
      Type 'import("C:/Users/kumar/Downloads/florma-hero/florma/actors/florma-3d-audit/node_modules.hidden/zod/v4/core/checks").$ZodCheck<never>[]' is not assignable to type 'import("C:/Users/kumar/Downloads/florma-hero/florma/actors/florma-3d-audit/node_modules.hidden/zod/src/v4/core/checks").$ZodCheck<never>[]'.
        Type 'import("C:/Users/kumar/Downloads/florma-hero/florma/actors/florma-3d-audit/node_modules.hidden/zod/v4/core/checks").$ZodCheck<never>' is not assignable to type 'import("C:/Users/kumar/Downloads/florma-hero/florma/actors/florma-3d-audit/node_modules.hidden/zod/src/v4/core/checks").$ZodCheck<never>'.
          The types of '_zod.def.when' are incompatible between these types.
            Type '((payload: import("C:/Users/kumar/Downloads/florma-hero/florma/actors/florma-3d-audit/node_modules.hidden/zod/v4/core/schemas").ParsePayload<unknown>) => boolean) | undefined' is not assignable to type '((payload: import("C:/Users/kumar/Downloads/florma-hero/florma/actors/florma-3d-audit/node_modules.hidden/zod/src/v4/core/schemas").ParsePayload<unknown>) => boolean) | undefined'.
              Type '(payload: import("C:/Users/kumar/Downloads/florma-hero/florma/actors/florma-3d-audit/node_modules.hidden/zod/v4/core/schemas").ParsePayload<unknown>) => boolean' is not assignable to type '(payload: import("C:/Users/kumar/Downloads/florma-hero/florma/actors/florma-3d-audit/node_modules.hidden/zod/src/v4/core/schemas").ParsePayload<unknown>) => boolean'.
                Types of parameters 'payload' and 'payload' are incompatible.
                  Type 'import("C:/Users/kumar/Downloads/florma-hero/florma/actors/florma-3d-audit/node_modules.hidden/zod/src/v4/core/schemas").ParsePayload<unknown>' is not assignable to type 'import("C:/Users/kumar/Downloads/florma-hero/florma/actors/florma-3d-audit/node_modules.hidden/zod/v4/core/schemas").ParsePayload<unknown>'.
                    Types of property 'issues' are incompatible.
                      Type '({ [x: string]: unknown; readonly keys: string[]; readonly code: "unrecognized_keys"; readonly input: Record<string, unknown> | undefined; readonly path?: PropertyKey[] | undefined; readonly message?: string | undefined; readonly inst?: $ZodType<...> | ... 1 more ... | undefined; readonly schema?: $ZodType<...> | un...' is not assignable to type '({ [x: string]: unknown; readonly code: "invalid_type"; readonly input: unknown; readonly expected: $ZodInvalidTypeExpected; readonly path?: PropertyKey[] | undefined; readonly message?: string | undefined; readonly inst?: $ZodType<...> | ... 1 more ... | undefined; readonly schema?: $ZodType<...> | undefined; reado...'.
                        Type '{ [x: string]: unknown; readonly keys: string[]; readonly code: "unrecognized_keys"; readonly input: Record<string, unknown> | undefined; readonly path?: PropertyKey[] | undefined; readonly message?: string | undefined; readonly inst?: $ZodType<...> | ... 1 more ... | undefined; readonly schema?: $ZodType<...> | und...' is not assignable to type '{ [x: string]: unknown; readonly code: "invalid_type"; readonly input: unknown; readonly expected: $ZodInvalidTypeExpected; readonly path?: PropertyKey[] | undefined; readonly message?: string | undefined; readonly inst?: $ZodType<...> | ... 1 more ... | undefined; readonly schema?: $ZodType<...> | undefined; readon...'.
                          Type '{ [x: string]: unknown; readonly keys: string[]; readonly code: "unrecognized_keys"; readonly input: Record<string, unknown> | undefined; readonly path?: PropertyKey[] | undefined; readonly message?: string | undefined; readonly inst?: $ZodType<...> | ... 1 more ... | undefined; readonly schema?: $ZodType<...> | und...' is not assignable to type '{ [x: string]: unknown; readonly code: "invalid_type"; readonly input: unknown; readonly expected: $ZodInvalidTypeExpected; readonly path?: PropertyKey[] | undefined; readonly message?: string | undefined; readonly inst?: $ZodType<...> | ... 1 more ... | undefined; readonly schema?: $ZodType<...> | undefined; readon...'.
                            Type '{ [x: string]: unknown; readonly keys: string[]; readonly code: "unrecognized_keys"; readonly input: Record<string, unknown> | undefined; readonly path?: PropertyKey[] | undefined; readonly message?: string | undefined; readonly inst?: import("C:/Users/kumar/Downloads/florma-hero/florma/actors/florma-3d-audit/node_m...' is not assignable to type '{ [x: string]: unknown; readonly keys: string[]; readonly code: "unrecognized_keys"; readonly input: Record<string, unknown> | undefined; readonly path?: PropertyKey[] | undefined; readonly message?: string | undefined; readonly inst?: import("C:/Users/kumar/Downloads/florma-hero/florma/actors/florma-3d-audit/node_m...'. Two different types with this name exist, but they are unrelated.
                              Types of property 'inst' are incompatible.
                                Type 'import("C:/Users/kumar/Downloads/florma-hero/florma/actors/florma-3d-audit/node_modules.hidden/zod/src/v4/core/schemas").$ZodType<unknown, unknown, import("C:/Users/kumar/Downloads/florma-hero/florma/actors/florma-3d-audit/node_modules.hidden/zod/src/v4/core/schemas").$ZodTypeInternals<unknown, unknown>> | import("C...' is not assignable to type 'import("C:/Users/kumar/Downloads/florma-hero/florma/actors/florma-3d-audit/node_modules.hidden/zod/v4/core/schemas").$ZodType<unknown, unknown, import("C:/Users/kumar/Downloads/florma-hero/florma/actors/florma-3d-audit/node_modules.hidden/zod/v4/core/schemas").$ZodTypeInternals<unknown, unknown>> | import("C:/Users/...'.
                                  Type '$ZodType<unknown, unknown, $ZodTypeInternals<unknown, unknown>>' is not assignable to type '$ZodType<unknown, unknown, $ZodTypeInternals<unknown, unknown>> | $ZodCheck<never> | undefined'.
                                    Property '_core' is missing in type 'import("C:/Users/kumar/Downloads/florma-hero/florma/actors/florma-3d-audit/node_modules.hidden/zod/src/v4/core/schemas").$ZodType<unknown, unknown, import("C:/Users/kumar/Downloads/florma-hero/florma/actors/florma-3d-audit/node_modules.hidden/zod/src/v4/core/schemas").$ZodTypeInternals<unknown, unknown>>' but required in type 'import("C:/Users/kumar/Downloads/florma-hero/florma/actors/florma-3d-audit/node_modules.hidden/zod/v4/core/schemas").$ZodType<unknown, unknown, import("C:/Users/kumar/Downloads/florma-hero/florma/actors/florma-3d-audit/node_modules.hidden/zod/v4/core/schemas").$ZodTypeInternals<unknown, unknown>>'.
actors/florma-3d-audit/node_modules.hidden/zod/src/v4/classic/tests/deep-partial.test.ts(168,14): error TS2339: Property 'parse' does not exist on type 'SomeType'.
actors/florma-3d-audit/node_modules.hidden/zod/src/v4/classic/tests/deep-partial.test.ts(175,33): error TS2345: Argument of type 'ZodObject<{ x: ZodReadonly<ZodDefault<ZodObject<{ a: ZodString; }, $strip>>>; }, $strip>' is not assignable to parameter of type 'SomeType'.
  The types of '_zod.def.checks' are incompatible between these types.
    Type 'import("C:/Users/kumar/Downloads/florma-hero/florma/actors/florma-3d-audit/node_modules.hidden/zod/v4/core/checks").$ZodCheck<never>[] | undefined' is not assignable to type 'import("C:/Users/kumar/Downloads/florma-hero/florma/actors/florma-3d-audit/node_modules.hidden/zod/src/v4/core/checks").$ZodCheck<never>[] | undefined'.
      Type 'import("C:/Users/kumar/Downloads/florma-hero/florma/actors/florma-3d-audit/node_modules.hidden/zod/v4/core/checks").$ZodCheck<never>[]' is not assignable to type 'import("C:/Users/kumar/Downloads/florma-hero/florma/actors/florma-3d-audit/node_modules.hidden/zod/src/v4/core/checks").$ZodCheck<never>[]'.
        Type 'import("C:/Users/kumar/Downloads/florma-hero/florma/actors/florma-3d-audit/node_modules.hidden/zod/v4/core/checks").$ZodCheck<never>' is not assignable to type 'import("C:/Users/kumar/Downloads/florma-hero/florma/actors/florma-3d-audit/node_modules.hidden/zod/src/v4/core/checks").$ZodCheck<never>'.
          The types of '_zod.def.when' are incompatible between these types.
            Type '((payload: import("C:/Users/kumar/Downloads/florma-hero/florma/actors/florma-3d-audit/node_modules.hidden/zod/v4/core/schemas").ParsePayload<unknown>) => boolean) | undefined' is not assignable to type '((payload: import("C:/Users/kumar/Downloads/florma-hero/florma/actors/florma-3d-audit/node_modules.hidden/zod/src/v4/core/schemas").ParsePayload<unknown>) => boolean) | undefined'.
              Type '(payload: import("C:/Users/kumar/Downloads/florma-hero/florma/actors/florma-3d-audit/node_modules.hidden/zod/v4/core/schemas").ParsePayload<unknown>) => boolean' is not assignable to type '(payload: import("C:/Users/kumar/Downloads/florma-hero/florma/actors/florma-3d-audit/node_modules.hidden/zod/src/v4/core/schemas").ParsePayload<unknown>) => boolean'.
                Types of parameters 'payload' and 'payload' are incompatible.
                  Type 'import("C:/Users/kumar/Downloads/florma-hero/florma/actors/florma-3d-audit/node_modules.hidden/zod/src/v4/core/schemas").ParsePayload<unknown>' is not assignable to type 'import("C:/Users/kumar/Downloads/florma-hero/florma/actors/florma-3d-audit/node_modules.hidden/zod/v4/core/schemas").ParsePayload<unknown>'.
                    Types of property 'issues' are incompatible.
                      Type '({ [x: string]: unknown; readonly keys: string[]; readonly code: "unrecognized_keys"; readonly input: Record<string, unknown> | undefined; readonly path?: PropertyKey[] | undefined; readonly message?: string | undefined; readonly inst?: $ZodType<...> | ... 1 more ... | undefined; readonly schema?: $ZodType<...> | un...' is not assignable to type '({ [x: string]: unknown; readonly code: "invalid_type"; readonly input: unknown; readonly expected: $ZodInvalidTypeExpected; readonly path?: PropertyKey[] | undefined; readonly message?: string | undefined; readonly inst?: $ZodType<...> | ... 1 more ... | undefined; readonly schema?: $ZodType<...> | undefined; reado...'.
                        Type '{ [x: string]: unknown; readonly keys: string[]; readonly code: "unrecognized_keys"; readonly input: Record<string, unknown> | undefined; readonly path?: PropertyKey[] | undefined; readonly message?: string | undefined; readonly inst?: $ZodType<...> | ... 1 more ... | undefined; readonly schema?: $ZodType<...> | und...' is not assignable to type '{ [x: string]: unknown; readonly code: "invalid_type"; readonly input: unknown; readonly expected: $ZodInvalidTypeExpected; readonly path?: PropertyKey[] | undefined; readonly message?: string | undefined; readonly inst?: $ZodType<...> | ... 1 more ... | undefined; readonly schema?: $ZodType<...> | undefined; readon...'.
                          Type '{ [x: string]: unknown; readonly keys: string[]; readonly code: "unrecognized_keys"; readonly input: Record<string, unknown> | undefined; readonly path?: PropertyKey[] | undefined; readonly message?: string | undefined; readonly inst?: $ZodType<...> | ... 1 more ... | undefined; readonly schema?: $ZodType<...> | und...' is not assignable to type '{ [x: string]: unknown; readonly code: "invalid_type"; readonly input: unknown; readonly expected: $ZodInvalidTypeExpected; readonly path?: PropertyKey[] | undefined; readonly message?: string | undefined; readonly inst?: $ZodType<...> | ... 1 more ... | undefined; readonly schema?: $ZodType<...> | undefined; readon...'.
                            Type '{ [x: string]: unknown; readonly keys: string[]; readonly code: "unrecognized_keys"; readonly input: Record<string, unknown> | undefined; readonly path?: PropertyKey[] | undefined; readonly message?: string | undefined; readonly inst?: import("C:/Users/kumar/Downloads/florma-hero/florma/actors/florma-3d-audit/node_m...' is not assignable to type '{ [x: string]: unknown; readonly keys: string[]; readonly code: "unrecognized_keys"; readonly input: Record<string, unknown> | undefined; readonly path?: PropertyKey[] | undefined; readonly message?: string | undefined; readonly inst?: import("C:/Users/kumar/Downloads/florma-hero/florma/actors/florma-3d-audit/node_m...'. Two different types with this name exist, but they are unrelated.
                              Types of property 'inst' are incompatible.
                                Type 'import("C:/Users/kumar/Downloads/florma-hero/florma/actors/florma-3d-audit/node_modules.hidden/zod/src/v4/core/schemas").$ZodType<unknown, unknown, import("C:/Users/kumar/Downloads/florma-hero/florma/actors/florma-3d-audit/node_modules.hidden/zod/src/v4/core/schemas").$ZodTypeInternals<unknown, unknown>> | import("C...' is not assignable to type 'import("C:/Users/kumar/Downloads/florma-hero/florma/actors/florma-3d-audit/node_modules.hidden/zod/v4/core/schemas").$ZodType<unknown, unknown, import("C:/Users/kumar/Downloads/florma-hero/florma/actors/florma-3d-audit/node_modules.hidden/zod/v4/core/schemas").$ZodTypeInternals<unknown, unknown>> | import("C:/Users/...'.
                                  Type '$ZodType<unknown, unknown, $ZodTypeInternals<unknown, unknown>>' is not assignable to type '$ZodType<unknown, unknown, $ZodTypeInternals<unknown, unknown>> | $ZodCheck<never> | undefined'.
                                    Property '_core' is missing in type 'import("C:/Users/kumar/Downloads/florma-hero/florma/actors/florma-3d-audit/node_modules.hidden/zod/src/v4/core/schemas").$ZodType<unknown, unknown, import("C:/Users/kumar/Downloads/florma-hero/florma/actors/florma-3d-audit/node_modules.hidden/zod/src/v4/core/schemas").$ZodTypeInternals<unknown, unknown>>' but required in type 'import("C:/Users/kumar/Downloads/florma-hero/florma/actors/florma-3d-audit/node_modules.hidden/zod/v4/core/schemas").$ZodType<unknown, unknown, import("C:/Users/kumar/Downloads/florma-hero/florma/actors/florma-3d-audit/node_modules.hidden/zod/v4/core/schemas").$ZodTypeInternals<unknown, unknown>>'.
actors/florma-3d-audit/node_modules.hidden/zod/src/v4/classic/tests/deep-partial.test.ts(176,20): error TS2339: Property 'parse' does not exist on type 'SomeType'.
actors/florma-3d-audit/node_modules.hidden/zod/src/v4/classic/tests/deep-partial.test.ts(177,20): error TS2339: Property 'parse' does not exist on type 'SomeType'.
actors/florma-3d-audit/node_modules.hidden/zod/src/v4/classic/tests/deep-partial.test.ts(182,33): error TS2345: Argument of type 'ZodObject<{ a: ZodPipe<ZodString, ZodTransform<number, string>>; }, $strip>' is not assignable to parameter of type 'SomeType'.
  The types of '_zod.def.checks' are incompatible between these types.
    Type 'import("C:/Users/kumar/Downloads/florma-hero/florma/actors/florma-3d-audit/node_modules.hidden/zod/v4/core/checks").$ZodCheck<never>[] | undefined' is not assignable to type 'import("C:/Users/kumar/Downloads/florma-hero/florma/actors/florma-3d-audit/node_modules.hidden/zod/src/v4/core/checks").$ZodCheck<never>[] | undefined'.
      Type 'import("C:/Users/kumar/Downloads/florma-hero/florma/actors/florma-3d-audit/node_modules.hidden/zod/v4/core/checks").$ZodCheck<never>[]' is not assignable to type 'import("C:/Users/kumar/Downloads/florma-hero/florma/actors/florma-3d-audit/node_modules.hidden/zod/src/v4/core/checks").$ZodCheck<never>[]'.
        Type 'import("C:/Users/kumar/Downloads/florma-hero/florma/actors/florma-3d-audit/node_modules.hidden/zod/v4/core/checks").$ZodCheck<never>' is not assignable to type 'import("C:/Users/kumar/Downloads/florma-hero/florma/actors/florma-3d-audit/node_modules.hidden/zod/src/v4/core/checks").$ZodCheck<never>'.
          The types of '_zod.def.when' are incompatible between these types.
            Type '((payload: import("C:/Users/kumar/Downloads/florma-hero/florma/actors/florma-3d-audit/node_modules.hidden/zod/v4/core/schemas").ParsePayload<unknown>) => boolean) | undefined' is not assignable to type '((payload: import("C:/Users/kumar/Downloads/florma-hero/florma/actors/florma-3d-audit/node_modules.hidden/zod/src/v4/core/schemas").ParsePayload<unknown>) => boolean) | undefined'.
              Type '(payload: import("C:/Users/kumar/Downloads/florma-hero/florma/actors/florma-3d-audit/node_modules.hidden/zod/v4/core/schemas").ParsePayload<unknown>) => boolean' is not assignable to type '(payload: import("C:/Users/kumar/Downloads/florma-hero/florma/actors/florma-3d-audit/node_modules.hidden/zod/src/v4/core/schemas").ParsePayload<unknown>) => boolean'.
                Types of parameters 'payload' and 'payload' are incompatible.
                  Type 'import("C:/Users/kumar/Downloads/florma-hero/florma/actors/florma-3d-audit/node_modules.hidden/zod/src/v4/core/schemas").ParsePayload<unknown>' is not assignable to type 'import("C:/Users/kumar/Downloads/florma-hero/florma/actors/florma-3d-audit/node_modules.hidden/zod/v4/core/schemas").ParsePayload<unknown>'.
                    Types of property 'issues' are incompatible.
                      Type '({ [x: string]: unknown; readonly keys: string[]; readonly code: "unrecognized_keys"; readonly input: Record<string, unknown> | undefined; readonly path?: PropertyKey[] | undefined; readonly message?: string | undefined; readonly inst?: $ZodType<...> | ... 1 more ... | undefined; readonly schema?: $ZodType<...> | un...' is not assignable to type '({ [x: string]: unknown; readonly code: "invalid_type"; readonly input: unknown; readonly expected: $ZodInvalidTypeExpected; readonly path?: PropertyKey[] | undefined; readonly message?: string | undefined; readonly inst?: $ZodType<...> | ... 1 more ... | undefined; readonly schema?: $ZodType<...> | undefined; reado...'.
                        Type '{ [x: string]: unknown; readonly keys: string[]; readonly code: "unrecognized_keys"; readonly input: Record<string, unknown> | undefined; readonly path?: PropertyKey[] | undefined; readonly message?: string | undefined; readonly inst?: $ZodType<...> | ... 1 more ... | undefined; readonly schema?: $ZodType<...> | und...' is not assignable to type '{ [x: string]: unknown; readonly code: "invalid_type"; readonly input: unknown; readonly expected: $ZodInvalidTypeExpected; readonly path?: PropertyKey[] | undefined; readonly message?: string | undefined; readonly inst?: $ZodType<...> | ... 1 more ... | undefined; readonly schema?: $ZodType<...> | undefined; readon...'.
                          Type '{ [x: string]: unknown; readonly keys: string[]; readonly code: "unrecognized_keys"; readonly input: Record<string, unknown> | undefined; readonly path?: PropertyKey[] | undefined; readonly message?: string | undefined; readonly inst?: $ZodType<...> | ... 1 more ... | undefined; readonly schema?: $ZodType<...> | und...' is not assignable to type '{ [x: string]: unknown; readonly code: "invalid_type"; readonly input: unknown; readonly expected: $ZodInvalidTypeExpected; readonly path?: PropertyKey[] | undefined; readonly message?: string | undefined; readonly inst?: $ZodType<...> | ... 1 more ... | undefined; readonly schema?: $ZodType<...> | undefined; readon...'.
                            Type '{ [x: string]: unknown; readonly keys: string[]; readonly code: "unrecognized_keys"; readonly input: Record<string, unknown> | undefined; readonly path?: PropertyKey[] | undefined; readonly message?: string | undefined; readonly inst?: import("C:/Users/kumar/Downloads/florma-hero/florma/actors/florma-3d-audit/node_m...' is not assignable to type '{ [x: string]: unknown; readonly keys: string[]; readonly code: "unrecognized_keys"; readonly input: Record<string, unknown> | undefined; readonly path?: PropertyKey[] | undefined; readonly message?: string | undefined; readonly inst?: import("C:/Users/kumar/Downloads/florma-hero/florma/actors/florma-3d-audit/node_m...'. Two different types with this name exist, but they are unrelated.
                              Types of property 'inst' are incompatible.
                                Type 'import("C:/Users/kumar/Downloads/florma-hero/florma/actors/florma-3d-audit/node_modules.hidden/zod/src/v4/core/schemas").$ZodType<unknown, unknown, import("C:/Users/kumar/Downloads/florma-hero/florma/actors/florma-3d-audit/node_modules.hidden/zod/src/v4/core/schemas").$ZodTypeInternals<unknown, unknown>> | import("C...' is not assignable to type 'import("C:/Users/kumar/Downloads/florma-hero/florma/actors/florma-3d-audit/node_modules.hidden/zod/v4/core/schemas").$ZodType<unknown, unknown, import("C:/Users/kumar/Downloads/florma-hero/florma/actors/florma-3d-audit/node_modules.hidden/zod/v4/core/schemas").$ZodTypeInternals<unknown, unknown>> | import("C:/Users/...'.
                                  Type '$ZodType<unknown, unknown, $ZodTypeInternals<unknown, unknown>>' is not assignable to type '$ZodType<unknown, unknown, $ZodTypeInternals<unknown, unknown>> | $ZodCheck<never> | undefined'.
                                    Property '_core' is missing in type 'import("C:/Users/kumar/Downloads/florma-hero/florma/actors/florma-3d-audit/node_modules.hidden/zod/src/v4/core/schemas").$ZodType<unknown, unknown, import("C:/Users/kumar/Downloads/florma-hero/florma/actors/florma-3d-audit/node_modules.hidden/zod/src/v4/core/schemas").$ZodTypeInternals<unknown, unknown>>' but required in type 'import("C:/Users/kumar/Downloads/florma-hero/florma/actors/florma-3d-audit/node_modules.hidden/zod/v4/core/schemas").$ZodType<unknown, unknown, import("C:/Users/kumar/Downloads/florma-hero/florma/actors/florma-3d-audit/node_modules.hidden/zod/v4/core/schemas").$ZodTypeInternals<unknown, unknown>>'.
actors/florma-3d-audit/node_modules.hidden/zod/src/v4/classic/tests/deep-partial.test.ts(183,20): error TS2339: Property 'parse' does not exist on type 'SomeType'.
actors/florma-3d-audit/node_modules.hidden/zod/src/v4/classic/tests/deep-partial.test.ts(184,20): error TS2339: Property 'parse' does not exist on type 'SomeType'.
actors/florma-3d-audit/node_modules.hidden/zod/src/v4/classic/tests/deep-partial.test.ts(189,33): error TS2345: Argument of type 'ZodPipe<ZodObject<{ a: ZodString; }, $strip>, ZodObject<{ a: ZodString; }, $strip>>' is not assignable to parameter of type 'SomeType'.
  The types of '_zod.def.checks' are incompatible between these types.
    Type 'import("C:/Users/kumar/Downloads/florma-hero/florma/actors/florma-3d-audit/node_modules.hidden/zod/v4/core/checks").$ZodCheck<never>[] | undefined' is not assignable to type 'import("C:/Users/kumar/Downloads/florma-hero/florma/actors/florma-3d-audit/node_modules.hidden/zod/src/v4/core/checks").$ZodCheck<never>[] | undefined'.
      Type 'import("C:/Users/kumar/Downloads/florma-hero/florma/actors/florma-3d-audit/node_modules.hidden/zod/v4/core/checks").$ZodCheck<never>[]' is not assignable to type 'import("C:/Users/kumar/Downloads/florma-hero/florma/actors/florma-3d-audit/node_modules.hidden/zod/src/v4/core/checks").$ZodCheck<never>[]'.
        Type 'import("C:/Users/kumar/Downloads/florma-hero/florma/actors/florma-3d-audit/node_modules.hidden/zod/v4/core/checks").$ZodCheck<never>' is not assignable to type 'import("C:/Users/kumar/Downloads/florma-hero/florma/actors/florma-3d-audit/node_modules.hidden/zod/src/v4/core/checks").$ZodCheck<never>'.
          The types of '_zod.def.when' are incompatible between these types.
            Type '((payload: import("C:/Users/kumar/Downloads/florma-hero/florma/actors/florma-3d-audit/node_modules.hidden/zod/v4/core/schemas").ParsePayload<unknown>) => boolean) | undefined' is not assignable to type '((payload: import("C:/Users/kumar/Downloads/florma-hero/florma/actors/florma-3d-audit/node_modules.hidden/zod/src/v4/core/schemas").ParsePayload<unknown>) => boolean) | undefined'.
              Type '(payload: import("C:/Users/kumar/Downloads/florma-hero/florma/actors/florma-3d-audit/node_modules.hidden/zod/v4/core/schemas").ParsePayload<unknown>) => boolean' is not assignable to type '(payload: import("C:/Users/kumar/Downloads/florma-hero/florma/actors/florma-3d-audit/node_modules.hidden/zod/src/v4/core/schemas").ParsePayload<unknown>) => boolean'.
                Types of parameters 'payload' and 'payload' are incompatible.
                  Type 'import("C:/Users/kumar/Downloads/florma-hero/florma/actors/florma-3d-audit/node_modules.hidden/zod/src/v4/core/schemas").ParsePayload<unknown>' is not assignable to type 'import("C:/Users/kumar/Downloads/florma-hero/florma/actors/florma-3d-audit/node_modules.hidden/zod/v4/core/schemas").ParsePayload<unknown>'.
                    Types of property 'issues' are incompatible.
                      Type '({ [x: string]: unknown; readonly keys: string[]; readonly code: "unrecognized_keys"; readonly input: Record<string, unknown> | undefined; readonly path?: PropertyKey[] | undefined; readonly message?: string | undefined; readonly inst?: $ZodType<...> | ... 1 more ... | undefined; readonly schema?: $ZodType<...> | un...' is not assignable to type '({ [x: string]: unknown; readonly code: "invalid_type"; readonly input: unknown; readonly expected: $ZodInvalidTypeExpected; readonly path?: PropertyKey[] | undefined; readonly message?: string | undefined; readonly inst?: $ZodType<...> | ... 1 more ... | undefined; readonly schema?: $ZodType<...> | undefined; reado...'.
                        Type '{ [x: string]: unknown; readonly keys: string[]; readonly code: "unrecognized_keys"; readonly input: Record<string, unknown> | undefined; readonly path?: PropertyKey[] | undefined; readonly message?: string | undefined; readonly inst?: $ZodType<...> | ... 1 more ... | undefined; readonly schema?: $ZodType<...> | und...' is not assignable to type '{ [x: string]: unknown; readonly code: "invalid_type"; readonly input: unknown; readonly expected: $ZodInvalidTypeExpected; readonly path?: PropertyKey[] | undefined; readonly message?: string | undefined; readonly inst?: $ZodType<...> | ... 1 more ... | undefined; readonly schema?: $ZodType<...> | undefined; readon...'.
                          Type '{ [x: string]: unknown; readonly keys: string[]; readonly code: "unrecognized_keys"; readonly input: Record<string, unknown> | undefined; readonly path?: PropertyKey[] | undefined; readonly message?: string | undefined; readonly inst?: $ZodType<...> | ... 1 more ... | undefined; readonly schema?: $ZodType<...> | und...' is not assignable to type '{ [x: string]: unknown; readonly code: "invalid_type"; readonly input: unknown; readonly expected: $ZodInvalidTypeExpected; readonly path?: PropertyKey[] | undefined; readonly message?: string | undefined; readonly inst?: $ZodType<...> | ... 1 more ... | undefined; readonly schema?: $ZodType<...> | undefined; readon...'.
                            Type '{ [x: string]: unknown; readonly keys: string[]; readonly code: "unrecognized_keys"; readonly input: Record<string, unknown> | undefined; readonly path?: PropertyKey[] | undefined; readonly message?: string | undefined; readonly inst?: import("C:/Users/kumar/Downloads/florma-hero/florma/actors/florma-3d-audit/node_m...' is not assignable to type '{ [x: string]: unknown; readonly keys: string[]; readonly code: "unrecognized_keys"; readonly input: Record<string, unknown> | undefined; readonly path?: PropertyKey[] | undefined; readonly message?: string | undefined; readonly inst?: import("C:/Users/kumar/Downloads/florma-hero/florma/actors/florma-3d-audit/node_m...'. Two different types with this name exist, but they are unrelated.
                              Types of property 'inst' are incompatible.
                                Type 'import("C:/Users/kumar/Downloads/florma-hero/florma/actors/florma-3d-audit/node_modules.hidden/zod/src/v4/core/schemas").$ZodType<unknown, unknown, import("C:/Users/kumar/Downloads/florma-hero/florma/actors/florma-3d-audit/node_modules.hidden/zod/src/v4/core/schemas").$ZodTypeInternals<unknown, unknown>> | import("C...' is not assignable to type 'import("C:/Users/kumar/Downloads/florma-hero/florma/actors/florma-3d-audit/node_modules.hidden/zod/v4/core/schemas").$ZodType<unknown, unknown, import("C:/Users/kumar/Downloads/florma-hero/florma/actors/florma-3d-audit/node_modules.hidden/zod/v4/core/schemas").$ZodTypeInternals<unknown, unknown>> | import("C:/Users/...'.
                                  Type '$ZodType<unknown, unknown, $ZodTypeInternals<unknown, unknown>>' is not assignable to type '$ZodType<unknown, unknown, $ZodTypeInternals<unknown, unknown>> | $ZodCheck<never> | undefined'.
                                    Property '_core' is missing in type 'import("C:/Users/kumar/Downloads/florma-hero/florma/actors/florma-3d-audit/node_modules.hidden/zod/src/v4/core/schemas").$ZodType<unknown, unknown, import("C:/Users/kumar/Downloads/florma-hero/florma/actors/florma-3d-audit/node_modules.hidden/zod/src/v4/core/schemas").$ZodTypeInternals<unknown, unknown>>' but required in type 'import("C:/Users/kumar/Downloads/florma-hero/florma/actors/florma-3d-audit/node_modules.hidden/zod/v4/core/schemas").$ZodType<unknown, unknown, import("C:/Users/kumar/Downloads/florma-hero/florma/actors/florma-3d-audit/node_modules.hidden/zod/v4/core/schemas").$ZodTypeInternals<unknown, unknown>>'.
actors/florma-3d-audit/node_modules.hidden/zod/src/v4/classic/tests/deep-partial.test.ts(190,20): error TS2339: Property 'parse' does not exist on type 'SomeType'.
actors/florma-3d-audit/node_modules.hidden/zod/src/v4/classic/tests/deep-partial.test.ts(195,33): error TS2345: Argument of type 'ZodTuple<[ZodObject<{ a: ZodString; }, $strip>, ZodString], null>' is not assignable to parameter of type 'SomeType'.
  The types of '_zod.def.checks' are incompatible between these types.
    Type 'import("C:/Users/kumar/Downloads/florma-hero/florma/actors/florma-3d-audit/node_modules.hidden/zod/v4/core/checks").$ZodCheck<never>[] | undefined' is not assignable to type 'import("C:/Users/kumar/Downloads/florma-hero/florma/actors/florma-3d-audit/node_modules.hidden/zod/src/v4/core/checks").$ZodCheck<never>[] | undefined'.
      Type 'import("C:/Users/kumar/Downloads/florma-hero/florma/actors/florma-3d-audit/node_modules.hidden/zod/v4/core/checks").$ZodCheck<never>[]' is not assignable to type 'import("C:/Users/kumar/Downloads/florma-hero/florma/actors/florma-3d-audit/node_modules.hidden/zod/src/v4/core/checks").$ZodCheck<never>[]'.
        Type 'import("C:/Users/kumar/Downloads/florma-hero/florma/actors/florma-3d-audit/node_modules.hidden/zod/v4/core/checks").$ZodCheck<never>' is not assignable to type 'import("C:/Users/kumar/Downloads/florma-hero/florma/actors/florma-3d-audit/node_modules.hidden/zod/src/v4/core/checks").$ZodCheck<never>'.
          The types of '_zod.def.when' are incompatible between these types.
            Type '((payload: import("C:/Users/kumar/Downloads/florma-hero/florma/actors/florma-3d-audit/node_modules.hidden/zod/v4/core/schemas").ParsePayload<unknown>) => boolean) | undefined' is not assignable to type '((payload: import("C:/Users/kumar/Downloads/florma-hero/florma/actors/florma-3d-audit/node_modules.hidden/zod/src/v4/core/schemas").ParsePayload<unknown>) => boolean) | undefined'.
              Type '(payload: import("C:/Users/kumar/Downloads/florma-hero/florma/actors/florma-3d-audit/node_modules.hidden/zod/v4/core/schemas").ParsePayload<unknown>) => boolean' is not assignable to type '(payload: import("C:/Users/kumar/Downloads/florma-hero/florma/actors/florma-3d-audit/node_modules.hidden/zod/src/v4/core/schemas").ParsePayload<unknown>) => boolean'.
                Types of parameters 'payload' and 'payload' are incompatible.
                  Type 'import("C:/Users/kumar/Downloads/florma-hero/florma/actors/florma-3d-audit/node_modules.hidden/zod/src/v4/core/schemas").ParsePayload<unknown>' is not assignable to type 'import("C:/Users/kumar/Downloads/florma-hero/florma/actors/florma-3d-audit/node_modules.hidden/zod/v4/core/schemas").ParsePayload<unknown>'.
                    Types of property 'issues' are incompatible.
                      Type '({ [x: string]: unknown; readonly keys: string[]; readonly code: "unrecognized_keys"; readonly input: Record<string, unknown> | undefined; readonly path?: PropertyKey[] | undefined; readonly message?: string | undefined; readonly inst?: $ZodType<...> | ... 1 more ... | undefined; readonly schema?: $ZodType<...> | un...' is not assignable to type '({ [x: string]: unknown; readonly code: "invalid_type"; readonly input: unknown; readonly expected: $ZodInvalidTypeExpected; readonly path?: PropertyKey[] | undefined; readonly message?: string | undefined; readonly inst?: $ZodType<...> | ... 1 more ... | undefined; readonly schema?: $ZodType<...> | undefined; reado...'.
                        Type '{ [x: string]: unknown; readonly keys: string[]; readonly code: "unrecognized_keys"; readonly input: Record<string, unknown> | undefined; readonly path?: PropertyKey[] | undefined; readonly message?: string | undefined; readonly inst?: $ZodType<...> | ... 1 more ... | undefined; readonly schema?: $ZodType<...> | und...' is not assignable to type '{ [x: string]: unknown; readonly code: "invalid_type"; readonly input: unknown; readonly expected: $ZodInvalidTypeExpected; readonly path?: PropertyKey[] | undefined; readonly message?: string | undefined; readonly inst?: $ZodType<...> | ... 1 more ... | undefined; readonly schema?: $ZodType<...> | undefined; readon...'.
                          Type '{ [x: string]: unknown; readonly keys: string[]; readonly code: "unrecognized_keys"; readonly input: Record<string, unknown> | undefined; readonly path?: PropertyKey[] | undefined; readonly message?: string | undefined; readonly inst?: $ZodType<...> | ... 1 more ... | undefined; readonly schema?: $ZodType<...> | und...' is not assignable to type '{ [x: string]: unknown; readonly code: "invalid_type"; readonly input: unknown; readonly expected: $ZodInvalidTypeExpected; readonly path?: PropertyKey[] | undefined; readonly message?: string | undefined; readonly inst?: $ZodType<...> | ... 1 more ... | undefined; readonly schema?: $ZodType<...> | undefined; readon...'.
                            Type '{ [x: string]: unknown; readonly keys: string[]; readonly code: "unrecognized_keys"; readonly input: Record<string, unknown> | undefined; readonly path?: PropertyKey[] | undefined; readonly message?: string | undefined; readonly inst?: import("C:/Users/kumar/Downloads/florma-hero/florma/actors/florma-3d-audit/node_m...' is not assignable to type '{ [x: string]: unknown; readonly keys: string[]; readonly code: "unrecognized_keys"; readonly input: Record<string, unknown> | undefined; readonly path?: PropertyKey[] | undefined; readonly message?: string | undefined; readonly inst?: import("C:/Users/kumar/Downloads/florma-hero/florma/actors/florma-3d-audit/node_m...'. Two different types with this name exist, but they are unrelated.
                              Types of property 'inst' are incompatible.
                                Type 'import("C:/Users/kumar/Downloads/florma-hero/florma/actors/florma-3d-audit/node_modules.hidden/zod/src/v4/core/schemas").$ZodType<unknown, unknown, import("C:/Users/kumar/Downloads/florma-hero/florma/actors/florma-3d-audit/node_modules.hidden/zod/src/v4/core/schemas").$ZodTypeInternals<unknown, unknown>> | import("C...' is not assignable to type 'import("C:/Users/kumar/Downloads/florma-hero/florma/actors/florma-3d-audit/node_modules.hidden/zod/v4/core/schemas").$ZodType<unknown, unknown, import("C:/Users/kumar/Downloads/florma-hero/florma/actors/florma-3d-audit/node_modules.hidden/zod/v4/core/schemas").$ZodTypeInternals<unknown, unknown>> | import("C:/Users/...'.
                                  Type '$ZodType<unknown, unknown, $ZodTypeInternals<unknown, unknown>>' is not assignable to type '$ZodType<unknown, unknown, $ZodTypeInternals<unknown, unknown>> | $ZodCheck<never> | undefined'.
                                    Property '_core' is missing in type 'import("C:/Users/kumar/Downloads/florma-hero/florma/actors/florma-3d-audit/node_modules.hidden/zod/src/v4/core/schemas").$ZodType<unknown, unknown, import("C:/Users/kumar/Downloads/florma-hero/florma/actors/florma-3d-audit/node_modules.hidden/zod/src/v4/core/schemas").$ZodTypeInternals<unknown, unknown>>' but required in type 'import("C:/Users/kumar/Downloads/florma-hero/florma/actors/florma-3d-audit/node_modules.hidden/zod/v4/core/schemas").$ZodType<unknown, unknown, import("C:/Users/kumar/Downloads/florma-hero/florma/actors/florma-3d-audit/node_modules.hidden/zod/v4/core/schemas").$ZodTypeInternals<unknown, unknown>>'.
actors/florma-3d-audit/node_modules.hidden/zod/src/v4/classic/tests/deep-partial.test.ts(197,26): error TS2339: Property 'parse' does not exist on type 'SomeType'.
actors/florma-3d-audit/node_modules.hidden/zod/src/v4/classic/tests/deep-partial.test.ts(198,20): error TS2339: Property 'parse' does not exist on type 'SomeType'.
actors/florma-3d-audit/node_modules.hidden/zod/src/v4/classic/tests/deep-partial.test.ts(200,20): error TS2339: Property 'parse' does not exist on type 'SomeType'.
actors/florma-3d-audit/node_modules.hidden/zod/src/v4/classic/tests/deep-partial.test.ts(208,33): error TS2345: Argument of type 'ZodIntersection<ZodObject<{ a: ZodObject<{ inner: ZodString; }, $strip>; }, $strip>, ZodObject<{ b: ZodObject<{ inner: ZodNumber; }, $strip>; }, $strip>>' is not assignable to parameter of type 'SomeType'.
  The types of '_zod.def.checks' are incompatible between these types.
    Type 'import("C:/Users/kumar/Downloads/florma-hero/florma/actors/florma-3d-audit/node_modules.hidden/zod/v4/core/checks").$ZodCheck<never>[] | undefined' is not assignable to type 'import("C:/Users/kumar/Downloads/florma-hero/florma/actors/florma-3d-audit/node_modules.hidden/zod/src/v4/core/checks").$ZodCheck<never>[] | undefined'.
      Type 'import("C:/Users/kumar/Downloads/florma-hero/florma/actors/florma-3d-audit/node_modules.hidden/zod/v4/core/checks").$ZodCheck<never>[]' is not assignable to type 'import("C:/Users/kumar/Downloads/florma-hero/florma/actors/florma-3d-audit/node_modules.hidden/zod/src/v4/core/checks").$ZodCheck<never>[]'.
        Type 'import("C:/Users/kumar/Downloads/florma-hero/florma/actors/florma-3d-audit/node_modules.hidden/zod/v4/core/checks").$ZodCheck<never>' is not assignable to type 'import("C:/Users/kumar/Downloads/florma-hero/florma/actors/florma-3d-audit/node_modules.hidden/zod/src/v4/core/checks").$ZodCheck<never>'.
          The types of '_zod.def.when' are incompatible between these types.
            Type '((payload: import("C:/Users/kumar/Downloads/florma-hero/florma/actors/florma-3d-audit/node_modules.hidden/zod/v4/core/schemas").ParsePayload<unknown>) => boolean) | undefined' is not assignable to type '((payload: import("C:/Users/kumar/Downloads/florma-hero/florma/actors/florma-3d-audit/node_modules.hidden/zod/src/v4/core/schemas").ParsePayload<unknown>) => boolean) | undefined'.
              Type '(payload: import("C:/Users/kumar/Downloads/florma-hero/florma/actors/florma-3d-audit/node_modules.hidden/zod/v4/core/schemas").ParsePayload<unknown>) => boolean' is not assignable to type '(payload: import("C:/Users/kumar/Downloads/florma-hero/florma/actors/florma-3d-audit/node_modules.hidden/zod/src/v4/core/schemas").ParsePayload<unknown>) => boolean'.
                Types of parameters 'payload' and 'payload' are incompatible.
                  Type 'import("C:/Users/kumar/Downloads/florma-hero/florma/actors/florma-3d-audit/node_modules.hidden/zod/src/v4/core/schemas").ParsePayload<unknown>' is not assignable to type 'import("C:/Users/kumar/Downloads/florma-hero/florma/actors/florma-3d-audit/node_modules.hidden/zod/v4/core/schemas").ParsePayload<unknown>'.
                    Types of property 'issues' are incompatible.
                      Type '({ [x: string]: unknown; readonly keys: string[]; readonly code: "unrecognized_keys"; readonly input: Record<string, unknown> | undefined; readonly path?: PropertyKey[] | undefined; readonly message?: string | undefined; readonly inst?: $ZodType<...> | ... 1 more ... | undefined; readonly schema?: $ZodType<...> | un...' is not assignable to type '({ [x: string]: unknown; readonly code: "invalid_type"; readonly input: unknown; readonly expected: $ZodInvalidTypeExpected; readonly path?: PropertyKey[] | undefined; readonly message?: string | undefined; readonly inst?: $ZodType<...> | ... 1 more ... | undefined; readonly schema?: $ZodType<...> | undefined; reado...'.
                        Type '{ [x: string]: unknown; readonly keys: string[]; readonly code: "unrecognized_keys"; readonly input: Record<string, unknown> | undefined; readonly path?: PropertyKey[] | undefined; readonly message?: string | undefined; readonly inst?: $ZodType<...> | ... 1 more ... | undefined; readonly schema?: $ZodType<...> | und...' is not assignable to type '{ [x: string]: unknown; readonly code: "invalid_type"; readonly input: unknown; readonly expected: $ZodInvalidTypeExpected; readonly path?: PropertyKey[] | undefined; readonly message?: string | undefined; readonly inst?: $ZodType<...> | ... 1 more ... | undefined; readonly schema?: $ZodType<...> | undefined; readon...'.
                          Type '{ [x: string]: unknown; readonly keys: string[]; readonly code: "unrecognized_keys"; readonly input: Record<string, unknown> | undefined; readonly path?: PropertyKey[] | undefined; readonly message?: string | undefined; readonly inst?: $ZodType<...> | ... 1 more ... | undefined; readonly schema?: $ZodType<...> | und...' is not assignable to type '{ [x: string]: unknown; readonly code: "invalid_type"; readonly input: unknown; readonly expected: $ZodInvalidTypeExpected; readonly path?: PropertyKey[] | undefined; readonly message?: string | undefined; readonly inst?: $ZodType<...> | ... 1 more ... | undefined; readonly schema?: $ZodType<...> | undefined; readon...'.
                            Type '{ [x: string]: unknown; readonly keys: string[]; readonly code: "unrecognized_keys"; readonly input: Record<string, unknown> | undefined; readonly path?: PropertyKey[] | undefined; readonly message?: string | undefined; readonly inst?: import("C:/Users/kumar/Downloads/florma-hero/florma/actors/florma-3d-audit/node_m...' is not assignable to type '{ [x: string]: unknown; readonly keys: string[]; readonly code: "unrecognized_keys"; readonly input: Record<string, unknown> | undefined; readonly path?: PropertyKey[] | undefined; readonly message?: string | undefined; readonly inst?: import("C:/Users/kumar/Downloads/florma-hero/florma/actors/florma-3d-audit/node_m...'. Two different types with this name exist, but they are unrelated.
                              Types of property 'inst' are incompatible.
                                Type 'import("C:/Users/kumar/Downloads/florma-hero/florma/actors/florma-3d-audit/node_modules.hidden/zod/src/v4/core/schemas").$ZodType<unknown, unknown, import("C:/Users/kumar/Downloads/florma-hero/florma/actors/florma-3d-audit/node_modules.hidden/zod/src/v4/core/schemas").$ZodTypeInternals<unknown, unknown>> | import("C...' is not assignable to type 'import("C:/Users/kumar/Downloads/florma-hero/florma/actors/florma-3d-audit/node_modules.hidden/zod/v4/core/schemas").$ZodType<unknown, unknown, import("C:/Users/kumar/Downloads/florma-hero/florma/actors/florma-3d-audit/node_modules.hidden/zod/v4/core/schemas").$ZodTypeInternals<unknown, unknown>> | import("C:/Users/...'.
                                  Type '$ZodType<unknown, unknown, $ZodTypeInternals<unknown, unknown>>' is not assignable to type '$ZodType<unknown, unknown, $ZodTypeInternals<unknown, unknown>> | $ZodCheck<never> | undefined'.
                                    Property '_core' is missing in type 'import("C:/Users/kumar/Downloads/florma-hero/florma/actors/florma-3d-audit/node_modules.hidden/zod/src/v4/core/schemas").$ZodType<unknown, unknown, import("C:/Users/kumar/Downloads/florma-hero/florma/actors/florma-3d-audit/node_modules.hidden/zod/src/v4/core/schemas").$ZodTypeInternals<unknown, unknown>>' but required in type 'import("C:/Users/kumar/Downloads/florma-hero/florma/actors/florma-3d-audit/node_modules.hidden/zod/v4/core/schemas").$ZodType<unknown, unknown, import("C:/Users/kumar/Downloads/florma-hero/florma/actors/florma-3d-audit/node_modules.hidden/zod/v4/core/schemas").$ZodTypeInternals<unknown, unknown>>'.
actors/florma-3d-audit/node_modules.hidden/zod/src/v4/classic/tests/deep-partial.test.ts(211,20): error TS2339: Property 'parse' does not exist on type 'SomeType'.
actors/florma-3d-audit/node_modules.hidden/zod/src/v4/classic/tests/deep-partial.test.ts(213,20): error TS2339: Property 'parse' does not exist on type 'SomeType'.
actors/florma-3d-audit/node_modules.hidden/zod/src/v4/classic/tests/deep-partial.test.ts(218,33): error TS2345: Argument of type 'ZodPromise<ZodObject<{ a: ZodString; }, $strip>>' is not assignable to parameter of type 'SomeType'.
  The types of '_zod.def.checks' are incompatible between these types.
    Type 'import("C:/Users/kumar/Downloads/florma-hero/florma/actors/florma-3d-audit/node_modules.hidden/zod/v4/core/checks").$ZodCheck<never>[] | undefined' is not assignable to type 'import("C:/Users/kumar/Downloads/florma-hero/florma/actors/florma-3d-audit/node_modules.hidden/zod/src/v4/core/checks").$ZodCheck<never>[] | undefined'.
      Type 'import("C:/Users/kumar/Downloads/florma-hero/florma/actors/florma-3d-audit/node_modules.hidden/zod/v4/core/checks").$ZodCheck<never>[]' is not assignable to type 'import("C:/Users/kumar/Downloads/florma-hero/florma/actors/florma-3d-audit/node_modules.hidden/zod/src/v4/core/checks").$ZodCheck<never>[]'.
        Type 'import("C:/Users/kumar/Downloads/florma-hero/florma/actors/florma-3d-audit/node_modules.hidden/zod/v4/core/checks").$ZodCheck<never>' is not assignable to type 'import("C:/Users/kumar/Downloads/florma-hero/florma/actors/florma-3d-audit/node_modules.hidden/zod/src/v4/core/checks").$ZodCheck<never>'.
          The types of '_zod.def.when' are incompatible between these types.
            Type '((payload: import("C:/Users/kumar/Downloads/florma-hero/florma/actors/florma-3d-audit/node_modules.hidden/zod/v4/core/schemas").ParsePayload<unknown>) => boolean) | undefined' is not assignable to type '((payload: import("C:/Users/kumar/Downloads/florma-hero/florma/actors/florma-3d-audit/node_modules.hidden/zod/src/v4/core/schemas").ParsePayload<unknown>) => boolean) | undefined'.
              Type '(payload: import("C:/Users/kumar/Downloads/florma-hero/florma/actors/florma-3d-audit/node_modules.hidden/zod/v4/core/schemas").ParsePayload<unknown>) => boolean' is not assignable to type '(payload: import("C:/Users/kumar/Downloads/florma-hero/florma/actors/florma-3d-audit/node_modules.hidden/zod/src/v4/core/schemas").ParsePayload<unknown>) => boolean'.
                Types of parameters 'payload' and 'payload' are incompatible.
                  Type 'import("C:/Users/kumar/Downloads/florma-hero/florma/actors/florma-3d-audit/node_modules.hidden/zod/src/v4/core/schemas").ParsePayload<unknown>' is not assignable to type 'import("C:/Users/kumar/Downloads/florma-hero/florma/actors/florma-3d-audit/node_modules.hidden/zod/v4/core/schemas").ParsePayload<unknown>'.
                    Types of property 'issues' are incompatible.
                      Type '({ [x: string]: unknown; readonly keys: string[]; readonly code: "unrecognized_keys"; readonly input: Record<string, unknown> | undefined; readonly path?: PropertyKey[] | undefined; readonly message?: string | undefined; readonly inst?: $ZodType<...> | ... 1 more ... | undefined; readonly schema?: $ZodType<...> | un...' is not assignable to type '({ [x: string]: unknown; readonly code: "invalid_type"; readonly input: unknown; readonly expected: $ZodInvalidTypeExpected; readonly path?: PropertyKey[] | undefined; readonly message?: string | undefined; readonly inst?: $ZodType<...> | ... 1 more ... | undefined; readonly schema?: $ZodType<...> | undefined; reado...'.
                        Type '{ [x: string]: unknown; readonly keys: string[]; readonly code: "unrecognized_keys"; readonly input: Record<string, unknown> | undefined; readonly path?: PropertyKey[] | undefined; readonly message?: string | undefined; readonly inst?: $ZodType<...> | ... 1 more ... | undefined; readonly schema?: $ZodType<...> | und...' is not assignable to type '{ [x: string]: unknown; readonly code: "invalid_type"; readonly input: unknown; readonly expected: $ZodInvalidTypeExpected; readonly path?: PropertyKey[] | undefined; readonly message?: string | undefined; readonly inst?: $ZodType<...> | ... 1 more ... | undefined; readonly schema?: $ZodType<...> | undefined; readon...'.
                          Type '{ [x: string]: unknown; readonly keys: string[]; readonly code: "unrecognized_keys"; readonly input: Record<string, unknown> | undefined; readonly path?: PropertyKey[] | undefined; readonly message?: string | undefined; readonly inst?: $ZodType<...> | ... 1 more ... | undefined; readonly schema?: $ZodType<...> | und...' is not assignable to type '{ [x: string]: unknown; readonly code: "invalid_type"; readonly input: unknown; readonly expected: $ZodInvalidTypeExpected; readonly path?: PropertyKey[] | undefined; readonly message?: string | undefined; readonly inst?: $ZodType<...> | ... 1 more ... | undefined; readonly schema?: $ZodType<...> | undefined; readon...'.
                            Type '{ [x: string]: unknown; readonly keys: string[]; readonly code: "unrecognized_keys"; readonly input: Record<string, unknown> | undefined; readonly path?: PropertyKey[] | undefined; readonly message?: string | undefined; readonly inst?: import("C:/Users/kumar/Downloads/florma-hero/florma/actors/florma-3d-audit/node_m...' is not assignable to type '{ [x: string]: unknown; readonly keys: string[]; readonly code: "unrecognized_keys"; readonly input: Record<string, unknown> | undefined; readonly path?: PropertyKey[] | undefined; readonly message?: string | undefined; readonly inst?: import("C:/Users/kumar/Downloads/florma-hero/florma/actors/florma-3d-audit/node_m...'. Two different types with this name exist, but they are unrelated.
                              Types of property 'inst' are incompatible.
                                Type 'import("C:/Users/kumar/Downloads/florma-hero/florma/actors/florma-3d-audit/node_modules.hidden/zod/src/v4/core/schemas").$ZodType<unknown, unknown, import("C:/Users/kumar/Downloads/florma-hero/florma/actors/florma-3d-audit/node_modules.hidden/zod/src/v4/core/schemas").$ZodTypeInternals<unknown, unknown>> | import("C...' is not assignable to type 'import("C:/Users/kumar/Downloads/florma-hero/florma/actors/florma-3d-audit/node_modules.hidden/zod/v4/core/schemas").$ZodType<unknown, unknown, import("C:/Users/kumar/Downloads/florma-hero/florma/actors/florma-3d-audit/node_modules.hidden/zod/v4/core/schemas").$ZodTypeInternals<unknown, unknown>> | import("C:/Users/...'.
                                  Type '$ZodType<unknown, unknown, $ZodTypeInternals<unknown, unknown>>' is not assignable to type '$ZodType<unknown, unknown, $ZodTypeInternals<unknown, unknown>> | $ZodCheck<never> | undefined'.
                                    Property '_core' is missing in type 'import("C:/Users/kumar/Downloads/florma-hero/florma/actors/florma-3d-audit/node_modules.hidden/zod/src/v4/core/schemas").$ZodType<unknown, unknown, import("C:/Users/kumar/Downloads/florma-hero/florma/actors/florma-3d-audit/node_modules.hidden/zod/src/v4/core/schemas").$ZodTypeInternals<unknown, unknown>>' but required in type 'import("C:/Users/kumar/Downloads/florma-hero/florma/actors/florma-3d-audit/node_modules.hidden/zod/v4/core/schemas").$ZodType<unknown, unknown, import("C:/Users/kumar/Downloads/florma-hero/florma/actors/florma-3d-audit/node_modules.hidden/zod/v4/core/schemas").$ZodTypeInternals<unknown, unknown>>'.
actors/florma-3d-audit/node_modules.hidden/zod/src/v4/classic/tests/deep-partial.test.ts(224,33): error TS2345: Argument of type 'ZodSuccess<ZodObject<{ a: ZodString; }, $strip>>' is not assignable to parameter of type 'SomeType'.
  The types of '_zod.def.checks' are incompatible between these types.
    Type 'import("C:/Users/kumar/Downloads/florma-hero/florma/actors/florma-3d-audit/node_modules.hidden/zod/v4/core/checks").$ZodCheck<never>[] | undefined' is not assignable to type 'import("C:/Users/kumar/Downloads/florma-hero/florma/actors/florma-3d-audit/node_modules.hidden/zod/src/v4/core/checks").$ZodCheck<never>[] | undefined'.
      Type 'import("C:/Users/kumar/Downloads/florma-hero/florma/actors/florma-3d-audit/node_modules.hidden/zod/v4/core/checks").$ZodCheck<never>[]' is not assignable to type 'import("C:/Users/kumar/Downloads/florma-hero/florma/actors/florma-3d-audit/node_modules.hidden/zod/src/v4/core/checks").$ZodCheck<never>[]'.
        Type 'import("C:/Users/kumar/Downloads/florma-hero/florma/actors/florma-3d-audit/node_modules.hidden/zod/v4/core/checks").$ZodCheck<never>' is not assignable to type 'import("C:/Users/kumar/Downloads/florma-hero/florma/actors/florma-3d-audit/node_modules.hidden/zod/src/v4/core/checks").$ZodCheck<never>'.
          The types of '_zod.def.when' are incompatible between these types.
            Type '((payload: import("C:/Users/kumar/Downloads/florma-hero/florma/actors/florma-3d-audit/node_modules.hidden/zod/v4/core/schemas").ParsePayload<unknown>) => boolean) | undefined' is not assignable to type '((payload: import("C:/Users/kumar/Downloads/florma-hero/florma/actors/florma-3d-audit/node_modules.hidden/zod/src/v4/core/schemas").ParsePayload<unknown>) => boolean) | undefined'.
              Type '(payload: import("C:/Users/kumar/Downloads/florma-hero/florma/actors/florma-3d-audit/node_modules.hidden/zod/v4/core/schemas").ParsePayload<unknown>) => boolean' is not assignable to type '(payload: import("C:/Users/kumar/Downloads/florma-hero/florma/actors/florma-3d-audit/node_modules.hidden/zod/src/v4/core/schemas").ParsePayload<unknown>) => boolean'.
                Types of parameters 'payload' and 'payload' are incompatible.
                  Type 'import("C:/Users/kumar/Downloads/florma-hero/florma/actors/florma-3d-audit/node_modules.hidden/zod/src/v4/core/schemas").ParsePayload<unknown>' is not assignable to type 'import("C:/Users/kumar/Downloads/florma-hero/florma/actors/florma-3d-audit/node_modules.hidden/zod/v4/core/schemas").ParsePayload<unknown>'.
                    Types of property 'issues' are incompatible.
                      Type '({ [x: string]: unknown; readonly keys: string[]; readonly code: "unrecognized_keys"; readonly input: Record<string, unknown> | undefined; readonly path?: PropertyKey[] | undefined; readonly message?: string | undefined; readonly inst?: $ZodType<...> | ... 1 more ... | undefined; readonly schema?: $ZodType<...> | un...' is not assignable to type '({ [x: string]: unknown; readonly code: "invalid_type"; readonly input: unknown; readonly expected: $ZodInvalidTypeExpected; readonly path?: PropertyKey[] | undefined; readonly message?: string | undefined; readonly inst?: $ZodType<...> | ... 1 more ... | undefined; readonly schema?: $ZodType<...> | undefined; reado...'.
                        Type '{ [x: string]: unknown; readonly keys: string[]; readonly code: "unrecognized_keys"; readonly input: Record<string, unknown> | undefined; readonly path?: PropertyKey[] | undefined; readonly message?: string | undefined; readonly inst?: $ZodType<...> | ... 1 more ... | undefined; readonly schema?: $ZodType<...> | und...' is not assignable to type '{ [x: string]: unknown; readonly code: "invalid_type"; readonly input: unknown; readonly expected: $ZodInvalidTypeExpected; readonly path?: PropertyKey[] | undefined; readonly message?: string | undefined; readonly inst?: $ZodType<...> | ... 1 more ... | undefined; readonly schema?: $ZodType<...> | undefined; readon...'.
                          Type '{ [x: string]: unknown; readonly keys: string[]; readonly code: "unrecognized_keys"; readonly input: Record<string, unknown> | undefined; readonly path?: PropertyKey[] | undefined; readonly message?: string | undefined; readonly inst?: $ZodType<...> | ... 1 more ... | undefined; readonly schema?: $ZodType<...> | und...' is not assignable to type '{ [x: string]: unknown; readonly code: "invalid_type"; readonly input: unknown; readonly expected: $ZodInvalidTypeExpected; readonly path?: PropertyKey[] | undefined; readonly message?: string | undefined; readonly inst?: $ZodType<...> | ... 1 more ... | undefined; readonly schema?: $ZodType<...> | undefined; readon...'.
                            Type '{ [x: string]: unknown; readonly keys: string[]; readonly code: "unrecognized_keys"; readonly input: Record<string, unknown> | undefined; readonly path?: PropertyKey[] | undefined; readonly message?: string | undefined; readonly inst?: import("C:/Users/kumar/Downloads/florma-hero/florma/actors/florma-3d-audit/node_m...' is not assignable to type '{ [x: string]: unknown; readonly keys: string[]; readonly code: "unrecognized_keys"; readonly input: Record<string, unknown> | undefined; readonly path?: PropertyKey[] | undefined; readonly message?: string | undefined; readonly inst?: import("C:/Users/kumar/Downloads/florma-hero/florma/actors/florma-3d-audit/node_m...'. Two different types with this name exist, but they are unrelated.
                              Types of property 'inst' are incompatible.
                                Type 'import("C:/Users/kumar/Downloads/florma-hero/florma/actors/florma-3d-audit/node_modules.hidden/zod/src/v4/core/schemas").$ZodType<unknown, unknown, import("C:/Users/kumar/Downloads/florma-hero/florma/actors/florma-3d-audit/node_modules.hidden/zod/src/v4/core/schemas").$ZodTypeInternals<unknown, unknown>> | import("C...' is not assignable to type 'import("C:/Users/kumar/Downloads/florma-hero/florma/actors/florma-3d-audit/node_modules.hidden/zod/v4/core/schemas").$ZodType<unknown, unknown, import("C:/Users/kumar/Downloads/florma-hero/florma/actors/florma-3d-audit/node_modules.hidden/zod/v4/core/schemas").$ZodTypeInternals<unknown, unknown>> | import("C:/Users/...'.
                                  Type '$ZodType<unknown, unknown, $ZodTypeInternals<unknown, unknown>>' is not assignable to type '$ZodType<unknown, unknown, $ZodTypeInternals<unknown, unknown>> | $ZodCheck<never> | undefined'.
                                    Property '_core' is missing in type 'import("C:/Users/kumar/Downloads/florma-hero/florma/actors/florma-3d-audit/node_modules.hidden/zod/src/v4/core/schemas").$ZodType<unknown, unknown, import("C:/Users/kumar/Downloads/florma-hero/florma/actors/florma-3d-audit/node_modules.hidden/zod/src/v4/core/schemas").$ZodTypeInternals<unknown, unknown>>' but required in type 'import("C:/Users/kumar/Downloads/florma-hero/florma/actors/florma-3d-audit/node_modules.hidden/zod/v4/core/schemas").$ZodType<unknown, unknown, import("C:/Users/kumar/Downloads/florma-hero/florma/actors/florma-3d-audit/node_modules.hidden/zod/v4/core/schemas").$ZodTypeInternals<unknown, unknown>>'.
actors/florma-3d-audit/node_modules.hidden/zod/src/v4/classic/tests/deep-partial.test.ts(233,33): error TS2345: Argument of type 'ZodCodec<ZodObject<{ a: ZodString; }, $strip>, ZodObject<{ a: ZodString; }, $strip>>' is not assignable to parameter of type 'SomeType'.
  The types of '_zod.def.checks' are incompatible between these types.
    Type 'import("C:/Users/kumar/Downloads/florma-hero/florma/actors/florma-3d-audit/node_modules.hidden/zod/v4/core/checks").$ZodCheck<never>[] | undefined' is not assignable to type 'import("C:/Users/kumar/Downloads/florma-hero/florma/actors/florma-3d-audit/node_modules.hidden/zod/src/v4/core/checks").$ZodCheck<never>[] | undefined'.
      Type 'import("C:/Users/kumar/Downloads/florma-hero/florma/actors/florma-3d-audit/node_modules.hidden/zod/v4/core/checks").$ZodCheck<never>[]' is not assignable to type 'import("C:/Users/kumar/Downloads/florma-hero/florma/actors/florma-3d-audit/node_modules.hidden/zod/src/v4/core/checks").$ZodCheck<never>[]'.
        Type 'import("C:/Users/kumar/Downloads/florma-hero/florma/actors/florma-3d-audit/node_modules.hidden/zod/v4/core/checks").$ZodCheck<never>' is not assignable to type 'import("C:/Users/kumar/Downloads/florma-hero/florma/actors/florma-3d-audit/node_modules.hidden/zod/src/v4/core/checks").$ZodCheck<never>'.
          The types of '_zod.def.when' are incompatible between these types.
            Type '((payload: import("C:/Users/kumar/Downloads/florma-hero/florma/actors/florma-3d-audit/node_modules.hidden/zod/v4/core/schemas").ParsePayload<unknown>) => boolean) | undefined' is not assignable to type '((payload: import("C:/Users/kumar/Downloads/florma-hero/florma/actors/florma-3d-audit/node_modules.hidden/zod/src/v4/core/schemas").ParsePayload<unknown>) => boolean) | undefined'.
              Type '(payload: import("C:/Users/kumar/Downloads/florma-hero/florma/actors/florma-3d-audit/node_modules.hidden/zod/v4/core/schemas").ParsePayload<unknown>) => boolean' is not assignable to type '(payload: import("C:/Users/kumar/Downloads/florma-hero/florma/actors/florma-3d-audit/node_modules.hidden/zod/src/v4/core/schemas").ParsePayload<unknown>) => boolean'.
                Types of parameters 'payload' and 'payload' are incompatible.
                  Type 'import("C:/Users/kumar/Downloads/florma-hero/florma/actors/florma-3d-audit/node_modules.hidden/zod/src/v4/core/schemas").ParsePayload<unknown>' is not assignable to type 'import("C:/Users/kumar/Downloads/florma-hero/florma/actors/florma-3d-audit/node_modules.hidden/zod/v4/core/schemas").ParsePayload<unknown>'.
                    Types of property 'issues' are incompatible.
                      Type '({ [x: string]: unknown; readonly keys: string[]; readonly code: "unrecognized_keys"; readonly input: Record<string, unknown> | undefined; readonly path?: PropertyKey[] | undefined; readonly message?: string | undefined; readonly inst?: $ZodType<...> | ... 1 more ... | undefined; readonly schema?: $ZodType<...> | un...' is not assignable to type '({ [x: string]: unknown; readonly code: "invalid_type"; readonly input: unknown; readonly expected: $ZodInvalidTypeExpected; readonly path?: PropertyKey[] | undefined; readonly message?: string | undefined; readonly inst?: $ZodType<...> | ... 1 more ... | undefined; readonly schema?: $ZodType<...> | undefined; reado...'.
                        Type '{ [x: string]: unknown; readonly keys: string[]; readonly code: "unrecognized_keys"; readonly input: Record<string, unknown> | undefined; readonly path?: PropertyKey[] | undefined; readonly message?: string | undefined; readonly inst?: $ZodType<...> | ... 1 more ... | undefined; readonly schema?: $ZodType<...> | und...' is not assignable to type '{ [x: string]: unknown; readonly code: "invalid_type"; readonly input: unknown; readonly expected: $ZodInvalidTypeExpected; readonly path?: PropertyKey[] | undefined; readonly message?: string | undefined; readonly inst?: $ZodType<...> | ... 1 more ... | undefined; readonly schema?: $ZodType<...> | undefined; readon...'.
                          Type '{ [x: string]: unknown; readonly keys: string[]; readonly code: "unrecognized_keys"; readonly input: Record<string, unknown> | undefined; readonly path?: PropertyKey[] | undefined; readonly message?: string | undefined; readonly inst?: $ZodType<...> | ... 1 more ... | undefined; readonly schema?: $ZodType<...> | und...' is not assignable to type '{ [x: string]: unknown; readonly code: "invalid_type"; readonly input: unknown; readonly expected: $ZodInvalidTypeExpected; readonly path?: PropertyKey[] | undefined; readonly message?: string | undefined; readonly inst?: $ZodType<...> | ... 1 more ... | undefined; readonly schema?: $ZodType<...> | undefined; readon...'.
                            Type '{ [x: string]: unknown; readonly keys: string[]; readonly code: "unrecognized_keys"; readonly input: Record<string, unknown> | undefined; readonly path?: PropertyKey[] | undefined; readonly message?: string | undefined; readonly inst?: import("C:/Users/kumar/Downloads/florma-hero/florma/actors/florma-3d-audit/node_m...' is not assignable to type '{ [x: string]: unknown; readonly keys: string[]; readonly code: "unrecognized_keys"; readonly input: Record<string, unknown> | undefined; readonly path?: PropertyKey[] | undefined; readonly message?: string | undefined; readonly inst?: import("C:/Users/kumar/Downloads/florma-hero/florma/actors/florma-3d-audit/node_m...'. Two different types with this name exist, but they are unrelated.
                              Types of property 'inst' are incompatible.
                                Type 'import("C:/Users/kumar/Downloads/florma-hero/florma/actors/florma-3d-audit/node_modules.hidden/zod/src/v4/core/schemas").$ZodType<unknown, unknown, import("C:/Users/kumar/Downloads/florma-hero/florma/actors/florma-3d-audit/node_modules.hidden/zod/src/v4/core/schemas").$ZodTypeInternals<unknown, unknown>> | import("C...' is not assignable to type 'import("C:/Users/kumar/Downloads/florma-hero/florma/actors/florma-3d-audit/node_modules.hidden/zod/v4/core/schemas").$ZodType<unknown, unknown, import("C:/Users/kumar/Downloads/florma-hero/florma/actors/florma-3d-audit/node_modules.hidden/zod/v4/core/schemas").$ZodTypeInternals<unknown, unknown>> | import("C:/Users/...'.
                                  Type '$ZodType<unknown, unknown, $ZodTypeInternals<unknown, unknown>>' is not assignable to type '$ZodType<unknown, unknown, $ZodTypeInternals<unknown, unknown>> | $ZodCheck<never> | undefined'.
                                    Property '_core' is missing in type 'import("C:/Users/kumar/Downloads/florma-hero/florma/actors/florma-3d-audit/node_modules.hidden/zod/src/v4/core/schemas").$ZodType<unknown, unknown, import("C:/Users/kumar/Downloads/florma-hero/florma/actors/florma-3d-audit/node_modules.hidden/zod/src/v4/core/schemas").$ZodTypeInternals<unknown, unknown>>' but required in type 'import("C:/Users/kumar/Downloads/florma-hero/florma/actors/florma-3d-audit/node_modules.hidden/zod/v4/core/schemas").$ZodType<unknown, unknown, import("C:/Users/kumar/Downloads/florma-hero/florma/actors/florma-3d-audit/node_modules.hidden/zod/v4/core/schemas").$ZodTypeInternals<unknown, unknown>>'.
actors/florma-3d-audit/node_modules.hidden/zod/src/v4/classic/tests/deep-partial.test.ts(235,20): error TS2339: Property 'parse' does not exist on type 'SomeType'.
actors/florma-3d-audit/node_modules.hidden/zod/src/v4/classic/tests/deep-partial.test.ts(240,33): error TS2345: Argument of type 'ZodPreprocess<ZodObject<{ a: ZodString; }, $strip>, unknown>' is not assignable to parameter of type 'SomeType'.
  The types of '_zod.def.checks' are incompatible between these types.
    Type 'import("C:/Users/kumar/Downloads/florma-hero/florma/actors/florma-3d-audit/node_modules.hidden/zod/v4/core/checks").$ZodCheck<never>[] | undefined' is not assignable to type 'import("C:/Users/kumar/Downloads/florma-hero/florma/actors/florma-3d-audit/node_modules.hidden/zod/src/v4/core/checks").$ZodCheck<never>[] | undefined'.
      Type 'import("C:/Users/kumar/Downloads/florma-hero/florma/actors/florma-3d-audit/node_modules.hidden/zod/v4/core/checks").$ZodCheck<never>[]' is not assignable to type 'import("C:/Users/kumar/Downloads/florma-hero/florma/actors/florma-3d-audit/node_modules.hidden/zod/src/v4/core/checks").$ZodCheck<never>[]'.
        Type 'import("C:/Users/kumar/Downloads/florma-hero/florma/actors/florma-3d-audit/node_modules.hidden/zod/v4/core/checks").$ZodCheck<never>' is not assignable to type 'import("C:/Users/kumar/Downloads/florma-hero/florma/actors/florma-3d-audit/node_modules.hidden/zod/src/v4/core/checks").$ZodCheck<never>'.
          The types of '_zod.def.when' are incompatible between these types.
            Type '((payload: import("C:/Users/kumar/Downloads/florma-hero/florma/actors/florma-3d-audit/node_modules.hidden/zod/v4/core/schemas").ParsePayload<unknown>) => boolean) | undefined' is not assignable to type '((payload: import("C:/Users/kumar/Downloads/florma-hero/florma/actors/florma-3d-audit/node_modules.hidden/zod/src/v4/core/schemas").ParsePayload<unknown>) => boolean) | undefined'.
              Type '(payload: import("C:/Users/kumar/Downloads/florma-hero/florma/actors/florma-3d-audit/node_modules.hidden/zod/v4/core/schemas").ParsePayload<unknown>) => boolean' is not assignable to type '(payload: import("C:/Users/kumar/Downloads/florma-hero/florma/actors/florma-3d-audit/node_modules.hidden/zod/src/v4/core/schemas").ParsePayload<unknown>) => boolean'.
                Types of parameters 'payload' and 'payload' are incompatible.
                  Type 'import("C:/Users/kumar/Downloads/florma-hero/florma/actors/florma-3d-audit/node_modules.hidden/zod/src/v4/core/schemas").ParsePayload<unknown>' is not assignable to type 'import("C:/Users/kumar/Downloads/florma-hero/florma/actors/florma-3d-audit/node_modules.hidden/zod/v4/core/schemas").ParsePayload<unknown>'.
                    Types of property 'issues' are incompatible.
                      Type '({ [x: string]: unknown; readonly keys: string[]; readonly code: "unrecognized_keys"; readonly input: Record<string, unknown> | undefined; readonly path?: PropertyKey[] | undefined; readonly message?: string | undefined; readonly inst?: $ZodType<...> | ... 1 more ... | undefined; readonly schema?: $ZodType<...> | un...' is not assignable to type '({ [x: string]: unknown; readonly code: "invalid_type"; readonly input: unknown; readonly expected: $ZodInvalidTypeExpected; readonly path?: PropertyKey[] | undefined; readonly message?: string | undefined; readonly inst?: $ZodType<...> | ... 1 more ... | undefined; readonly schema?: $ZodType<...> | undefined; reado...'.
                        Type '{ [x: string]: unknown; readonly keys: string[]; readonly code: "unrecognized_keys"; readonly input: Record<string, unknown> | undefined; readonly path?: PropertyKey[] | undefined; readonly message?: string | undefined; readonly inst?: $ZodType<...> | ... 1 more ... | undefined; readonly schema?: $ZodType<...> | und...' is not assignable to type '{ [x: string]: unknown; readonly code: "invalid_type"; readonly input: unknown; readonly expected: $ZodInvalidTypeExpected; readonly path?: PropertyKey[] | undefined; readonly message?: string | undefined; readonly inst?: $ZodType<...> | ... 1 more ... | undefined; readonly schema?: $ZodType<...> | undefined; readon...'.
                          Type '{ [x: string]: unknown; readonly keys: string[]; readonly code: "unrecognized_keys"; readonly input: Record<string, unknown> | undefined; readonly path?: PropertyKey[] | undefined; readonly message?: string | undefined; readonly inst?: $ZodType<...> | ... 1 more ... | undefined; readonly schema?: $ZodType<...> | und...' is not assignable to type '{ [x: string]: unknown; readonly code: "invalid_type"; readonly input: unknown; readonly expected: $ZodInvalidTypeExpected; readonly path?: PropertyKey[] | undefined; readonly message?: string | undefined; readonly inst?: $ZodType<...> | ... 1 more ... | undefined; readonly schema?: $ZodType<...> | undefined; readon...'.
                            Type '{ [x: string]: unknown; readonly keys: string[]; readonly code: "unrecognized_keys"; readonly input: Record<string, unknown> | undefined; readonly path?: PropertyKey[] | undefined; readonly message?: string | undefined; readonly inst?: import("C:/Users/kumar/Downloads/florma-hero/florma/actors/florma-3d-audit/node_m...' is not assignable to type '{ [x: string]: unknown; readonly keys: string[]; readonly code: "unrecognized_keys"; readonly input: Record<string, unknown> | undefined; readonly path?: PropertyKey[] | undefined; readonly message?: string | undefined; readonly inst?: import("C:/Users/kumar/Downloads/florma-hero/florma/actors/florma-3d-audit/node_m...'. Two different types with this name exist, but they are unrelated.
                              Types of property 'inst' are incompatible.
                                Type 'import("C:/Users/kumar/Downloads/florma-hero/florma/actors/florma-3d-audit/node_modules.hidden/zod/src/v4/core/schemas").$ZodType<unknown, unknown, import("C:/Users/kumar/Downloads/florma-hero/florma/actors/florma-3d-audit/node_modules.hidden/zod/src/v4/core/schemas").$ZodTypeInternals<unknown, unknown>> | import("C...' is not assignable to type 'import("C:/Users/kumar/Downloads/florma-hero/florma/actors/florma-3d-audit/node_modules.hidden/zod/v4/core/schemas").$ZodType<unknown, unknown, import("C:/Users/kumar/Downloads/florma-hero/florma/actors/florma-3d-audit/node_modules.hidden/zod/v4/core/schemas").$ZodTypeInternals<unknown, unknown>> | import("C:/Users/...'.
                                  Type '$ZodType<unknown, unknown, $ZodTypeInternals<unknown, unknown>>' is not assignable to type '$ZodType<unknown, unknown, $ZodTypeInternals<unknown, unknown>> | $ZodCheck<never> | undefined'.
                                    Property '_core' is missing in type 'import("C:/Users/kumar/Downloads/florma-hero/florma/actors/florma-3d-audit/node_modules.hidden/zod/src/v4/core/schemas").$ZodType<unknown, unknown, import("C:/Users/kumar/Downloads/florma-hero/florma/actors/florma-3d-audit/node_modules.hidden/zod/src/v4/core/schemas").$ZodTypeInternals<unknown, unknown>>' but required in type 'import("C:/Users/kumar/Downloads/florma-hero/florma/actors/florma-3d-audit/node_modules.hidden/zod/v4/core/schemas").$ZodType<unknown, unknown, import("C:/Users/kumar/Downloads/florma-hero/florma/actors/florma-3d-audit/node_modules.hidden/zod/v4/core/schemas").$ZodTypeInternals<unknown, unknown>>'.
actors/florma-3d-audit/node_modules.hidden/zod/src/v4/classic/tests/deep-partial.test.ts(242,20): error TS2339: Property 'parse' does not exist on type 'SomeType'.
actors/florma-3d-audit/node_modules.hidden/zod/src/v4/classic/tests/deep-partial.test.ts(246,33): error TS2345: Argument of type 'ZodObject<{ a: ZodString; }, $catchall<ZodObject<{ n: ZodNumber; }, $strip>>>' is not assignable to parameter of type 'SomeType'.
  The types of '_zod.def.checks' are incompatible between these types.
    Type 'import("C:/Users/kumar/Downloads/florma-hero/florma/actors/florma-3d-audit/node_modules.hidden/zod/v4/core/checks").$ZodCheck<never>[] | undefined' is not assignable to type 'import("C:/Users/kumar/Downloads/florma-hero/florma/actors/florma-3d-audit/node_modules.hidden/zod/src/v4/core/checks").$ZodCheck<never>[] | undefined'.
      Type 'import("C:/Users/kumar/Downloads/florma-hero/florma/actors/florma-3d-audit/node_modules.hidden/zod/v4/core/checks").$ZodCheck<never>[]' is not assignable to type 'import("C:/Users/kumar/Downloads/florma-hero/florma/actors/florma-3d-audit/node_modules.hidden/zod/src/v4/core/checks").$ZodCheck<never>[]'.
        Type 'import("C:/Users/kumar/Downloads/florma-hero/florma/actors/florma-3d-audit/node_modules.hidden/zod/v4/core/checks").$ZodCheck<never>' is not assignable to type 'import("C:/Users/kumar/Downloads/florma-hero/florma/actors/florma-3d-audit/node_modules.hidden/zod/src/v4/core/checks").$ZodCheck<never>'.
          The types of '_zod.def.when' are incompatible between these types.
            Type '((payload: import("C:/Users/kumar/Downloads/florma-hero/florma/actors/florma-3d-audit/node_modules.hidden/zod/v4/core/schemas").ParsePayload<unknown>) => boolean) | undefined' is not assignable to type '((payload: import("C:/Users/kumar/Downloads/florma-hero/florma/actors/florma-3d-audit/node_modules.hidden/zod/src/v4/core/schemas").ParsePayload<unknown>) => boolean) | undefined'.
              Type '(payload: import("C:/Users/kumar/Downloads/florma-hero/florma/actors/florma-3d-audit/node_modules.hidden/zod/v4/core/schemas").ParsePayload<unknown>) => boolean' is not assignable to type '(payload: import("C:/Users/kumar/Downloads/florma-hero/florma/actors/florma-3d-audit/node_modules.hidden/zod/src/v4/core/schemas").ParsePayload<unknown>) => boolean'.
                Types of parameters 'payload' and 'payload' are incompatible.
                  Type 'import("C:/Users/kumar/Downloads/florma-hero/florma/actors/florma-3d-audit/node_modules.hidden/zod/src/v4/core/schemas").ParsePayload<unknown>' is not assignable to type 'import("C:/Users/kumar/Downloads/florma-hero/florma/actors/florma-3d-audit/node_modules.hidden/zod/v4/core/schemas").ParsePayload<unknown>'.
                    Types of property 'issues' are incompatible.
                      Type '({ [x: string]: unknown; readonly keys: string[]; readonly code: "unrecognized_keys"; readonly input: Record<string, unknown> | undefined; readonly path?: PropertyKey[] | undefined; readonly message?: string | undefined; readonly inst?: $ZodType<...> | ... 1 more ... | undefined; readonly schema?: $ZodType<...> | un...' is not assignable to type '({ [x: string]: unknown; readonly code: "invalid_type"; readonly input: unknown; readonly expected: $ZodInvalidTypeExpected; readonly path?: PropertyKey[] | undefined; readonly message?: string | undefined; readonly inst?: $ZodType<...> | ... 1 more ... | undefined; readonly schema?: $ZodType<...> | undefined; reado...'.
                        Type '{ [x: string]: unknown; readonly keys: string[]; readonly code: "unrecognized_keys"; readonly input: Record<string, unknown> | undefined; readonly path?: PropertyKey[] | undefined; readonly message?: string | undefined; readonly inst?: $ZodType<...> | ... 1 more ... | undefined; readonly schema?: $ZodType<...> | und...' is not assignable to type '{ [x: string]: unknown; readonly code: "invalid_type"; readonly input: unknown; readonly expected: $ZodInvalidTypeExpected; readonly path?: PropertyKey[] | undefined; readonly message?: string | undefined; readonly inst?: $ZodType<...> | ... 1 more ... | undefined; readonly schema?: $ZodType<...> | undefined; readon...'.
                          Type '{ [x: string]: unknown; readonly keys: string[]; readonly code: "unrecognized_keys"; readonly input: Record<string, unknown> | undefined; readonly path?: PropertyKey[] | undefined; readonly message?: string | undefined; readonly inst?: $ZodType<...> | ... 1 more ... | undefined; readonly schema?: $ZodType<...> | und...' is not assignable to type '{ [x: string]: unknown; readonly code: "invalid_type"; readonly input: unknown; readonly expected: $ZodInvalidTypeExpected; readonly path?: PropertyKey[] | undefined; readonly message?: string | undefined; readonly inst?: $ZodType<...> | ... 1 more ... | undefined; readonly schema?: $ZodType<...> | undefined; readon...'.
                            Type '{ [x: string]: unknown; readonly keys: string[]; readonly code: "unrecognized_keys"; readonly input: Record<string, unknown> | undefined; readonly path?: PropertyKey[] | undefined; readonly message?: string | undefined; readonly inst?: import("C:/Users/kumar/Downloads/florma-hero/florma/actors/florma-3d-audit/node_m...' is not assignable to type '{ [x: string]: unknown; readonly keys: string[]; readonly code: "unrecognized_keys"; readonly input: Record<string, unknown> | undefined; readonly path?: PropertyKey[] | undefined; readonly message?: string | undefined; readonly inst?: import("C:/Users/kumar/Downloads/florma-hero/florma/actors/florma-3d-audit/node_m...'. Two different types with this name exist, but they are unrelated.
                              Types of property 'inst' are incompatible.
                                Type 'import("C:/Users/kumar/Downloads/florma-hero/florma/actors/florma-3d-audit/node_modules.hidden/zod/src/v4/core/schemas").$ZodType<unknown, unknown, import("C:/Users/kumar/Downloads/florma-hero/florma/actors/florma-3d-audit/node_modules.hidden/zod/src/v4/core/schemas").$ZodTypeInternals<unknown, unknown>> | import("C...' is not assignable to type 'import("C:/Users/kumar/Downloads/florma-hero/florma/actors/florma-3d-audit/node_modules.hidden/zod/v4/core/schemas").$ZodType<unknown, unknown, import("C:/Users/kumar/Downloads/florma-hero/florma/actors/florma-3d-audit/node_modules.hidden/zod/v4/core/schemas").$ZodTypeInternals<unknown, unknown>> | import("C:/Users/...'.
                                  Type '$ZodType<unknown, unknown, $ZodTypeInternals<unknown, unknown>>' is not assignable to type '$ZodType<unknown, unknown, $ZodTypeInternals<unknown, unknown>> | $ZodCheck<never> | undefined'.
                                    Property '_core' is missing in type 'import("C:/Users/kumar/Downloads/florma-hero/florma/actors/florma-3d-audit/node_modules.hidden/zod/src/v4/core/schemas").$ZodType<unknown, unknown, import("C:/Users/kumar/Downloads/florma-hero/florma/actors/florma-3d-audit/node_modules.hidden/zod/src/v4/core/schemas").$ZodTypeInternals<unknown, unknown>>' but required in type 'import("C:/Users/kumar/Downloads/florma-hero/florma/actors/florma-3d-audit/node_modules.hidden/zod/v4/core/schemas").$ZodType<unknown, unknown, import("C:/Users/kumar/Downloads/florma-hero/florma/actors/florma-3d-audit/node_modules.hidden/zod/v4/core/schemas").$ZodTypeInternals<unknown, unknown>>'.
actors/florma-3d-audit/node_modules.hidden/zod/src/v4/classic/tests/deep-partial.test.ts(247,20): error TS2339: Property 'parse' does not exist on type 'SomeType'.
actors/florma-3d-audit/node_modules.hidden/zod/src/v4/classic/tests/deep-partial.test.ts(248,26): error TS2339: Property 'parse' does not exist on type 'SomeType'.
actors/florma-3d-audit/node_modules.hidden/zod/src/v4/classic/tests/deep-partial.test.ts(250,30): error TS2345: Argument of type 'ZodObject<{ a: ZodObject<{ b: ZodString; }, $strip>; }, $strict>' is not assignable to parameter of type 'SomeType'.
  The types of '_zod.def.checks' are incompatible between these types.
    Type 'import("C:/Users/kumar/Downloads/florma-hero/florma/actors/florma-3d-audit/node_modules.hidden/zod/v4/core/checks").$ZodCheck<never>[] | undefined' is not assignable to type 'import("C:/Users/kumar/Downloads/florma-hero/florma/actors/florma-3d-audit/node_modules.hidden/zod/src/v4/core/checks").$ZodCheck<never>[] | undefined'.
      Type 'import("C:/Users/kumar/Downloads/florma-hero/florma/actors/florma-3d-audit/node_modules.hidden/zod/v4/core/checks").$ZodCheck<never>[]' is not assignable to type 'import("C:/Users/kumar/Downloads/florma-hero/florma/actors/florma-3d-audit/node_modules.hidden/zod/src/v4/core/checks").$ZodCheck<never>[]'.
        Type 'import("C:/Users/kumar/Downloads/florma-hero/florma/actors/florma-3d-audit/node_modules.hidden/zod/v4/core/checks").$ZodCheck<never>' is not assignable to type 'import("C:/Users/kumar/Downloads/florma-hero/florma/actors/florma-3d-audit/node_modules.hidden/zod/src/v4/core/checks").$ZodCheck<never>'.
          The types of '_zod.def.when' are incompatible between these types.
            Type '((payload: import("C:/Users/kumar/Downloads/florma-hero/florma/actors/florma-3d-audit/node_modules.hidden/zod/v4/core/schemas").ParsePayload<unknown>) => boolean) | undefined' is not assignable to type '((payload: import("C:/Users/kumar/Downloads/florma-hero/florma/actors/florma-3d-audit/node_modules.hidden/zod/src/v4/core/schemas").ParsePayload<unknown>) => boolean) | undefined'.
              Type '(payload: import("C:/Users/kumar/Downloads/florma-hero/florma/actors/florma-3d-audit/node_modules.hidden/zod/v4/core/schemas").ParsePayload<unknown>) => boolean' is not assignable to type '(payload: import("C:/Users/kumar/Downloads/florma-hero/florma/actors/florma-3d-audit/node_modules.hidden/zod/src/v4/core/schemas").ParsePayload<unknown>) => boolean'.
                Types of parameters 'payload' and 'payload' are incompatible.
                  Type 'import("C:/Users/kumar/Downloads/florma-hero/florma/actors/florma-3d-audit/node_modules.hidden/zod/src/v4/core/schemas").ParsePayload<unknown>' is not assignable to type 'import("C:/Users/kumar/Downloads/florma-hero/florma/actors/florma-3d-audit/node_modules.hidden/zod/v4/core/schemas").ParsePayload<unknown>'.
                    Types of property 'issues' are incompatible.
                      Type '({ [x: string]: unknown; readonly keys: string[]; readonly code: "unrecognized_keys"; readonly input: Record<string, unknown> | undefined; readonly path?: PropertyKey[] | undefined; readonly message?: string | undefined; readonly inst?: $ZodType<...> | ... 1 more ... | undefined; readonly schema?: $ZodType<...> | un...' is not assignable to type '({ [x: string]: unknown; readonly code: "invalid_type"; readonly input: unknown; readonly expected: $ZodInvalidTypeExpected; readonly path?: PropertyKey[] | undefined; readonly message?: string | undefined; readonly inst?: $ZodType<...> | ... 1 more ... | undefined; readonly schema?: $ZodType<...> | undefined; reado...'.
                        Type '{ [x: string]: unknown; readonly keys: string[]; readonly code: "unrecognized_keys"; readonly input: Record<string, unknown> | undefined; readonly path?: PropertyKey[] | undefined; readonly message?: string | undefined; readonly inst?: $ZodType<...> | ... 1 more ... | undefined; readonly schema?: $ZodType<...> | und...' is not assignable to type '{ [x: string]: unknown; readonly code: "invalid_type"; readonly input: unknown; readonly expected: $ZodInvalidTypeExpected; readonly path?: PropertyKey[] | undefined; readonly message?: string | undefined; readonly inst?: $ZodType<...> | ... 1 more ... | undefined; readonly schema?: $ZodType<...> | undefined; readon...'.
                          Type '{ [x: string]: unknown; readonly keys: string[]; readonly code: "unrecognized_keys"; readonly input: Record<string, unknown> | undefined; readonly path?: PropertyKey[] | undefined; readonly message?: string | undefined; readonly inst?: $ZodType<...> | ... 1 more ... | undefined; readonly schema?: $ZodType<...> | und...' is not assignable to type '{ [x: string]: unknown; readonly code: "invalid_type"; readonly input: unknown; readonly expected: $ZodInvalidTypeExpected; readonly path?: PropertyKey[] | undefined; readonly message?: string | undefined; readonly inst?: $ZodType<...> | ... 1 more ... | undefined; readonly schema?: $ZodType<...> | undefined; readon...'.
                            Type '{ [x: string]: unknown; readonly keys: string[]; readonly code: "unrecognized_keys"; readonly input: Record<string, unknown> | undefined; readonly path?: PropertyKey[] | undefined; readonly message?: string | undefined; readonly inst?: import("C:/Users/kumar/Downloads/florma-hero/florma/actors/florma-3d-audit/node_m...' is not assignable to type '{ [x: string]: unknown; readonly keys: string[]; readonly code: "unrecognized_keys"; readonly input: Record<string, unknown> | undefined; readonly path?: PropertyKey[] | undefined; readonly message?: string | undefined; readonly inst?: import("C:/Users/kumar/Downloads/florma-hero/florma/actors/florma-3d-audit/node_m...'. Two different types with this name exist, but they are unrelated.
                              Types of property 'inst' are incompatible.
                                Type 'import("C:/Users/kumar/Downloads/florma-hero/florma/actors/florma-3d-audit/node_modules.hidden/zod/src/v4/core/schemas").$ZodType<unknown, unknown, import("C:/Users/kumar/Downloads/florma-hero/florma/actors/florma-3d-audit/node_modules.hidden/zod/src/v4/core/schemas").$ZodTypeInternals<unknown, unknown>> | import("C...' is not assignable to type 'import("C:/Users/kumar/Downloads/florma-hero/florma/actors/florma-3d-audit/node_modules.hidden/zod/v4/core/schemas").$ZodType<unknown, unknown, import("C:/Users/kumar/Downloads/florma-hero/florma/actors/florma-3d-audit/node_modules.hidden/zod/v4/core/schemas").$ZodTypeInternals<unknown, unknown>> | import("C:/Users/...'.
                                  Type '$ZodType<unknown, unknown, $ZodTypeInternals<unknown, unknown>>' is not assignable to type '$ZodType<unknown, unknown, $ZodTypeInternals<unknown, unknown>> | $ZodCheck<never> | undefined'.
                                    Property '_core' is missing in type 'import("C:/Users/kumar/Downloads/florma-hero/florma/actors/florma-3d-audit/node_modules.hidden/zod/src/v4/core/schemas").$ZodType<unknown, unknown, import("C:/Users/kumar/Downloads/florma-hero/florma/actors/florma-3d-audit/node_modules.hidden/zod/src/v4/core/schemas").$ZodTypeInternals<unknown, unknown>>' but required in type 'import("C:/Users/kumar/Downloads/florma-hero/florma/actors/florma-3d-audit/node_modules.hidden/zod/v4/core/schemas").$ZodType<unknown, unknown, import("C:/Users/kumar/Downloads/florma-hero/florma/actors/florma-3d-audit/node_modules.hidden/zod/v4/core/schemas").$ZodTypeInternals<unknown, unknown>>'.
actors/florma-3d-audit/node_modules.hidden/zod/src/v4/classic/tests/deep-partial.test.ts(250,82): error TS2339: Property 'parse' does not exist on type 'SomeType'.
actors/florma-3d-audit/node_modules.hidden/zod/src/v4/classic/tests/deep-partial.test.ts(251,24): error TS2345: Argument of type 'ZodObject<{ a: ZodObject<{ b: ZodString; }, $strip>; }, $loose>' is not assignable to parameter of type 'SomeType'.
  The types of '_zod.def.checks' are incompatible between these types.
    Type 'import("C:/Users/kumar/Downloads/florma-hero/florma/actors/florma-3d-audit/node_modules.hidden/zod/v4/core/checks").$ZodCheck<never>[] | undefined' is not assignable to type 'import("C:/Users/kumar/Downloads/florma-hero/florma/actors/florma-3d-audit/node_modules.hidden/zod/src/v4/core/checks").$ZodCheck<never>[] | undefined'.
      Type 'import("C:/Users/kumar/Downloads/florma-hero/florma/actors/florma-3d-audit/node_modules.hidden/zod/v4/core/checks").$ZodCheck<never>[]' is not assignable to type 'import("C:/Users/kumar/Downloads/florma-hero/florma/actors/florma-3d-audit/node_modules.hidden/zod/src/v4/core/checks").$ZodCheck<never>[]'.
        Type 'import("C:/Users/kumar/Downloads/florma-hero/florma/actors/florma-3d-audit/node_modules.hidden/zod/v4/core/checks").$ZodCheck<never>' is not assignable to type 'import("C:/Users/kumar/Downloads/florma-hero/florma/actors/florma-3d-audit/node_modules.hidden/zod/src/v4/core/checks").$ZodCheck<never>'.
          The types of '_zod.def.when' are incompatible between these types.
            Type '((payload: import("C:/Users/kumar/Downloads/florma-hero/florma/actors/florma-3d-audit/node_modules.hidden/zod/v4/core/schemas").ParsePayload<unknown>) => boolean) | undefined' is not assignable to type '((payload: import("C:/Users/kumar/Downloads/florma-hero/florma/actors/florma-3d-audit/node_modules.hidden/zod/src/v4/core/schemas").ParsePayload<unknown>) => boolean) | undefined'.
              Type '(payload: import("C:/Users/kumar/Downloads/florma-hero/florma/actors/florma-3d-audit/node_modules.hidden/zod/v4/core/schemas").ParsePayload<unknown>) => boolean' is not assignable to type '(payload: import("C:/Users/kumar/Downloads/florma-hero/florma/actors/florma-3d-audit/node_modules.hidden/zod/src/v4/core/schemas").ParsePayload<unknown>) => boolean'.
                Types of parameters 'payload' and 'payload' are incompatible.
                  Type 'import("C:/Users/kumar/Downloads/florma-hero/florma/actors/florma-3d-audit/node_modules.hidden/zod/src/v4/core/schemas").ParsePayload<unknown>' is not assignable to type 'import("C:/Users/kumar/Downloads/florma-hero/florma/actors/florma-3d-audit/node_modules.hidden/zod/v4/core/schemas").ParsePayload<unknown>'.
                    Types of property 'issues' are incompatible.
                      Type '({ [x: string]: unknown; readonly keys: string[]; readonly code: "unrecognized_keys"; readonly input: Record<string, unknown> | undefined; readonly path?: PropertyKey[] | undefined; readonly message?: string | undefined; readonly inst?: $ZodType<...> | ... 1 more ... | undefined; readonly schema?: $ZodType<...> | un...' is not assignable to type '({ [x: string]: unknown; readonly code: "invalid_type"; readonly input: unknown; readonly expected: $ZodInvalidTypeExpected; readonly path?: PropertyKey[] | undefined; readonly message?: string | undefined; readonly inst?: $ZodType<...> | ... 1 more ... | undefined; readonly schema?: $ZodType<...> | undefined; reado...'.
                        Type '{ [x: string]: unknown; readonly keys: string[]; readonly code: "unrecognized_keys"; readonly input: Record<string, unknown> | undefined; readonly path?: PropertyKey[] | undefined; readonly message?: string | undefined; readonly inst?: $ZodType<...> | ... 1 more ... | undefined; readonly schema?: $ZodType<...> | und...' is not assignable to type '{ [x: string]: unknown; readonly code: "invalid_type"; readonly input: unknown; readonly expected: $ZodInvalidTypeExpected; readonly path?: PropertyKey[] | undefined; readonly message?: string | undefined; readonly inst?: $ZodType<...> | ... 1 more ... | undefined; readonly schema?: $ZodType<...> | undefined; readon...'.
                          Type '{ [x: string]: unknown; readonly keys: string[]; readonly code: "unrecognized_keys"; readonly input: Record<string, unknown> | undefined; readonly path?: PropertyKey[] | undefined; readonly message?: string | undefined; readonly inst?: $ZodType<...> | ... 1 more ... | undefined; readonly schema?: $ZodType<...> | und...' is not assignable to type '{ [x: string]: unknown; readonly code: "invalid_type"; readonly input: unknown; readonly expected: $ZodInvalidTypeExpected; readonly path?: PropertyKey[] | undefined; readonly message?: string | undefined; readonly inst?: $ZodType<...> | ... 1 more ... | undefined; readonly schema?: $ZodType<...> | undefined; readon...'.
                            Type '{ [x: string]: unknown; readonly keys: string[]; readonly code: "unrecognized_keys"; readonly input: Record<string, unknown> | undefined; readonly path?: PropertyKey[] | undefined; readonly message?: string | undefined; readonly inst?: import("C:/Users/kumar/Downloads/florma-hero/florma/actors/florma-3d-audit/node_m...' is not assignable to type '{ [x: string]: unknown; readonly keys: string[]; readonly code: "unrecognized_keys"; readonly input: Record<string, unknown> | undefined; readonly path?: PropertyKey[] | undefined; readonly message?: string | undefined; readonly inst?: import("C:/Users/kumar/Downloads/florma-hero/florma/actors/florma-3d-audit/node_m...'. Two different types with this name exist, but they are unrelated.
                              Types of property 'inst' are incompatible.
                                Type 'import("C:/Users/kumar/Downloads/florma-hero/florma/actors/florma-3d-audit/node_modules.hidden/zod/src/v4/core/schemas").$ZodType<unknown, unknown, import("C:/Users/kumar/Downloads/florma-hero/florma/actors/florma-3d-audit/node_modules.hidden/zod/src/v4/core/schemas").$ZodTypeInternals<unknown, unknown>> | import("C...' is not assignable to type 'import("C:/Users/kumar/Downloads/florma-hero/florma/actors/florma-3d-audit/node_modules.hidden/zod/v4/core/schemas").$ZodType<unknown, unknown, import("C:/Users/kumar/Downloads/florma-hero/florma/actors/florma-3d-audit/node_modules.hidden/zod/v4/core/schemas").$ZodTypeInternals<unknown, unknown>> | import("C:/Users/...'.
                                  Type '$ZodType<unknown, unknown, $ZodTypeInternals<unknown, unknown>>' is not assignable to type '$ZodType<unknown, unknown, $ZodTypeInternals<unknown, unknown>> | $ZodCheck<never> | undefined'.
                                    Property '_core' is missing in type 'import("C:/Users/kumar/Downloads/florma-hero/florma/actors/florma-3d-audit/node_modules.hidden/zod/src/v4/core/schemas").$ZodType<unknown, unknown, import("C:/Users/kumar/Downloads/florma-hero/florma/actors/florma-3d-audit/node_modules.hidden/zod/src/v4/core/schemas").$ZodTypeInternals<unknown, unknown>>' but required in type 'import("C:/Users/kumar/Downloads/florma-hero/florma/actors/florma-3d-audit/node_modules.hidden/zod/v4/core/schemas").$ZodType<unknown, unknown, import("C:/Users/kumar/Downloads/florma-hero/florma/actors/florma-3d-audit/node_modules.hidden/zod/v4/core/schemas").$ZodTypeInternals<unknown, unknown>>'.
actors/florma-3d-audit/node_modules.hidden/zod/src/v4/classic/tests/deep-partial.test.ts(251,75): error TS2339: Property 'parse' does not exist on type 'SomeType'.
actors/florma-3d-audit/node_modules.hidden/zod/src/v4/classic/tests/deep-partial.test.ts(266,33): error TS2345: Argument of type 'ZodObject<{ shapes: ZodArray<ZodDiscriminatedUnion<[ZodObject<{ kind: ZodLiteral<"circle">; meta: ZodObject<{ id: ZodString; }, $strip>; }, $strip>, ZodObject<...>], "kind">>; }, $strip>' is not assignable to parameter of type 'SomeType'.
  The types of '_zod.def.checks' are incompatible between these types.
    Type 'import("C:/Users/kumar/Downloads/florma-hero/florma/actors/florma-3d-audit/node_modules.hidden/zod/v4/core/checks").$ZodCheck<never>[] | undefined' is not assignable to type 'import("C:/Users/kumar/Downloads/florma-hero/florma/actors/florma-3d-audit/node_modules.hidden/zod/src/v4/core/checks").$ZodCheck<never>[] | undefined'.
      Type 'import("C:/Users/kumar/Downloads/florma-hero/florma/actors/florma-3d-audit/node_modules.hidden/zod/v4/core/checks").$ZodCheck<never>[]' is not assignable to type 'import("C:/Users/kumar/Downloads/florma-hero/florma/actors/florma-3d-audit/node_modules.hidden/zod/src/v4/core/checks").$ZodCheck<never>[]'.
        Type 'import("C:/Users/kumar/Downloads/florma-hero/florma/actors/florma-3d-audit/node_modules.hidden/zod/v4/core/checks").$ZodCheck<never>' is not assignable to type 'import("C:/Users/kumar/Downloads/florma-hero/florma/actors/florma-3d-audit/node_modules.hidden/zod/src/v4/core/checks").$ZodCheck<never>'.
          The types of '_zod.def.when' are incompatible between these types.
            Type '((payload: import("C:/Users/kumar/Downloads/florma-hero/florma/actors/florma-3d-audit/node_modules.hidden/zod/v4/core/schemas").ParsePayload<unknown>) => boolean) | undefined' is not assignable to type '((payload: import("C:/Users/kumar/Downloads/florma-hero/florma/actors/florma-3d-audit/node_modules.hidden/zod/src/v4/core/schemas").ParsePayload<unknown>) => boolean) | undefined'.
              Type '(payload: import("C:/Users/kumar/Downloads/florma-hero/florma/actors/florma-3d-audit/node_modules.hidden/zod/v4/core/schemas").ParsePayload<unknown>) => boolean' is not assignable to type '(payload: import("C:/Users/kumar/Downloads/florma-hero/florma/actors/florma-3d-audit/node_modules.hidden/zod/src/v4/core/schemas").ParsePayload<unknown>) => boolean'.
                Types of parameters 'payload' and 'payload' are incompatible.
                  Type 'import("C:/Users/kumar/Downloads/florma-hero/florma/actors/florma-3d-audit/node_modules.hidden/zod/src/v4/core/schemas").ParsePayload<unknown>' is not assignable to type 'import("C:/Users/kumar/Downloads/florma-hero/florma/actors/florma-3d-audit/node_modules.hidden/zod/v4/core/schemas").ParsePayload<unknown>'.
                    Types of property 'issues' are incompatible.
                      Type '({ [x: string]: unknown; readonly keys: string[]; readonly code: "unrecognized_keys"; readonly input: Record<string, unknown> | undefined; readonly path?: PropertyKey[] | undefined; readonly message?: string | undefined; readonly inst?: $ZodType<...> | ... 1 more ... | undefined; readonly schema?: $ZodType<...> | un...' is not assignable to type '({ [x: string]: unknown; readonly code: "invalid_type"; readonly input: unknown; readonly expected: $ZodInvalidTypeExpected; readonly path?: PropertyKey[] | undefined; readonly message?: string | undefined; readonly inst?: $ZodType<...> | ... 1 more ... | undefined; readonly schema?: $ZodType<...> | undefined; reado...'.
                        Type '{ [x: string]: unknown; readonly keys: string[]; readonly code: "unrecognized_keys"; readonly input: Record<string, unknown> | undefined; readonly path?: PropertyKey[] | undefined; readonly message?: string | undefined; readonly inst?: $ZodType<...> | ... 1 more ... | undefined; readonly schema?: $ZodType<...> | und...' is not assignable to type '{ [x: string]: unknown; readonly code: "invalid_type"; readonly input: unknown; readonly expected: $ZodInvalidTypeExpected; readonly path?: PropertyKey[] | undefined; readonly message?: string | undefined; readonly inst?: $ZodType<...> | ... 1 more ... | undefined; readonly schema?: $ZodType<...> | undefined; readon...'.
                          Type '{ [x: string]: unknown; readonly keys: string[]; readonly code: "unrecognized_keys"; readonly input: Record<string, unknown> | undefined; readonly path?: PropertyKey[] | undefined; readonly message?: string | undefined; readonly inst?: $ZodType<...> | ... 1 more ... | undefined; readonly schema?: $ZodType<...> | und...' is not assignable to type '{ [x: string]: unknown; readonly code: "invalid_type"; readonly input: unknown; readonly expected: $ZodInvalidTypeExpected; readonly path?: PropertyKey[] | undefined; readonly message?: string | undefined; readonly inst?: $ZodType<...> | ... 1 more ... | undefined; readonly schema?: $ZodType<...> | undefined; readon...'.
                            Type '{ [x: string]: unknown; readonly keys: string[]; readonly code: "unrecognized_keys"; readonly input: Record<string, unknown> | undefined; readonly path?: PropertyKey[] | undefined; readonly message?: string | undefined; readonly inst?: import("C:/Users/kumar/Downloads/florma-hero/florma/actors/florma-3d-audit/node_m...' is not assignable to type '{ [x: string]: unknown; readonly keys: string[]; readonly code: "unrecognized_keys"; readonly input: Record<string, unknown> | undefined; readonly path?: PropertyKey[] | undefined; readonly message?: string | undefined; readonly inst?: import("C:/Users/kumar/Downloads/florma-hero/florma/actors/florma-3d-audit/node_m...'. Two different types with this name exist, but they are unrelated.
                              Types of property 'inst' are incompatible.
                                Type 'import("C:/Users/kumar/Downloads/florma-hero/florma/actors/florma-3d-audit/node_modules.hidden/zod/src/v4/core/schemas").$ZodType<unknown, unknown, import("C:/Users/kumar/Downloads/florma-hero/florma/actors/florma-3d-audit/node_modules.hidden/zod/src/v4/core/schemas").$ZodTypeInternals<unknown, unknown>> | import("C...' is not assignable to type 'import("C:/Users/kumar/Downloads/florma-hero/florma/actors/florma-3d-audit/node_modules.hidden/zod/v4/core/schemas").$ZodType<unknown, unknown, import("C:/Users/kumar/Downloads/florma-hero/florma/actors/florma-3d-audit/node_modules.hidden/zod/v4/core/schemas").$ZodTypeInternals<unknown, unknown>> | import("C:/Users/...'.
                                  Type '$ZodType<unknown, unknown, $ZodTypeInternals<unknown, unknown>>' is not assignable to type '$ZodType<unknown, unknown, $ZodTypeInternals<unknown, unknown>> | $ZodCheck<never> | undefined'.
                                    Property '_core' is missing in type 'import("C:/Users/kumar/Downloads/florma-hero/florma/actors/florma-3d-audit/node_modules.hidden/zod/src/v4/core/schemas").$ZodType<unknown, unknown, import("C:/Users/kumar/Downloads/florma-hero/florma/actors/florma-3d-audit/node_modules.hidden/zod/src/v4/core/schemas").$ZodTypeInternals<unknown, unknown>>' but required in type 'import("C:/Users/kumar/Downloads/florma-hero/florma/actors/florma-3d-audit/node_modules.hidden/zod/v4/core/schemas").$ZodType<unknown, unknown, import("C:/Users/kumar/Downloads/florma-hero/florma/actors/florma-3d-audit/node_modules.hidden/zod/v4/core/schemas").$ZodTypeInternals<unknown, unknown>>'.
actors/florma-3d-audit/node_modules.hidden/zod/src/v4/classic/tests/deep-partial.test.ts(267,30): error TS2339: Property 'shape' does not exist on type 'SomeType'.
actors/florma-3d-audit/node_modules.hidden/zod/src/v4/classic/tests/deep-partial.test.ts(270,20): error TS2339: Property 'parse' does not exist on type 'SomeType'.
actors/florma-3d-audit/node_modules.hidden/zod/src/v4/classic/tests/deep-partial.test.ts(278,17): error TS2345: Argument of type 'ZodObject<{ a: ZodObject<{ b: ZodString; }, $strip>; }, $strip>' is not assignable to parameter of type 'SomeType'.
  The types of '_zod.def.checks' are incompatible between these types.
    Type 'import("C:/Users/kumar/Downloads/florma-hero/florma/actors/florma-3d-audit/node_modules.hidden/zod/v4/core/checks").$ZodCheck<never>[] | undefined' is not assignable to type 'import("C:/Users/kumar/Downloads/florma-hero/florma/actors/florma-3d-audit/node_modules.hidden/zod/src/v4/core/checks").$ZodCheck<never>[] | undefined'.
      Type 'import("C:/Users/kumar/Downloads/florma-hero/florma/actors/florma-3d-audit/node_modules.hidden/zod/v4/core/checks").$ZodCheck<never>[]' is not assignable to type 'import("C:/Users/kumar/Downloads/florma-hero/florma/actors/florma-3d-audit/node_modules.hidden/zod/src/v4/core/checks").$ZodCheck<never>[]'.
        Type 'import("C:/Users/kumar/Downloads/florma-hero/florma/actors/florma-3d-audit/node_modules.hidden/zod/v4/core/checks").$ZodCheck<never>' is not assignable to type 'import("C:/Users/kumar/Downloads/florma-hero/florma/actors/florma-3d-audit/node_modules.hidden/zod/src/v4/core/checks").$ZodCheck<never>'.
          The types of '_zod.def.when' are incompatible between these types.
            Type '((payload: import("C:/Users/kumar/Downloads/florma-hero/florma/actors/florma-3d-audit/node_modules.hidden/zod/v4/core/schemas").ParsePayload<unknown>) => boolean) | undefined' is not assignable to type '((payload: import("C:/Users/kumar/Downloads/florma-hero/florma/actors/florma-3d-audit/node_modules.hidden/zod/src/v4/core/schemas").ParsePayload<unknown>) => boolean) | undefined'.
              Type '(payload: import("C:/Users/kumar/Downloads/florma-hero/florma/actors/florma-3d-audit/node_modules.hidden/zod/v4/core/schemas").ParsePayload<unknown>) => boolean' is not assignable to type '(payload: import("C:/Users/kumar/Downloads/florma-hero/florma/actors/florma-3d-audit/node_modules.hidden/zod/src/v4/core/schemas").ParsePayload<unknown>) => boolean'.
                Types of parameters 'payload' and 'payload' are incompatible.
                  Type 'import("C:/Users/kumar/Downloads/florma-hero/florma/actors/florma-3d-audit/node_modules.hidden/zod/src/v4/core/schemas").ParsePayload<unknown>' is not assignable to type 'import("C:/Users/kumar/Downloads/florma-hero/florma/actors/florma-3d-audit/node_modules.hidden/zod/v4/core/schemas").ParsePayload<unknown>'.
                    Types of property 'issues' are incompatible.
                      Type '({ [x: string]: unknown; readonly keys: string[]; readonly code: "unrecognized_keys"; readonly input: Record<string, unknown> | undefined; readonly path?: PropertyKey[] | undefined; readonly message?: string | undefined; readonly inst?: $ZodType<...> | ... 1 more ... | undefined; readonly schema?: $ZodType<...> | un...' is not assignable to type '({ [x: string]: unknown; readonly code: "invalid_type"; readonly input: unknown; readonly expected: $ZodInvalidTypeExpected; readonly path?: PropertyKey[] | undefined; readonly message?: string | undefined; readonly inst?: $ZodType<...> | ... 1 more ... | undefined; readonly schema?: $ZodType<...> | undefined; reado...'.
                        Type '{ [x: string]: unknown; readonly keys: string[]; readonly code: "unrecognized_keys"; readonly input: Record<string, unknown> | undefined; readonly path?: PropertyKey[] | undefined; readonly message?: string | undefined; readonly inst?: $ZodType<...> | ... 1 more ... | undefined; readonly schema?: $ZodType<...> | und...' is not assignable to type '{ [x: string]: unknown; readonly code: "invalid_type"; readonly input: unknown; readonly expected: $ZodInvalidTypeExpected; readonly path?: PropertyKey[] | undefined; readonly message?: string | undefined; readonly inst?: $ZodType<...> | ... 1 more ... | undefined; readonly schema?: $ZodType<...> | undefined; readon...'.
                          Type '{ [x: string]: unknown; readonly keys: string[]; readonly code: "unrecognized_keys"; readonly input: Record<string, unknown> | undefined; readonly path?: PropertyKey[] | undefined; readonly message?: string | undefined; readonly inst?: $ZodType<...> | ... 1 more ... | undefined; readonly schema?: $ZodType<...> | und...' is not assignable to type '{ [x: string]: unknown; readonly code: "invalid_type"; readonly input: unknown; readonly expected: $ZodInvalidTypeExpected; readonly path?: PropertyKey[] | undefined; readonly message?: string | undefined; readonly inst?: $ZodType<...> | ... 1 more ... | undefined; readonly schema?: $ZodType<...> | undefined; readon...'.
                            Type '{ [x: string]: unknown; readonly keys: string[]; readonly code: "unrecognized_keys"; readonly input: Record<string, unknown> | undefined; readonly path?: PropertyKey[] | undefined; readonly message?: string | undefined; readonly inst?: import("C:/Users/kumar/Downloads/florma-hero/florma/actors/florma-3d-audit/node_m...' is not assignable to type '{ [x: string]: unknown; readonly keys: string[]; readonly code: "unrecognized_keys"; readonly input: Record<string, unknown> | undefined; readonly path?: PropertyKey[] | undefined; readonly message?: string | undefined; readonly inst?: import("C:/Users/kumar/Downloads/florma-hero/florma/actors/florma-3d-audit/node_m...'. Two different types with this name exist, but they are unrelated.
                              Types of property 'inst' are incompatible.
                                Type 'import("C:/Users/kumar/Downloads/florma-hero/florma/actors/florma-3d-audit/node_modules.hidden/zod/src/v4/core/schemas").$ZodType<unknown, unknown, import("C:/Users/kumar/Downloads/florma-hero/florma/actors/florma-3d-audit/node_modules.hidden/zod/src/v4/core/schemas").$ZodTypeInternals<unknown, unknown>> | import("C...' is not assignable to type 'import("C:/Users/kumar/Downloads/florma-hero/florma/actors/florma-3d-audit/node_modules.hidden/zod/v4/core/schemas").$ZodType<unknown, unknown, import("C:/Users/kumar/Downloads/florma-hero/florma/actors/florma-3d-audit/node_modules.hidden/zod/v4/core/schemas").$ZodTypeInternals<unknown, unknown>> | import("C:/Users/...'.
                                  Type '$ZodType<unknown, unknown, $ZodTypeInternals<unknown, unknown>>' is not assignable to type '$ZodType<unknown, unknown, $ZodTypeInternals<unknown, unknown>> | $ZodCheck<never> | undefined'.
                                    Property '_core' is missing in type 'import("C:/Users/kumar/Downloads/florma-hero/florma/actors/florma-3d-audit/node_modules.hidden/zod/src/v4/core/schemas").$ZodType<unknown, unknown, import("C:/Users/kumar/Downloads/florma-hero/florma/actors/florma-3d-audit/node_modules.hidden/zod/src/v4/core/schemas").$ZodTypeInternals<unknown, unknown>>' but required in type 'import("C:/Users/kumar/Downloads/florma-hero/florma/actors/florma-3d-audit/node_modules.hidden/zod/v4/core/schemas").$ZodType<unknown, unknown, import("C:/Users/kumar/Downloads/florma-hero/florma/actors/florma-3d-audit/node_modules.hidden/zod/v4/core/schemas").$ZodTypeInternals<unknown, unknown>>'.
actors/florma-3d-audit/node_modules.hidden/zod/src/v4/classic/tests/deep-partial.test.ts(288,18): error TS2769: No overload matches this call.
  Overload 1 of 2, '(schema: SomeType, fn: VisitFn): AnyZod', gave the following error.
    Argument of type 'ZodObject<{ a: ZodString; nested: ZodObject<{ b: ZodNumber; }, $strip>; }, $strip>' is not assignable to parameter of type 'SomeType'.
      The types of '_zod.def.checks' are incompatible between these types.
        Type 'import("C:/Users/kumar/Downloads/florma-hero/florma/actors/florma-3d-audit/node_modules.hidden/zod/v4/core/checks").$ZodCheck<never>[] | undefined' is not assignable to type 'import("C:/Users/kumar/Downloads/florma-hero/florma/actors/florma-3d-audit/node_modules.hidden/zod/src/v4/core/checks").$ZodCheck<never>[] | undefined'.
          Type 'import("C:/Users/kumar/Downloads/florma-hero/florma/actors/florma-3d-audit/node_modules.hidden/zod/v4/core/checks").$ZodCheck<never>[]' is not assignable to type 'import("C:/Users/kumar/Downloads/florma-hero/florma/actors/florma-3d-audit/node_modules.hidden/zod/src/v4/core/checks").$ZodCheck<never>[]'.
            Type 'import("C:/Users/kumar/Downloads/florma-hero/florma/actors/florma-3d-audit/node_modules.hidden/zod/v4/core/checks").$ZodCheck<never>' is not assignable to type 'import("C:/Users/kumar/Downloads/florma-hero/florma/actors/florma-3d-audit/node_modules.hidden/zod/src/v4/core/checks").$ZodCheck<never>'.
              The types of '_zod.def.when' are incompatible between these types.
                Type '((payload: import("C:/Users/kumar/Downloads/florma-hero/florma/actors/florma-3d-audit/node_modules.hidden/zod/v4/core/schemas").ParsePayload<unknown>) => boolean) | undefined' is not assignable to type '((payload: import("C:/Users/kumar/Downloads/florma-hero/florma/actors/florma-3d-audit/node_modules.hidden/zod/src/v4/core/schemas").ParsePayload<unknown>) => boolean) | undefined'.
                  Type '(payload: import("C:/Users/kumar/Downloads/florma-hero/florma/actors/florma-3d-audit/node_modules.hidden/zod/v4/core/schemas").ParsePayload<unknown>) => boolean' is not assignable to type '(payload: import("C:/Users/kumar/Downloads/florma-hero/florma/actors/florma-3d-audit/node_modules.hidden/zod/src/v4/core/schemas").ParsePayload<unknown>) => boolean'.
                    Types of parameters 'payload' and 'payload' are incompatible.
                      Type 'import("C:/Users/kumar/Downloads/florma-hero/florma/actors/florma-3d-audit/node_modules.hidden/zod/src/v4/core/schemas").ParsePayload<unknown>' is not assignable to type 'import("C:/Users/kumar/Downloads/florma-hero/florma/actors/florma-3d-audit/node_modules.hidden/zod/v4/core/schemas").ParsePayload<unknown>'.
                        Types of property 'issues' are incompatible.
                          Type '({ [x: string]: unknown; readonly keys: string[]; readonly code: "unrecognized_keys"; readonly input: Record<string, unknown> | undefined; readonly path?: PropertyKey[] | undefined; readonly message?: string | undefined; readonly inst?: $ZodType<...> | ... 1 more ... | undefined; readonly schema?: $ZodType<...> | un...' is not assignable to type '({ [x: string]: unknown; readonly code: "invalid_type"; readonly input: unknown; readonly expected: $ZodInvalidTypeExpected; readonly path?: PropertyKey[] | undefined; readonly message?: string | undefined; readonly inst?: $ZodType<...> | ... 1 more ... | undefined; readonly schema?: $ZodType<...> | undefined; reado...'.
                            Type '{ [x: string]: unknown; readonly keys: string[]; readonly code: "unrecognized_keys"; readonly input: Record<string, unknown> | undefined; readonly path?: PropertyKey[] | undefined; readonly message?: string | undefined; readonly inst?: $ZodType<...> | ... 1 more ... | undefined; readonly schema?: $ZodType<...> | und...' is not assignable to type '{ [x: string]: unknown; readonly code: "invalid_type"; readonly input: unknown; readonly expected: $ZodInvalidTypeExpected; readonly path?: PropertyKey[] | undefined; readonly message?: string | undefined; readonly inst?: $ZodType<...> | ... 1 more ... | undefined; readonly schema?: $ZodType<...> | undefined; readon...'.
                              Type '{ [x: string]: unknown; readonly keys: string[]; readonly code: "unrecognized_keys"; readonly input: Record<string, unknown> | undefined; readonly path?: PropertyKey[] | undefined; readonly message?: string | undefined; readonly inst?: $ZodType<...> | ... 1 more ... | undefined; readonly schema?: $ZodType<...> | und...' is not assignable to type '{ [x: string]: unknown; readonly code: "invalid_type"; readonly input: unknown; readonly expected: $ZodInvalidTypeExpected; readonly path?: PropertyKey[] | undefined; readonly message?: string | undefined; readonly inst?: $ZodType<...> | ... 1 more ... | undefined; readonly schema?: $ZodType<...> | undefined; readon...'.
                                Type '{ [x: string]: unknown; readonly keys: string[]; readonly code: "unrecognized_keys"; readonly input: Record<string, unknown> | undefined; readonly path?: PropertyKey[] | undefined; readonly message?: string | undefined; readonly inst?: import("C:/Users/kumar/Downloads/florma-hero/florma/actors/florma-3d-audit/node_m...' is not assignable to type '{ [x: string]: unknown; readonly keys: string[]; readonly code: "unrecognized_keys"; readonly input: Record<string, unknown> | undefined; readonly path?: PropertyKey[] | undefined; readonly message?: string | undefined; readonly inst?: import("C:/Users/kumar/Downloads/florma-hero/florma/actors/florma-3d-audit/node_m...'. Two different types with this name exist, but they are unrelated.
                                  Types of property 'inst' are incompatible.
                                    Type 'import("C:/Users/kumar/Downloads/florma-hero/florma/actors/florma-3d-audit/node_modules.hidden/zod/src/v4/core/schemas").$ZodType<unknown, unknown, import("C:/Users/kumar/Downloads/florma-hero/florma/actors/florma-3d-audit/node_modules.hidden/zod/src/v4/core/schemas").$ZodTypeInternals<unknown, unknown>> | import("C...' is not assignable to type 'import("C:/Users/kumar/Downloads/florma-hero/florma/actors/florma-3d-audit/node_modules.hidden/zod/v4/core/schemas").$ZodType<unknown, unknown, import("C:/Users/kumar/Downloads/florma-hero/florma/actors/florma-3d-audit/node_modules.hidden/zod/v4/core/schemas").$ZodTypeInternals<unknown, unknown>> | import("C:/Users/...'.
                                      Type '$ZodType<unknown, unknown, $ZodTypeInternals<unknown, unknown>>' is not assignable to type '$ZodType<unknown, unknown, $ZodTypeInternals<unknown, unknown>> | $ZodCheck<never> | undefined'.
                                        Property '_core' is missing in type 'import("C:/Users/kumar/Downloads/florma-hero/florma/actors/florma-3d-audit/node_modules.hidden/zod/src/v4/core/schemas").$ZodType<unknown, unknown, import("C:/Users/kumar/Downloads/florma-hero/florma/actors/florma-3d-audit/node_modules.hidden/zod/src/v4/core/schemas").$ZodTypeInternals<unknown, unknown>>' but required in type 'import("C:/Users/kumar/Downloads/florma-hero/florma/actors/florma-3d-audit/node_modules.hidden/zod/v4/core/schemas").$ZodType<unknown, unknown, import("C:/Users/kumar/Downloads/florma-hero/florma/actors/florma-3d-audit/node_modules.hidden/zod/v4/core/schemas").$ZodTypeInternals<unknown, unknown>>'.
  Overload 2 of 2, '(schema: SomeType, handlers: VisitHandlers): AnyZod', gave the following error.
    Argument of type 'ZodObject<{ a: ZodString; nested: ZodObject<{ b: ZodNumber; }, $strip>; }, $strip>' is not assignable to parameter of type 'SomeType'.
      The types of '_zod.def.checks' are incompatible between these types.
        Type 'import("C:/Users/kumar/Downloads/florma-hero/florma/actors/florma-3d-audit/node_modules.hidden/zod/v4/core/checks").$ZodCheck<never>[] | undefined' is not assignable to type 'import("C:/Users/kumar/Downloads/florma-hero/florma/actors/florma-3d-audit/node_modules.hidden/zod/src/v4/core/checks").$ZodCheck<never>[] | undefined'.
          Type 'import("C:/Users/kumar/Downloads/florma-hero/florma/actors/florma-3d-audit/node_modules.hidden/zod/v4/core/checks").$ZodCheck<never>[]' is not assignable to type 'import("C:/Users/kumar/Downloads/florma-hero/florma/actors/florma-3d-audit/node_modules.hidden/zod/src/v4/core/checks").$ZodCheck<never>[]'.
            Type 'import("C:/Users/kumar/Downloads/florma-hero/florma/actors/florma-3d-audit/node_modules.hidden/zod/v4/core/checks").$ZodCheck<never>' is not assignable to type 'import("C:/Users/kumar/Downloads/florma-hero/florma/actors/florma-3d-audit/node_modules.hidden/zod/src/v4/core/checks").$ZodCheck<never>'.
              The types of '_zod.def.when' are incompatible between these types.
                Type '((payload: import("C:/Users/kumar/Downloads/florma-hero/florma/actors/florma-3d-audit/node_modules.hidden/zod/v4/core/schemas").ParsePayload<unknown>) => boolean) | undefined' is not assignable to type '((payload: import("C:/Users/kumar/Downloads/florma-hero/florma/actors/florma-3d-audit/node_modules.hidden/zod/src/v4/core/schemas").ParsePayload<unknown>) => boolean) | undefined'.
                  Type '(payload: import("C:/Users/kumar/Downloads/florma-hero/florma/actors/florma-3d-audit/node_modules.hidden/zod/v4/core/schemas").ParsePayload<unknown>) => boolean' is not assignable to type '(payload: import("C:/Users/kumar/Downloads/florma-hero/florma/actors/florma-3d-audit/node_modules.hidden/zod/src/v4/core/schemas").ParsePayload<unknown>) => boolean'.
                    Types of parameters 'payload' and 'payload' are incompatible.
                      Type 'import("C:/Users/kumar/Downloads/florma-hero/florma/actors/florma-3d-audit/node_modules.hidden/zod/src/v4/core/schemas").ParsePayload<unknown>' is not assignable to type 'import("C:/Users/kumar/Downloads/florma-hero/florma/actors/florma-3d-audit/node_modules.hidden/zod/v4/core/schemas").ParsePayload<unknown>'.
                        Types of property 'issues' are incompatible.
                          Type '({ [x: string]: unknown; readonly keys: string[]; readonly code: "unrecognized_keys"; readonly input: Record<string, unknown> | undefined; readonly path?: PropertyKey[] | undefined; readonly message?: string | undefined; readonly inst?: $ZodType<...> | ... 1 more ... | undefined; readonly schema?: $ZodType<...> | un...' is not assignable to type '({ [x: string]: unknown; readonly code: "invalid_type"; readonly input: unknown; readonly expected: $ZodInvalidTypeExpected; readonly path?: PropertyKey[] | undefined; readonly message?: string | undefined; readonly inst?: $ZodType<...> | ... 1 more ... | undefined; readonly schema?: $ZodType<...> | undefined; reado...'.
                            Type '{ [x: string]: unknown; readonly keys: string[]; readonly code: "unrecognized_keys"; readonly input: Record<string, unknown> | undefined; readonly path?: PropertyKey[] | undefined; readonly message?: string | undefined; readonly inst?: $ZodType<...> | ... 1 more ... | undefined; readonly schema?: $ZodType<...> | und...' is not assignable to type '{ [x: string]: unknown; readonly code: "invalid_type"; readonly input: unknown; readonly expected: $ZodInvalidTypeExpected; readonly path?: PropertyKey[] | undefined; readonly message?: string | undefined; readonly inst?: $ZodType<...> | ... 1 more ... | undefined; readonly schema?: $ZodType<...> | undefined; readon...'.
                              Type '{ [x: string]: unknown; readonly keys: string[]; readonly code: "unrecognized_keys"; readonly input: Record<string, unknown> | undefined; readonly path?: PropertyKey[] | undefined; readonly message?: string | undefined; readonly inst?: $ZodType<...> | ... 1 more ... | undefined; readonly schema?: $ZodType<...> | und...' is not assignable to type '{ [x: string]: unknown; readonly code: "invalid_type"; readonly input: unknown; readonly expected: $ZodInvalidTypeExpected; readonly path?: PropertyKey[] | undefined; readonly message?: string | undefined; readonly inst?: $ZodType<...> | ... 1 more ... | undefined; readonly schema?: $ZodType<...> | undefined; readon...'.
                                Type '{ [x: string]: unknown; readonly keys: string[]; readonly code: "unrecognized_keys"; readonly input: Record<string, unknown> | undefined; readonly path?: PropertyKey[] | undefined; readonly message?: string | undefined; readonly inst?: import("C:/Users/kumar/Downloads/florma-hero/florma/actors/florma-3d-audit/node_m...' is not assignable to type '{ [x: string]: unknown; readonly keys: string[]; readonly code: "unrecognized_keys"; readonly input: Record<string, unknown> | undefined; readonly path?: PropertyKey[] | undefined; readonly message?: string | undefined; readonly inst?: import("C:/Users/kumar/Downloads/florma-hero/florma/actors/florma-3d-audit/node_m...'. Two different types with this name exist, but they are unrelated.
                                  Types of property 'inst' are incompatible.
                                    Type 'import("C:/Users/kumar/Downloads/florma-hero/florma/actors/florma-3d-audit/node_modules.hidden/zod/src/v4/core/schemas").$ZodType<unknown, unknown, import("C:/Users/kumar/Downloads/florma-hero/florma/actors/florma-3d-audit/node_modules.hidden/zod/src/v4/core/schemas").$ZodTypeInternals<unknown, unknown>> | import("C...' is not assignable to type 'import("C:/Users/kumar/Downloads/florma-hero/florma/actors/florma-3d-audit/node_modules.hidden/zod/v4/core/schemas").$ZodType<unknown, unknown, import("C:/Users/kumar/Downloads/florma-hero/florma/actors/florma-3d-audit/node_modules.hidden/zod/v4/core/schemas").$ZodTypeInternals<unknown, unknown>> | import("C:/Users/...'.
                                      Type '$ZodType<unknown, unknown, $ZodTypeInternals<unknown, unknown>>' is not assignable to type '$ZodType<unknown, unknown, $ZodTypeInternals<unknown, unknown>> | $ZodCheck<never> | undefined'.
                                        Property '_core' is missing in type 'import("C:/Users/kumar/Downloads/florma-hero/florma/actors/florma-3d-audit/node_modules.hidden/zod/src/v4/core/schemas").$ZodType<unknown, unknown, import("C:/Users/kumar/Downloads/florma-hero/florma/actors/florma-3d-audit/node_modules.hidden/zod/src/v4/core/schemas").$ZodTypeInternals<unknown, unknown>>' but required in type 'import("C:/Users/kumar/Downloads/florma-hero/florma/actors/florma-3d-audit/node_modules.hidden/zod/v4/core/schemas").$ZodType<unknown, unknown, import("C:/Users/kumar/Downloads/florma-hero/florma/actors/florma-3d-audit/node_modules.hidden/zod/v4/core/schemas").$ZodTypeInternals<unknown, unknown>>'.
actors/florma-3d-audit/node_modules.hidden/zod/src/v4/classic/tests/deep-partial.test.ts(293,18): error TS2769: No overload matches this call.
  Overload 1 of 2, '(schema: SomeType, fn: VisitFn): AnyZod', gave the following error.
    Argument of type 'ZodObject<{ a: ZodString; nested: ZodObject<{ b: ZodNumber; }, $strip>; }, $strip>' is not assignable to parameter of type 'SomeType'.
      The types of '_zod.def.checks' are incompatible between these types.
        Type 'import("C:/Users/kumar/Downloads/florma-hero/florma/actors/florma-3d-audit/node_modules.hidden/zod/v4/core/checks").$ZodCheck<never>[] | undefined' is not assignable to type 'import("C:/Users/kumar/Downloads/florma-hero/florma/actors/florma-3d-audit/node_modules.hidden/zod/src/v4/core/checks").$ZodCheck<never>[] | undefined'.
          Type 'import("C:/Users/kumar/Downloads/florma-hero/florma/actors/florma-3d-audit/node_modules.hidden/zod/v4/core/checks").$ZodCheck<never>[]' is not assignable to type 'import("C:/Users/kumar/Downloads/florma-hero/florma/actors/florma-3d-audit/node_modules.hidden/zod/src/v4/core/checks").$ZodCheck<never>[]'.
            Type 'import("C:/Users/kumar/Downloads/florma-hero/florma/actors/florma-3d-audit/node_modules.hidden/zod/v4/core/checks").$ZodCheck<never>' is not assignable to type 'import("C:/Users/kumar/Downloads/florma-hero/florma/actors/florma-3d-audit/node_modules.hidden/zod/src/v4/core/checks").$ZodCheck<never>'.
              The types of '_zod.def.when' are incompatible between these types.
                Type '((payload: import("C:/Users/kumar/Downloads/florma-hero/florma/actors/florma-3d-audit/node_modules.hidden/zod/v4/core/schemas").ParsePayload<unknown>) => boolean) | undefined' is not assignable to type '((payload: import("C:/Users/kumar/Downloads/florma-hero/florma/actors/florma-3d-audit/node_modules.hidden/zod/src/v4/core/schemas").ParsePayload<unknown>) => boolean) | undefined'.
                  Type '(payload: import("C:/Users/kumar/Downloads/florma-hero/florma/actors/florma-3d-audit/node_modules.hidden/zod/v4/core/schemas").ParsePayload<unknown>) => boolean' is not assignable to type '(payload: import("C:/Users/kumar/Downloads/florma-hero/florma/actors/florma-3d-audit/node_modules.hidden/zod/src/v4/core/schemas").ParsePayload<unknown>) => boolean'.
                    Types of parameters 'payload' and 'payload' are incompatible.
                      Type 'import("C:/Users/kumar/Downloads/florma-hero/florma/actors/florma-3d-audit/node_modules.hidden/zod/src/v4/core/schemas").ParsePayload<unknown>' is not assignable to type 'import("C:/Users/kumar/Downloads/florma-hero/florma/actors/florma-3d-audit/node_modules.hidden/zod/v4/core/schemas").ParsePayload<unknown>'.
                        Types of property 'issues' are incompatible.
                          Type '({ [x: string]: unknown; readonly keys: string[]; readonly code: "unrecognized_keys"; readonly input: Record<string, unknown> | undefined; readonly path?: PropertyKey[] | undefined; readonly message?: string | undefined; readonly inst?: $ZodType<...> | ... 1 more ... | undefined; readonly schema?: $ZodType<...> | un...' is not assignable to type '({ [x: string]: unknown; readonly code: "invalid_type"; readonly input: unknown; readonly expected: $ZodInvalidTypeExpected; readonly path?: PropertyKey[] | undefined; readonly message?: string | undefined; readonly inst?: $ZodType<...> | ... 1 more ... | undefined; readonly schema?: $ZodType<...> | undefined; reado...'.
                            Type '{ [x: string]: unknown; readonly keys: string[]; readonly code: "unrecognized_keys"; readonly input: Record<string, unknown> | undefined; readonly path?: PropertyKey[] | undefined; readonly message?: string | undefined; readonly inst?: $ZodType<...> | ... 1 more ... | undefined; readonly schema?: $ZodType<...> | und...' is not assignable to type '{ [x: string]: unknown; readonly code: "invalid_type"; readonly input: unknown; readonly expected: $ZodInvalidTypeExpected; readonly path?: PropertyKey[] | undefined; readonly message?: string | undefined; readonly inst?: $ZodType<...> | ... 1 more ... | undefined; readonly schema?: $ZodType<...> | undefined; readon...'.
                              Type '{ [x: string]: unknown; readonly keys: string[]; readonly code: "unrecognized_keys"; readonly input: Record<string, unknown> | undefined; readonly path?: PropertyKey[] | undefined; readonly message?: string | undefined; readonly inst?: $ZodType<...> | ... 1 more ... | undefined; readonly schema?: $ZodType<...> | und...' is not assignable to type '{ [x: string]: unknown; readonly code: "invalid_type"; readonly input: unknown; readonly expected: $ZodInvalidTypeExpected; readonly path?: PropertyKey[] | undefined; readonly message?: string | undefined; readonly inst?: $ZodType<...> | ... 1 more ... | undefined; readonly schema?: $ZodType<...> | undefined; readon...'.
                                Type '{ [x: string]: unknown; readonly keys: string[]; readonly code: "unrecognized_keys"; readonly input: Record<string, unknown> | undefined; readonly path?: PropertyKey[] | undefined; readonly message?: string | undefined; readonly inst?: import("C:/Users/kumar/Downloads/florma-hero/florma/actors/florma-3d-audit/node_m...' is not assignable to type '{ [x: string]: unknown; readonly keys: string[]; readonly code: "unrecognized_keys"; readonly input: Record<string, unknown> | undefined; readonly path?: PropertyKey[] | undefined; readonly message?: string | undefined; readonly inst?: import("C:/Users/kumar/Downloads/florma-hero/florma/actors/florma-3d-audit/node_m...'. Two different types with this name exist, but they are unrelated.
                                  Types of property 'inst' are incompatible.
                                    Type 'import("C:/Users/kumar/Downloads/florma-hero/florma/actors/florma-3d-audit/node_modules.hidden/zod/src/v4/core/schemas").$ZodType<unknown, unknown, import("C:/Users/kumar/Downloads/florma-hero/florma/actors/florma-3d-audit/node_modules.hidden/zod/src/v4/core/schemas").$ZodTypeInternals<unknown, unknown>> | import("C...' is not assignable to type 'import("C:/Users/kumar/Downloads/florma-hero/florma/actors/florma-3d-audit/node_modules.hidden/zod/v4/core/schemas").$ZodType<unknown, unknown, import("C:/Users/kumar/Downloads/florma-hero/florma/actors/florma-3d-audit/node_modules.hidden/zod/v4/core/schemas").$ZodTypeInternals<unknown, unknown>> | import("C:/Users/...'.
                                      Type '$ZodType<unknown, unknown, $ZodTypeInternals<unknown, unknown>>' is not assignable to type '$ZodType<unknown, unknown, $ZodTypeInternals<unknown, unknown>> | $ZodCheck<never> | undefined'.
                                        Property '_core' is missing in type 'import("C:/Users/kumar/Downloads/florma-hero/florma/actors/florma-3d-audit/node_modules.hidden/zod/src/v4/core/schemas").$ZodType<unknown, unknown, import("C:/Users/kumar/Downloads/florma-hero/florma/actors/florma-3d-audit/node_modules.hidden/zod/src/v4/core/schemas").$ZodTypeInternals<unknown, unknown>>' but required in type 'import("C:/Users/kumar/Downloads/florma-hero/florma/actors/florma-3d-audit/node_modules.hidden/zod/v4/core/schemas").$ZodType<unknown, unknown, import("C:/Users/kumar/Downloads/florma-hero/florma/actors/florma-3d-audit/node_modules.hidden/zod/v4/core/schemas").$ZodTypeInternals<unknown, unknown>>'.
  Overload 2 of 2, '(schema: SomeType, handlers: VisitHandlers): AnyZod', gave the following error.
    Argument of type 'ZodObject<{ a: ZodString; nested: ZodObject<{ b: ZodNumber; }, $strip>; }, $strip>' is not assignable to parameter of type 'SomeType'.
      The types of '_zod.def.checks' are incompatible between these types.
        Type 'import("C:/Users/kumar/Downloads/florma-hero/florma/actors/florma-3d-audit/node_modules.hidden/zod/v4/core/checks").$ZodCheck<never>[] | undefined' is not assignable to type 'import("C:/Users/kumar/Downloads/florma-hero/florma/actors/florma-3d-audit/node_modules.hidden/zod/src/v4/core/checks").$ZodCheck<never>[] | undefined'.
          Type 'import("C:/Users/kumar/Downloads/florma-hero/florma/actors/florma-3d-audit/node_modules.hidden/zod/v4/core/checks").$ZodCheck<never>[]' is not assignable to type 'import("C:/Users/kumar/Downloads/florma-hero/florma/actors/florma-3d-audit/node_modules.hidden/zod/src/v4/core/checks").$ZodCheck<never>[]'.
            Type 'import("C:/Users/kumar/Downloads/florma-hero/florma/actors/florma-3d-audit/node_modules.hidden/zod/v4/core/checks").$ZodCheck<never>' is not assignable to type 'import("C:/Users/kumar/Downloads/florma-hero/florma/actors/florma-3d-audit/node_modules.hidden/zod/src/v4/core/checks").$ZodCheck<never>'.
              The types of '_zod.def.when' are incompatible between these types.
                Type '((payload: import("C:/Users/kumar/Downloads/florma-hero/florma/actors/florma-3d-audit/node_modules.hidden/zod/v4/core/schemas").ParsePayload<unknown>) => boolean) | undefined' is not assignable to type '((payload: import("C:/Users/kumar/Downloads/florma-hero/florma/actors/florma-3d-audit/node_modules.hidden/zod/src/v4/core/schemas").ParsePayload<unknown>) => boolean) | undefined'.
                  Type '(payload: import("C:/Users/kumar/Downloads/florma-hero/florma/actors/florma-3d-audit/node_modules.hidden/zod/v4/core/schemas").ParsePayload<unknown>) => boolean' is not assignable to type '(payload: import("C:/Users/kumar/Downloads/florma-hero/florma/actors/florma-3d-audit/node_modules.hidden/zod/src/v4/core/schemas").ParsePayload<unknown>) => boolean'.
                    Types of parameters 'payload' and 'payload' are incompatible.
                      Type 'import("C:/Users/kumar/Downloads/florma-hero/florma/actors/florma-3d-audit/node_modules.hidden/zod/src/v4/core/schemas").ParsePayload<unknown>' is not assignable to type 'import("C:/Users/kumar/Downloads/florma-hero/florma/actors/florma-3d-audit/node_modules.hidden/zod/v4/core/schemas").ParsePayload<unknown>'.
                        Types of property 'issues' are incompatible.
                          Type '({ [x: string]: unknown; readonly keys: string[]; readonly code: "unrecognized_keys"; readonly input: Record<string, unknown> | undefined; readonly path?: PropertyKey[] | undefined; readonly message?: string | undefined; readonly inst?: $ZodType<...> | ... 1 more ... | undefined; readonly schema?: $ZodType<...> | un...' is not assignable to type '({ [x: string]: unknown; readonly code: "invalid_type"; readonly input: unknown; readonly expected: $ZodInvalidTypeExpected; readonly path?: PropertyKey[] | undefined; readonly message?: string | undefined; readonly inst?: $ZodType<...> | ... 1 more ... | undefined; readonly schema?: $ZodType<...> | undefined; reado...'.
                            Type '{ [x: string]: unknown; readonly keys: string[]; readonly code: "unrecognized_keys"; readonly input: Record<string, unknown> | undefined; readonly path?: PropertyKey[] | undefined; readonly message?: string | undefined; readonly inst?: $ZodType<...> | ... 1 more ... | undefined; readonly schema?: $ZodType<...> | und...' is not assignable to type '{ [x: string]: unknown; readonly code: "invalid_type"; readonly input: unknown; readonly expected: $ZodInvalidTypeExpected; readonly path?: PropertyKey[] | undefined; readonly message?: string | undefined; readonly inst?: $ZodType<...> | ... 1 more ... | undefined; readonly schema?: $ZodType<...> | undefined; readon...'.
                              Type '{ [x: string]: unknown; readonly keys: string[]; readonly code: "unrecognized_keys"; readonly input: Record<string, unknown> | undefined; readonly path?: PropertyKey[] | undefined; readonly message?: string | undefined; readonly inst?: $ZodType<...> | ... 1 more ... | undefined; readonly schema?: $ZodType<...> | und...' is not assignable to type '{ [x: string]: unknown; readonly code: "invalid_type"; readonly input: unknown; readonly expected: $ZodInvalidTypeExpected; readonly path?: PropertyKey[] | undefined; readonly message?: string | undefined; readonly inst?: $ZodType<...> | ... 1 more ... | undefined; readonly schema?: $ZodType<...> | undefined; readon...'.
                                Type '{ [x: string]: unknown; readonly keys: string[]; readonly code: "unrecognized_keys"; readonly input: Record<string, unknown> | undefined; readonly path?: PropertyKey[] | undefined; readonly message?: string | undefined; readonly inst?: import("C:/Users/kumar/Downloads/florma-hero/florma/actors/florma-3d-audit/node_m...' is not assignable to type '{ [x: string]: unknown; readonly keys: string[]; readonly code: "unrecognized_keys"; readonly input: Record<string, unknown> | undefined; readonly path?: PropertyKey[] | undefined; readonly message?: string | undefined; readonly inst?: import("C:/Users/kumar/Downloads/florma-hero/florma/actors/florma-3d-audit/node_m...'. Two different types with this name exist, but they are unrelated.
                                  Types of property 'inst' are incompatible.
                                    Type 'import("C:/Users/kumar/Downloads/florma-hero/florma/actors/florma-3d-audit/node_modules.hidden/zod/src/v4/core/schemas").$ZodType<unknown, unknown, import("C:/Users/kumar/Downloads/florma-hero/florma/actors/florma-3d-audit/node_modules.hidden/zod/src/v4/core/schemas").$ZodTypeInternals<unknown, unknown>> | import("C...' is not assignable to type 'import("C:/Users/kumar/Downloads/florma-hero/florma/actors/florma-3d-audit/node_modules.hidden/zod/v4/core/schemas").$ZodType<unknown, unknown, import("C:/Users/kumar/Downloads/florma-hero/florma/actors/florma-3d-audit/node_modules.hidden/zod/v4/core/schemas").$ZodTypeInternals<unknown, unknown>> | import("C:/Users/...'.
                                      Type '$ZodType<unknown, unknown, $ZodTypeInternals<unknown, unknown>>' is not assignable to type '$ZodType<unknown, unknown, $ZodTypeInternals<unknown, unknown>> | $ZodCheck<never> | undefined'.
                                        Property '_core' is missing in type 'import("C:/Users/kumar/Downloads/florma-hero/florma/actors/florma-3d-audit/node_modules.hidden/zod/src/v4/core/schemas").$ZodType<unknown, unknown, import("C:/Users/kumar/Downloads/florma-hero/florma/actors/florma-3d-audit/node_modules.hidden/zod/src/v4/core/schemas").$ZodTypeInternals<unknown, unknown>>' but required in type 'import("C:/Users/kumar/Downloads/florma-hero/florma/actors/florma-3d-audit/node_modules.hidden/zod/v4/core/schemas").$ZodType<unknown, unknown, import("C:/Users/kumar/Downloads/florma-hero/florma/actors/florma-3d-audit/node_modules.hidden/zod/v4/core/schemas").$ZodTypeInternals<unknown, unknown>>'.
actors/florma-3d-audit/node_modules.hidden/zod/src/v4/classic/tests/deep-partial.test.ts(300,26): error TS2769: No overload matches this call.
  Overload 1 of 2, '(schema: SomeType, fn: VisitFn): AnyZod', gave the following error.
    Argument of type 'ZodObject<{ a: ZodString; b: ZodNumber; }, $strip>' is not assignable to parameter of type 'SomeType'.
      The types of '_zod.def.checks' are incompatible between these types.
        Type 'import("C:/Users/kumar/Downloads/florma-hero/florma/actors/florma-3d-audit/node_modules.hidden/zod/v4/core/checks").$ZodCheck<never>[] | undefined' is not assignable to type 'import("C:/Users/kumar/Downloads/florma-hero/florma/actors/florma-3d-audit/node_modules.hidden/zod/src/v4/core/checks").$ZodCheck<never>[] | undefined'.
          Type 'import("C:/Users/kumar/Downloads/florma-hero/florma/actors/florma-3d-audit/node_modules.hidden/zod/v4/core/checks").$ZodCheck<never>[]' is not assignable to type 'import("C:/Users/kumar/Downloads/florma-hero/florma/actors/florma-3d-audit/node_modules.hidden/zod/src/v4/core/checks").$ZodCheck<never>[]'.
            Type 'import("C:/Users/kumar/Downloads/florma-hero/florma/actors/florma-3d-audit/node_modules.hidden/zod/v4/core/checks").$ZodCheck<never>' is not assignable to type 'import("C:/Users/kumar/Downloads/florma-hero/florma/actors/florma-3d-audit/node_modules.hidden/zod/src/v4/core/checks").$ZodCheck<never>'.
              The types of '_zod.def.when' are incompatible between these types.
                Type '((payload: import("C:/Users/kumar/Downloads/florma-hero/florma/actors/florma-3d-audit/node_modules.hidden/zod/v4/core/schemas").ParsePayload<unknown>) => boolean) | undefined' is not assignable to type '((payload: import("C:/Users/kumar/Downloads/florma-hero/florma/actors/florma-3d-audit/node_modules.hidden/zod/src/v4/core/schemas").ParsePayload<unknown>) => boolean) | undefined'.
                  Type '(payload: import("C:/Users/kumar/Downloads/florma-hero/florma/actors/florma-3d-audit/node_modules.hidden/zod/v4/core/schemas").ParsePayload<unknown>) => boolean' is not assignable to type '(payload: import("C:/Users/kumar/Downloads/florma-hero/florma/actors/florma-3d-audit/node_modules.hidden/zod/src/v4/core/schemas").ParsePayload<unknown>) => boolean'.
                    Types of parameters 'payload' and 'payload' are incompatible.
                      Type 'import("C:/Users/kumar/Downloads/florma-hero/florma/actors/florma-3d-audit/node_modules.hidden/zod/src/v4/core/schemas").ParsePayload<unknown>' is not assignable to type 'import("C:/Users/kumar/Downloads/florma-hero/florma/actors/florma-3d-audit/node_modules.hidden/zod/v4/core/schemas").ParsePayload<unknown>'.
                        Types of property 'issues' are incompatible.
                          Type '({ [x: string]: unknown; readonly keys: string[]; readonly code: "unrecognized_keys"; readonly input: Record<string, unknown> | undefined; readonly path?: PropertyKey[] | undefined; readonly message?: string | undefined; readonly inst?: $ZodType<...> | ... 1 more ... | undefined; readonly schema?: $ZodType<...> | un...' is not assignable to type '({ [x: string]: unknown; readonly code: "invalid_type"; readonly input: unknown; readonly expected: $ZodInvalidTypeExpected; readonly path?: PropertyKey[] | undefined; readonly message?: string | undefined; readonly inst?: $ZodType<...> | ... 1 more ... | undefined; readonly schema?: $ZodType<...> | undefined; reado...'.
                            Type '{ [x: string]: unknown; readonly keys: string[]; readonly code: "unrecognized_keys"; readonly input: Record<string, unknown> | undefined; readonly path?: PropertyKey[] | undefined; readonly message?: string | undefined; readonly inst?: $ZodType<...> | ... 1 more ... | undefined; readonly schema?: $ZodType<...> | und...' is not assignable to type '{ [x: string]: unknown; readonly code: "invalid_type"; readonly input: unknown; readonly expected: $ZodInvalidTypeExpected; readonly path?: PropertyKey[] | undefined; readonly message?: string | undefined; readonly inst?: $ZodType<...> | ... 1 more ... | undefined; readonly schema?: $ZodType<...> | undefined; readon...'.
                              Type '{ [x: string]: unknown; readonly keys: string[]; readonly code: "unrecognized_keys"; readonly input: Record<string, unknown> | undefined; readonly path?: PropertyKey[] | undefined; readonly message?: string | undefined; readonly inst?: $ZodType<...> | ... 1 more ... | undefined; readonly schema?: $ZodType<...> | und...' is not assignable to type '{ [x: string]: unknown; readonly code: "invalid_type"; readonly input: unknown; readonly expected: $ZodInvalidTypeExpected; readonly path?: PropertyKey[] | undefined; readonly message?: string | undefined; readonly inst?: $ZodType<...> | ... 1 more ... | undefined; readonly schema?: $ZodType<...> | undefined; readon...'.
                                Type '{ [x: string]: unknown; readonly keys: string[]; readonly code: "unrecognized_keys"; readonly input: Record<string, unknown> | undefined; readonly path?: PropertyKey[] | undefined; readonly message?: string | undefined; readonly inst?: import("C:/Users/kumar/Downloads/florma-hero/florma/actors/florma-3d-audit/node_m...' is not assignable to type '{ [x: string]: unknown; readonly keys: string[]; readonly code: "unrecognized_keys"; readonly input: Record<string, unknown> | undefined; readonly path?: PropertyKey[] | undefined; readonly message?: string | undefined; readonly inst?: import("C:/Users/kumar/Downloads/florma-hero/florma/actors/florma-3d-audit/node_m...'. Two different types with this name exist, but they are unrelated.
                                  Types of property 'inst' are incompatible.
                                    Type 'import("C:/Users/kumar/Downloads/florma-hero/florma/actors/florma-3d-audit/node_modules.hidden/zod/src/v4/core/schemas").$ZodType<unknown, unknown, import("C:/Users/kumar/Downloads/florma-hero/florma/actors/florma-3d-audit/node_modules.hidden/zod/src/v4/core/schemas").$ZodTypeInternals<unknown, unknown>> | import("C...' is not assignable to type 'import("C:/Users/kumar/Downloads/florma-hero/florma/actors/florma-3d-audit/node_modules.hidden/zod/v4/core/schemas").$ZodType<unknown, unknown, import("C:/Users/kumar/Downloads/florma-hero/florma/actors/florma-3d-audit/node_modules.hidden/zod/v4/core/schemas").$ZodTypeInternals<unknown, unknown>> | import("C:/Users/...'.
                                      Type '$ZodType<unknown, unknown, $ZodTypeInternals<unknown, unknown>>' is not assignable to type '$ZodType<unknown, unknown, $ZodTypeInternals<unknown, unknown>> | $ZodCheck<never> | undefined'.
                                        Property '_core' is missing in type 'import("C:/Users/kumar/Downloads/florma-hero/florma/actors/florma-3d-audit/node_modules.hidden/zod/src/v4/core/schemas").$ZodType<unknown, unknown, import("C:/Users/kumar/Downloads/florma-hero/florma/actors/florma-3d-audit/node_modules.hidden/zod/src/v4/core/schemas").$ZodTypeInternals<unknown, unknown>>' but required in type 'import("C:/Users/kumar/Downloads/florma-hero/florma/actors/florma-3d-audit/node_modules.hidden/zod/v4/core/schemas").$ZodType<unknown, unknown, import("C:/Users/kumar/Downloads/florma-hero/florma/actors/florma-3d-audit/node_modules.hidden/zod/v4/core/schemas").$ZodTypeInternals<unknown, unknown>>'.
  Overload 2 of 2, '(schema: SomeType, handlers: VisitHandlers): AnyZod', gave the following error.
    Argument of type 'ZodObject<{ a: ZodString; b: ZodNumber; }, $strip>' is not assignable to parameter of type 'SomeType'.
      The types of '_zod.def.checks' are incompatible between these types.
        Type 'import("C:/Users/kumar/Downloads/florma-hero/florma/actors/florma-3d-audit/node_modules.hidden/zod/v4/core/checks").$ZodCheck<never>[] | undefined' is not assignable to type 'import("C:/Users/kumar/Downloads/florma-hero/florma/actors/florma-3d-audit/node_modules.hidden/zod/src/v4/core/checks").$ZodCheck<never>[] | undefined'.
          Type 'import("C:/Users/kumar/Downloads/florma-hero/florma/actors/florma-3d-audit/node_modules.hidden/zod/v4/core/checks").$ZodCheck<never>[]' is not assignable to type 'import("C:/Users/kumar/Downloads/florma-hero/florma/actors/florma-3d-audit/node_modules.hidden/zod/src/v4/core/checks").$ZodCheck<never>[]'.
            Type 'import("C:/Users/kumar/Downloads/florma-hero/florma/actors/florma-3d-audit/node_modules.hidden/zod/v4/core/checks").$ZodCheck<never>' is not assignable to type 'import("C:/Users/kumar/Downloads/florma-hero/florma/actors/florma-3d-audit/node_modules.hidden/zod/src/v4/core/checks").$ZodCheck<never>'.
              The types of '_zod.def.when' are incompatible between these types.
                Type '((payload: import("C:/Users/kumar/Downloads/florma-hero/florma/actors/florma-3d-audit/node_modules.hidden/zod/v4/core/schemas").ParsePayload<unknown>) => boolean) | undefined' is not assignable to type '((payload: import("C:/Users/kumar/Downloads/florma-hero/florma/actors/florma-3d-audit/node_modules.hidden/zod/src/v4/core/schemas").ParsePayload<unknown>) => boolean) | undefined'.
                  Type '(payload: import("C:/Users/kumar/Downloads/florma-hero/florma/actors/florma-3d-audit/node_modules.hidden/zod/v4/core/schemas").ParsePayload<unknown>) => boolean' is not assignable to type '(payload: import("C:/Users/kumar/Downloads/florma-hero/florma/actors/florma-3d-audit/node_modules.hidden/zod/src/v4/core/schemas").ParsePayload<unknown>) => boolean'.
                    Types of parameters 'payload' and 'payload' are incompatible.
                      Type 'import("C:/Users/kumar/Downloads/florma-hero/florma/actors/florma-3d-audit/node_modules.hidden/zod/src/v4/core/schemas").ParsePayload<unknown>' is not assignable to type 'import("C:/Users/kumar/Downloads/florma-hero/florma/actors/florma-3d-audit/node_modules.hidden/zod/v4/core/schemas").ParsePayload<unknown>'.
                        Types of property 'issues' are incompatible.
                          Type '({ [x: string]: unknown; readonly keys: string[]; readonly code: "unrecognized_keys"; readonly input: Record<string, unknown> | undefined; readonly path?: PropertyKey[] | undefined; readonly message?: string | undefined; readonly inst?: $ZodType<...> | ... 1 more ... | undefined; readonly schema?: $ZodType<...> | un...' is not assignable to type '({ [x: string]: unknown; readonly code: "invalid_type"; readonly input: unknown; readonly expected: $ZodInvalidTypeExpected; readonly path?: PropertyKey[] | undefined; readonly message?: string | undefined; readonly inst?: $ZodType<...> | ... 1 more ... | undefined; readonly schema?: $ZodType<...> | undefined; reado...'.
                            Type '{ [x: string]: unknown; readonly keys: string[]; readonly code: "unrecognized_keys"; readonly input: Record<string, unknown> | undefined; readonly path?: PropertyKey[] | undefined; readonly message?: string | undefined; readonly inst?: $ZodType<...> | ... 1 more ... | undefined; readonly schema?: $ZodType<...> | und...' is not assignable to type '{ [x: string]: unknown; readonly code: "invalid_type"; readonly input: unknown; readonly expected: $ZodInvalidTypeExpected; readonly path?: PropertyKey[] | undefined; readonly message?: string | undefined; readonly inst?: $ZodType<...> | ... 1 more ... | undefined; readonly schema?: $ZodType<...> | undefined; readon...'.
                              Type '{ [x: string]: unknown; readonly keys: string[]; readonly code: "unrecognized_keys"; readonly input: Record<string, unknown> | undefined; readonly path?: PropertyKey[] | undefined; readonly message?: string | undefined; readonly inst?: $ZodType<...> | ... 1 more ... | undefined; readonly schema?: $ZodType<...> | und...' is not assignable to type '{ [x: string]: unknown; readonly code: "invalid_type"; readonly input: unknown; readonly expected: $ZodInvalidTypeExpected; readonly path?: PropertyKey[] | undefined; readonly message?: string | undefined; readonly inst?: $ZodType<...> | ... 1 more ... | undefined; readonly schema?: $ZodType<...> | undefined; readon...'.
                                Type '{ [x: string]: unknown; readonly keys: string[]; readonly code: "unrecognized_keys"; readonly input: Record<string, unknown> | undefined; readonly path?: PropertyKey[] | undefined; readonly message?: string | undefined; readonly inst?: import("C:/Users/kumar/Downloads/florma-hero/florma/actors/florma-3d-audit/node_m...' is not assignable to type '{ [x: string]: unknown; readonly keys: string[]; readonly code: "unrecognized_keys"; readonly input: Record<string, unknown> | undefined; readonly path?: PropertyKey[] | undefined; readonly message?: string | undefined; readonly inst?: import("C:/Users/kumar/Downloads/florma-hero/florma/actors/florma-3d-audit/node_m...'. Two different types with this name exist, but they are unrelated.
                                  Types of property 'inst' are incompatible.
                                    Type 'import("C:/Users/kumar/Downloads/florma-hero/florma/actors/florma-3d-audit/node_modules.hidden/zod/src/v4/core/schemas").$ZodType<unknown, unknown, import("C:/Users/kumar/Downloads/florma-hero/florma/actors/florma-3d-audit/node_modules.hidden/zod/src/v4/core/schemas").$ZodTypeInternals<unknown, unknown>> | import("C...' is not assignable to type 'import("C:/Users/kumar/Downloads/florma-hero/florma/actors/florma-3d-audit/node_modules.hidden/zod/v4/core/schemas").$ZodType<unknown, unknown, import("C:/Users/kumar/Downloads/florma-hero/florma/actors/florma-3d-audit/node_modules.hidden/zod/v4/core/schemas").$ZodTypeInternals<unknown, unknown>> | import("C:/Users/...'.
                                      Type '$ZodType<unknown, unknown, $ZodTypeInternals<unknown, unknown>>' is not assignable to type '$ZodType<unknown, unknown, $ZodTypeInternals<unknown, unknown>> | $ZodCheck<never> | undefined'.
                                        Property '_core' is missing in type 'import("C:/Users/kumar/Downloads/florma-hero/florma/actors/florma-3d-audit/node_modules.hidden/zod/src/v4/core/schemas").$ZodType<unknown, unknown, import("C:/Users/kumar/Downloads/florma-hero/florma/actors/florma-3d-audit/node_modules.hidden/zod/src/v4/core/schemas").$ZodTypeInternals<unknown, unknown>>' but required in type 'import("C:/Users/kumar/Downloads/florma-hero/florma/actors/florma-3d-audit/node_modules.hidden/zod/v4/core/schemas").$ZodType<unknown, unknown, import("C:/Users/kumar/Downloads/florma-hero/florma/actors/florma-3d-audit/node_modules.hidden/zod/v4/core/schemas").$ZodTypeInternals<unknown, unknown>>'.
actors/florma-3d-audit/node_modules.hidden/zod/src/v4/classic/tests/deep-partial.test.ts(309,30): error TS2769: No overload matches this call.
  Overload 1 of 2, '(schema: SomeType, fn: VisitFn): AnyZod', gave the following error.
    Argument of type 'ZodObject<{ a: ZodString; b: ZodNumber; }, $strip>' is not assignable to parameter of type 'SomeType'.
      The types of '_zod.def.checks' are incompatible between these types.
        Type 'import("C:/Users/kumar/Downloads/florma-hero/florma/actors/florma-3d-audit/node_modules.hidden/zod/v4/core/checks").$ZodCheck<never>[] | undefined' is not assignable to type 'import("C:/Users/kumar/Downloads/florma-hero/florma/actors/florma-3d-audit/node_modules.hidden/zod/src/v4/core/checks").$ZodCheck<never>[] | undefined'.
          Type 'import("C:/Users/kumar/Downloads/florma-hero/florma/actors/florma-3d-audit/node_modules.hidden/zod/v4/core/checks").$ZodCheck<never>[]' is not assignable to type 'import("C:/Users/kumar/Downloads/florma-hero/florma/actors/florma-3d-audit/node_modules.hidden/zod/src/v4/core/checks").$ZodCheck<never>[]'.
            Type 'import("C:/Users/kumar/Downloads/florma-hero/florma/actors/florma-3d-audit/node_modules.hidden/zod/v4/core/checks").$ZodCheck<never>' is not assignable to type 'import("C:/Users/kumar/Downloads/florma-hero/florma/actors/florma-3d-audit/node_modules.hidden/zod/src/v4/core/checks").$ZodCheck<never>'.
              The types of '_zod.def.when' are incompatible between these types.
                Type '((payload: import("C:/Users/kumar/Downloads/florma-hero/florma/actors/florma-3d-audit/node_modules.hidden/zod/v4/core/schemas").ParsePayload<unknown>) => boolean) | undefined' is not assignable to type '((payload: import("C:/Users/kumar/Downloads/florma-hero/florma/actors/florma-3d-audit/node_modules.hidden/zod/src/v4/core/schemas").ParsePayload<unknown>) => boolean) | undefined'.
                  Type '(payload: import("C:/Users/kumar/Downloads/florma-hero/florma/actors/florma-3d-audit/node_modules.hidden/zod/v4/core/schemas").ParsePayload<unknown>) => boolean' is not assignable to type '(payload: import("C:/Users/kumar/Downloads/florma-hero/florma/actors/florma-3d-audit/node_modules.hidden/zod/src/v4/core/schemas").ParsePayload<unknown>) => boolean'.
                    Types of parameters 'payload' and 'payload' are incompatible.
                      Type 'import("C:/Users/kumar/Downloads/florma-hero/florma/actors/florma-3d-audit/node_modules.hidden/zod/src/v4/core/schemas").ParsePayload<unknown>' is not assignable to type 'import("C:/Users/kumar/Downloads/florma-hero/florma/actors/florma-3d-audit/node_modules.hidden/zod/v4/core/schemas").ParsePayload<unknown>'.
                        Types of property 'issues' are incompatible.
                          Type '({ [x: string]: unknown; readonly keys: string[]; readonly code: "unrecognized_keys"; readonly input: Record<string, unknown> | undefined; readonly path?: PropertyKey[] | undefined; readonly message?: string | undefined; readonly inst?: $ZodType<...> | ... 1 more ... | undefined; readonly schema?: $ZodType<...> | un...' is not assignable to type '({ [x: string]: unknown; readonly code: "invalid_type"; readonly input: unknown; readonly expected: $ZodInvalidTypeExpected; readonly path?: PropertyKey[] | undefined; readonly message?: string | undefined; readonly inst?: $ZodType<...> | ... 1 more ... | undefined; readonly schema?: $ZodType<...> | undefined; reado...'.
                            Type '{ [x: string]: unknown; readonly keys: string[]; readonly code: "unrecognized_keys"; readonly input: Record<string, unknown> | undefined; readonly path?: PropertyKey[] | undefined; readonly message?: string | undefined; readonly inst?: $ZodType<...> | ... 1 more ... | undefined; readonly schema?: $ZodType<...> | und...' is not assignable to type '{ [x: string]: unknown; readonly code: "invalid_type"; readonly input: unknown; readonly expected: $ZodInvalidTypeExpected; readonly path?: PropertyKey[] | undefined; readonly message?: string | undefined; readonly inst?: $ZodType<...> | ... 1 more ... | undefined; readonly schema?: $ZodType<...> | undefined; readon...'.
                              Type '{ [x: string]: unknown; readonly keys: string[]; readonly code: "unrecognized_keys"; readonly input: Record<string, unknown> | undefined; readonly path?: PropertyKey[] | undefined; readonly message?: string | undefined; readonly inst?: $ZodType<...> | ... 1 more ... | undefined; readonly schema?: $ZodType<...> | und...' is not assignable to type '{ [x: string]: unknown; readonly code: "invalid_type"; readonly input: unknown; readonly expected: $ZodInvalidTypeExpected; readonly path?: PropertyKey[] | undefined; readonly message?: string | undefined; readonly inst?: $ZodType<...> | ... 1 more ... | undefined; readonly schema?: $ZodType<...> | undefined; readon...'.
                                Type '{ [x: string]: unknown; readonly keys: string[]; readonly code: "unrecognized_keys"; readonly input: Record<string, unknown> | undefined; readonly path?: PropertyKey[] | undefined; readonly message?: string | undefined; readonly inst?: import("C:/Users/kumar/Downloads/florma-hero/florma/actors/florma-3d-audit/node_m...' is not assignable to type '{ [x: string]: unknown; readonly keys: string[]; readonly code: "unrecognized_keys"; readonly input: Record<string, unknown> | undefined; readonly path?: PropertyKey[] | undefined; readonly message?: string | undefined; readonly inst?: import("C:/Users/kumar/Downloads/florma-hero/florma/actors/florma-3d-audit/node_m...'. Two different types with this name exist, but they are unrelated.
                                  Types of property 'inst' are incompatible.
                                    Type 'import("C:/Users/kumar/Downloads/florma-hero/florma/actors/florma-3d-audit/node_modules.hidden/zod/src/v4/core/schemas").$ZodType<unknown, unknown, import("C:/Users/kumar/Downloads/florma-hero/florma/actors/florma-3d-audit/node_modules.hidden/zod/src/v4/core/schemas").$ZodTypeInternals<unknown, unknown>> | import("C...' is not assignable to type 'import("C:/Users/kumar/Downloads/florma-hero/florma/actors/florma-3d-audit/node_modules.hidden/zod/v4/core/schemas").$ZodType<unknown, unknown, import("C:/Users/kumar/Downloads/florma-hero/florma/actors/florma-3d-audit/node_modules.hidden/zod/v4/core/schemas").$ZodTypeInternals<unknown, unknown>> | import("C:/Users/...'.
                                      Type '$ZodType<unknown, unknown, $ZodTypeInternals<unknown, unknown>>' is not assignable to type '$ZodType<unknown, unknown, $ZodTypeInternals<unknown, unknown>> | $ZodCheck<never> | undefined'.
                                        Property '_core' is missing in type 'import("C:/Users/kumar/Downloads/florma-hero/florma/actors/florma-3d-audit/node_modules.hidden/zod/src/v4/core/schemas").$ZodType<unknown, unknown, import("C:/Users/kumar/Downloads/florma-hero/florma/actors/florma-3d-audit/node_modules.hidden/zod/src/v4/core/schemas").$ZodTypeInternals<unknown, unknown>>' but required in type 'import("C:/Users/kumar/Downloads/florma-hero/florma/actors/florma-3d-audit/node_modules.hidden/zod/v4/core/schemas").$ZodType<unknown, unknown, import("C:/Users/kumar/Downloads/florma-hero/florma/actors/florma-3d-audit/node_modules.hidden/zod/v4/core/schemas").$ZodTypeInternals<unknown, unknown>>'.
  Overload 2 of 2, '(schema: SomeType, handlers: VisitHandlers): AnyZod', gave the following error.
    Argument of type 'ZodObject<{ a: ZodString; b: ZodNumber; }, $strip>' is not assignable to parameter of type 'SomeType'.
      The types of '_zod.def.checks' are incompatible between these types.
        Type 'import("C:/Users/kumar/Downloads/florma-hero/florma/actors/florma-3d-audit/node_modules.hidden/zod/v4/core/checks").$ZodCheck<never>[] | undefined' is not assignable to type 'import("C:/Users/kumar/Downloads/florma-hero/florma/actors/florma-3d-audit/node_modules.hidden/zod/src/v4/core/checks").$ZodCheck<never>[] | undefined'.
          Type 'import("C:/Users/kumar/Downloads/florma-hero/florma/actors/florma-3d-audit/node_modules.hidden/zod/v4/core/checks").$ZodCheck<never>[]' is not assignable to type 'import("C:/Users/kumar/Downloads/florma-hero/florma/actors/florma-3d-audit/node_modules.hidden/zod/src/v4/core/checks").$ZodCheck<never>[]'.
            Type 'import("C:/Users/kumar/Downloads/florma-hero/florma/actors/florma-3d-audit/node_modules.hidden/zod/v4/core/checks").$ZodCheck<never>' is not assignable to type 'import("C:/Users/kumar/Downloads/florma-hero/florma/actors/florma-3d-audit/node_modules.hidden/zod/src/v4/core/checks").$ZodCheck<never>'.
              The types of '_zod.def.when' are incompatible between these types.
                Type '((payload: import("C:/Users/kumar/Downloads/florma-hero/florma/actors/florma-3d-audit/node_modules.hidden/zod/v4/core/schemas").ParsePayload<unknown>) => boolean) | undefined' is not assignable to type '((payload: import("C:/Users/kumar/Downloads/florma-hero/florma/actors/florma-3d-audit/node_modules.hidden/zod/src/v4/core/schemas").ParsePayload<unknown>) => boolean) | undefined'.
                  Type '(payload: import("C:/Users/kumar/Downloads/florma-hero/florma/actors/florma-3d-audit/node_modules.hidden/zod/v4/core/schemas").ParsePayload<unknown>) => boolean' is not assignable to type '(payload: import("C:/Users/kumar/Downloads/florma-hero/florma/actors/florma-3d-audit/node_modules.hidden/zod/src/v4/core/schemas").ParsePayload<unknown>) => boolean'.
                    Types of parameters 'payload' and 'payload' are incompatible.
                      Type 'import("C:/Users/kumar/Downloads/florma-hero/florma/actors/florma-3d-audit/node_modules.hidden/zod/src/v4/core/schemas").ParsePayload<unknown>' is not assignable to type 'import("C:/Users/kumar/Downloads/florma-hero/florma/actors/florma-3d-audit/node_modules.hidden/zod/v4/core/schemas").ParsePayload<unknown>'.
                        Types of property 'issues' are incompatible.
                          Type '({ [x: string]: unknown; readonly keys: string[]; readonly code: "unrecognized_keys"; readonly input: Record<string, unknown> | undefined; readonly path?: PropertyKey[] | undefined; readonly message?: string | undefined; readonly inst?: $ZodType<...> | ... 1 more ... | undefined; readonly schema?: $ZodType<...> | un...' is not assignable to type '({ [x: string]: unknown; readonly code: "invalid_type"; readonly input: unknown; readonly expected: $ZodInvalidTypeExpected; readonly path?: PropertyKey[] | undefined; readonly message?: string | undefined; readonly inst?: $ZodType<...> | ... 1 more ... | undefined; readonly schema?: $ZodType<...> | undefined; reado...'.
                            Type '{ [x: string]: unknown; readonly keys: string[]; readonly code: "unrecognized_keys"; readonly input: Record<string, unknown> | undefined; readonly path?: PropertyKey[] | undefined; readonly message?: string | undefined; readonly inst?: $ZodType<...> | ... 1 more ... | undefined; readonly schema?: $ZodType<...> | und...' is not assignable to type '{ [x: string]: unknown; readonly code: "invalid_type"; readonly input: unknown; readonly expected: $ZodInvalidTypeExpected; readonly path?: PropertyKey[] | undefined; readonly message?: string | undefined; readonly inst?: $ZodType<...> | ... 1 more ... | undefined; readonly schema?: $ZodType<...> | undefined; readon...'.
                              Type '{ [x: string]: unknown; readonly keys: string[]; readonly code: "unrecognized_keys"; readonly input: Record<string, unknown> | undefined; readonly path?: PropertyKey[] | undefined; readonly message?: string | undefined; readonly inst?: $ZodType<...> | ... 1 more ... | undefined; readonly schema?: $ZodType<...> | und...' is not assignable to type '{ [x: string]: unknown; readonly code: "invalid_type"; readonly input: unknown; readonly expected: $ZodInvalidTypeExpected; readonly path?: PropertyKey[] | undefined; readonly message?: string | undefined; readonly inst?: $ZodType<...> | ... 1 more ... | undefined; readonly schema?: $ZodType<...> | undefined; readon...'.
                                Type '{ [x: string]: unknown; readonly keys: string[]; readonly code: "unrecognized_keys"; readonly input: Record<string, unknown> | undefined; readonly path?: PropertyKey[] | undefined; readonly message?: string | undefined; readonly inst?: import("C:/Users/kumar/Downloads/florma-hero/florma/actors/florma-3d-audit/node_m...' is not assignable to type '{ [x: string]: unknown; readonly keys: string[]; readonly code: "unrecognized_keys"; readonly input: Record<string, unknown> | undefined; readonly path?: PropertyKey[] | undefined; readonly message?: string | undefined; readonly inst?: import("C:/Users/kumar/Downloads/florma-hero/florma/actors/florma-3d-audit/node_m...'. Two different types with this name exist, but they are unrelated.
                                  Types of property 'inst' are incompatible.
                                    Type 'import("C:/Users/kumar/Downloads/florma-hero/florma/actors/florma-3d-audit/node_modules.hidden/zod/src/v4/core/schemas").$ZodType<unknown, unknown, import("C:/Users/kumar/Downloads/florma-hero/florma/actors/florma-3d-audit/node_modules.hidden/zod/src/v4/core/schemas").$ZodTypeInternals<unknown, unknown>> | import("C...' is not assignable to type 'import("C:/Users/kumar/Downloads/florma-hero/florma/actors/florma-3d-audit/node_modules.hidden/zod/v4/core/schemas").$ZodType<unknown, unknown, import("C:/Users/kumar/Downloads/florma-hero/florma/actors/florma-3d-audit/node_modules.hidden/zod/v4/core/schemas").$ZodTypeInternals<unknown, unknown>> | import("C:/Users/...'.
                                      Type '$ZodType<unknown, unknown, $ZodTypeInternals<unknown, unknown>>' is not assignable to type '$ZodType<unknown, unknown, $ZodTypeInternals<unknown, unknown>> | $ZodCheck<never> | undefined'.
                                        Property '_core' is missing in type 'import("C:/Users/kumar/Downloads/florma-hero/florma/actors/florma-3d-audit/node_modules.hidden/zod/src/v4/core/schemas").$ZodType<unknown, unknown, import("C:/Users/kumar/Downloads/florma-hero/florma/actors/florma-3d-audit/node_modules.hidden/zod/src/v4/core/schemas").$ZodTypeInternals<unknown, unknown>>' but required in type 'import("C:/Users/kumar/Downloads/florma-hero/florma/actors/florma-3d-audit/node_modules.hidden/zod/v4/core/schemas").$ZodType<unknown, unknown, import("C:/Users/kumar/Downloads/florma-hero/florma/actors/florma-3d-audit/node_modules.hidden/zod/v4/core/schemas").$ZodTypeInternals<unknown, unknown>>'.
actors/florma-3d-audit/node_modules.hidden/zod/src/v4/classic/tests/deep-partial.test.ts(315,26): error TS2769: No overload matches this call.
  Overload 1 of 2, '(schema: SomeType, fn: VisitFn): AnyZod', gave the following error.
    Argument of type 'ZodObject<{ a: ZodString; b: ZodNumber; }, $strip>' is not assignable to parameter of type 'SomeType'.
      The types of '_zod.def.checks' are incompatible between these types.
        Type 'import("C:/Users/kumar/Downloads/florma-hero/florma/actors/florma-3d-audit/node_modules.hidden/zod/v4/core/checks").$ZodCheck<never>[] | undefined' is not assignable to type 'import("C:/Users/kumar/Downloads/florma-hero/florma/actors/florma-3d-audit/node_modules.hidden/zod/src/v4/core/checks").$ZodCheck<never>[] | undefined'.
          Type 'import("C:/Users/kumar/Downloads/florma-hero/florma/actors/florma-3d-audit/node_modules.hidden/zod/v4/core/checks").$ZodCheck<never>[]' is not assignable to type 'import("C:/Users/kumar/Downloads/florma-hero/florma/actors/florma-3d-audit/node_modules.hidden/zod/src/v4/core/checks").$ZodCheck<never>[]'.
            Type 'import("C:/Users/kumar/Downloads/florma-hero/florma/actors/florma-3d-audit/node_modules.hidden/zod/v4/core/checks").$ZodCheck<never>' is not assignable to type 'import("C:/Users/kumar/Downloads/florma-hero/florma/actors/florma-3d-audit/node_modules.hidden/zod/src/v4/core/checks").$ZodCheck<never>'.
              The types of '_zod.def.when' are incompatible between these types.
                Type '((payload: import("C:/Users/kumar/Downloads/florma-hero/florma/actors/florma-3d-audit/node_modules.hidden/zod/v4/core/schemas").ParsePayload<unknown>) => boolean) | undefined' is not assignable to type '((payload: import("C:/Users/kumar/Downloads/florma-hero/florma/actors/florma-3d-audit/node_modules.hidden/zod/src/v4/core/schemas").ParsePayload<unknown>) => boolean) | undefined'.
                  Type '(payload: import("C:/Users/kumar/Downloads/florma-hero/florma/actors/florma-3d-audit/node_modules.hidden/zod/v4/core/schemas").ParsePayload<unknown>) => boolean' is not assignable to type '(payload: import("C:/Users/kumar/Downloads/florma-hero/florma/actors/florma-3d-audit/node_modules.hidden/zod/src/v4/core/schemas").ParsePayload<unknown>) => boolean'.
                    Types of parameters 'payload' and 'payload' are incompatible.
                      Type 'import("C:/Users/kumar/Downloads/florma-hero/florma/actors/florma-3d-audit/node_modules.hidden/zod/src/v4/core/schemas").ParsePayload<unknown>' is not assignable to type 'import("C:/Users/kumar/Downloads/florma-hero/florma/actors/florma-3d-audit/node_modules.hidden/zod/v4/core/schemas").ParsePayload<unknown>'.
                        Types of property 'issues' are incompatible.
                          Type '({ [x: string]: unknown; readonly keys: string[]; readonly code: "unrecognized_keys"; readonly input: Record<string, unknown> | undefined; readonly path?: PropertyKey[] | undefined; readonly message?: string | undefined; readonly inst?: $ZodType<...> | ... 1 more ... | undefined; readonly schema?: $ZodType<...> | un...' is not assignable to type '({ [x: string]: unknown; readonly code: "invalid_type"; readonly input: unknown; readonly expected: $ZodInvalidTypeExpected; readonly path?: PropertyKey[] | undefined; readonly message?: string | undefined; readonly inst?: $ZodType<...> | ... 1 more ... | undefined; readonly schema?: $ZodType<...> | undefined; reado...'.
                            Type '{ [x: string]: unknown; readonly keys: string[]; readonly code: "unrecognized_keys"; readonly input: Record<string, unknown> | undefined; readonly path?: PropertyKey[] | undefined; readonly message?: string | undefined; readonly inst?: $ZodType<...> | ... 1 more ... | undefined; readonly schema?: $ZodType<...> | und...' is not assignable to type '{ [x: string]: unknown; readonly code: "invalid_type"; readonly input: unknown; readonly expected: $ZodInvalidTypeExpected; readonly path?: PropertyKey[] | undefined; readonly message?: string | undefined; readonly inst?: $ZodType<...> | ... 1 more ... | undefined; readonly schema?: $ZodType<...> | undefined; readon...'.
                              Type '{ [x: string]: unknown; readonly keys: string[]; readonly code: "unrecognized_keys"; readonly input: Record<string, unknown> | undefined; readonly path?: PropertyKey[] | undefined; readonly message?: string | undefined; readonly inst?: $ZodType<...> | ... 1 more ... | undefined; readonly schema?: $ZodType<...> | und...' is not assignable to type '{ [x: string]: unknown; readonly code: "invalid_type"; readonly input: unknown; readonly expected: $ZodInvalidTypeExpected; readonly path?: PropertyKey[] | undefined; readonly message?: string | undefined; readonly inst?: $ZodType<...> | ... 1 more ... | undefined; readonly schema?: $ZodType<...> | undefined; readon...'.
                                Type '{ [x: string]: unknown; readonly keys: string[]; readonly code: "unrecognized_keys"; readonly input: Record<string, unknown> | undefined; readonly path?: PropertyKey[] | undefined; readonly message?: string | undefined; readonly inst?: import("C:/Users/kumar/Downloads/florma-hero/florma/actors/florma-3d-audit/node_m...' is not assignable to type '{ [x: string]: unknown; readonly keys: string[]; readonly code: "unrecognized_keys"; readonly input: Record<string, unknown> | undefined; readonly path?: PropertyKey[] | undefined; readonly message?: string | undefined; readonly inst?: import("C:/Users/kumar/Downloads/florma-hero/florma/actors/florma-3d-audit/node_m...'. Two different types with this name exist, but they are unrelated.
                                  Types of property 'inst' are incompatible.
                                    Type 'import("C:/Users/kumar/Downloads/florma-hero/florma/actors/florma-3d-audit/node_modules.hidden/zod/src/v4/core/schemas").$ZodType<unknown, unknown, import("C:/Users/kumar/Downloads/florma-hero/florma/actors/florma-3d-audit/node_modules.hidden/zod/src/v4/core/schemas").$ZodTypeInternals<unknown, unknown>> | import("C...' is not assignable to type 'import("C:/Users/kumar/Downloads/florma-hero/florma/actors/florma-3d-audit/node_modules.hidden/zod/v4/core/schemas").$ZodType<unknown, unknown, import("C:/Users/kumar/Downloads/florma-hero/florma/actors/florma-3d-audit/node_modules.hidden/zod/v4/core/schemas").$ZodTypeInternals<unknown, unknown>> | import("C:/Users/...'.
                                      Type '$ZodType<unknown, unknown, $ZodTypeInternals<unknown, unknown>>' is not assignable to type '$ZodType<unknown, unknown, $ZodTypeInternals<unknown, unknown>> | $ZodCheck<never> | undefined'.
                                        Property '_core' is missing in type 'import("C:/Users/kumar/Downloads/florma-hero/florma/actors/florma-3d-audit/node_modules.hidden/zod/src/v4/core/schemas").$ZodType<unknown, unknown, import("C:/Users/kumar/Downloads/florma-hero/florma/actors/florma-3d-audit/node_modules.hidden/zod/src/v4/core/schemas").$ZodTypeInternals<unknown, unknown>>' but required in type 'import("C:/Users/kumar/Downloads/florma-hero/florma/actors/florma-3d-audit/node_modules.hidden/zod/v4/core/schemas").$ZodType<unknown, unknown, import("C:/Users/kumar/Downloads/florma-hero/florma/actors/florma-3d-audit/node_modules.hidden/zod/v4/core/schemas").$ZodTypeInternals<unknown, unknown>>'.
  Overload 2 of 2, '(schema: SomeType, handlers: VisitHandlers): AnyZod', gave the following error.
    Argument of type 'ZodObject<{ a: ZodString; b: ZodNumber; }, $strip>' is not assignable to parameter of type 'SomeType'.
      The types of '_zod.def.checks' are incompatible between these types.
        Type 'import("C:/Users/kumar/Downloads/florma-hero/florma/actors/florma-3d-audit/node_modules.hidden/zod/v4/core/checks").$ZodCheck<never>[] | undefined' is not assignable to type 'import("C:/Users/kumar/Downloads/florma-hero/florma/actors/florma-3d-audit/node_modules.hidden/zod/src/v4/core/checks").$ZodCheck<never>[] | undefined'.
          Type 'import("C:/Users/kumar/Downloads/florma-hero/florma/actors/florma-3d-audit/node_modules.hidden/zod/v4/core/checks").$ZodCheck<never>[]' is not assignable to type 'import("C:/Users/kumar/Downloads/florma-hero/florma/actors/florma-3d-audit/node_modules.hidden/zod/src/v4/core/checks").$ZodCheck<never>[]'.
            Type 'import("C:/Users/kumar/Downloads/florma-hero/florma/actors/florma-3d-audit/node_modules.hidden/zod/v4/core/checks").$ZodCheck<never>' is not assignable to type 'import("C:/Users/kumar/Downloads/florma-hero/florma/actors/florma-3d-audit/node_modules.hidden/zod/src/v4/core/checks").$ZodCheck<never>'.
              The types of '_zod.def.when' are incompatible between these types.
                Type '((payload: import("C:/Users/kumar/Downloads/florma-hero/florma/actors/florma-3d-audit/node_modules.hidden/zod/v4/core/schemas").ParsePayload<unknown>) => boolean) | undefined' is not assignable to type '((payload: import("C:/Users/kumar/Downloads/florma-hero/florma/actors/florma-3d-audit/node_modules.hidden/zod/src/v4/core/schemas").ParsePayload<unknown>) => boolean) | undefined'.
                  Type '(payload: import("C:/Users/kumar/Downloads/florma-hero/florma/actors/florma-3d-audit/node_modules.hidden/zod/v4/core/schemas").ParsePayload<unknown>) => boolean' is not assignable to type '(payload: import("C:/Users/kumar/Downloads/florma-hero/florma/actors/florma-3d-audit/node_modules.hidden/zod/src/v4/core/schemas").ParsePayload<unknown>) => boolean'.
                    Types of parameters 'payload' and 'payload' are incompatible.
                      Type 'import("C:/Users/kumar/Downloads/florma-hero/florma/actors/florma-3d-audit/node_modules.hidden/zod/src/v4/core/schemas").ParsePayload<unknown>' is not assignable to type 'import("C:/Users/kumar/Downloads/florma-hero/florma/actors/florma-3d-audit/node_modules.hidden/zod/v4/core/schemas").ParsePayload<unknown>'.
                        Types of property 'issues' are incompatible.
                          Type '({ [x: string]: unknown; readonly keys: string[]; readonly code: "unrecognized_keys"; readonly input: Record<string, unknown> | undefined; readonly path?: PropertyKey[] | undefined; readonly message?: string | undefined; readonly inst?: $ZodType<...> | ... 1 more ... | undefined; readonly schema?: $ZodType<...> | un...' is not assignable to type '({ [x: string]: unknown; readonly code: "invalid_type"; readonly input: unknown; readonly expected: $ZodInvalidTypeExpected; readonly path?: PropertyKey[] | undefined; readonly message?: string | undefined; readonly inst?: $ZodType<...> | ... 1 more ... | undefined; readonly schema?: $ZodType<...> | undefined; reado...'.
                            Type '{ [x: string]: unknown; readonly keys: string[]; readonly code: "unrecognized_keys"; readonly input: Record<string, unknown> | undefined; readonly path?: PropertyKey[] | undefined; readonly message?: string | undefined; readonly inst?: $ZodType<...> | ... 1 more ... | undefined; readonly schema?: $ZodType<...> | und...' is not assignable to type '{ [x: string]: unknown; readonly code: "invalid_type"; readonly input: unknown; readonly expected: $ZodInvalidTypeExpected; readonly path?: PropertyKey[] | undefined; readonly message?: string | undefined; readonly inst?: $ZodType<...> | ... 1 more ... | undefined; readonly schema?: $ZodType<...> | undefined; readon...'.
                              Type '{ [x: string]: unknown; readonly keys: string[]; readonly code: "unrecognized_keys"; readonly input: Record<string, unknown> | undefined; readonly path?: PropertyKey[] | undefined; readonly message?: string | undefined; readonly inst?: $ZodType<...> | ... 1 more ... | undefined; readonly schema?: $ZodType<...> | und...' is not assignable to type '{ [x: string]: unknown; readonly code: "invalid_type"; readonly input: unknown; readonly expected: $ZodInvalidTypeExpected; readonly path?: PropertyKey[] | undefined; readonly message?: string | undefined; readonly inst?: $ZodType<...> | ... 1 more ... | undefined; readonly schema?: $ZodType<...> | undefined; readon...'.
                                Type '{ [x: string]: unknown; readonly keys: string[]; readonly code: "unrecognized_keys"; readonly input: Record<string, unknown> | undefined; readonly path?: PropertyKey[] | undefined; readonly message?: string | undefined; readonly inst?: import("C:/Users/kumar/Downloads/florma-hero/florma/actors/florma-3d-audit/node_m...' is not assignable to type '{ [x: string]: unknown; readonly keys: string[]; readonly code: "unrecognized_keys"; readonly input: Record<string, unknown> | undefined; readonly path?: PropertyKey[] | undefined; readonly message?: string | undefined; readonly inst?: import("C:/Users/kumar/Downloads/florma-hero/florma/actors/florma-3d-audit/node_m...'. Two different types with this name exist, but they are unrelated.
                                  Types of property 'inst' are incompatible.
                                    Type 'import("C:/Users/kumar/Downloads/florma-hero/florma/actors/florma-3d-audit/node_modules.hidden/zod/src/v4/core/schemas").$ZodType<unknown, unknown, import("C:/Users/kumar/Downloads/florma-hero/florma/actors/florma-3d-audit/node_modules.hidden/zod/src/v4/core/schemas").$ZodTypeInternals<unknown, unknown>> | import("C...' is not assignable to type 'import("C:/Users/kumar/Downloads/florma-hero/florma/actors/florma-3d-audit/node_modules.hidden/zod/v4/core/schemas").$ZodType<unknown, unknown, import("C:/Users/kumar/Downloads/florma-hero/florma/actors/florma-3d-audit/node_modules.hidden/zod/v4/core/schemas").$ZodTypeInternals<unknown, unknown>> | import("C:/Users/...'.
                                      Type '$ZodType<unknown, unknown, $ZodTypeInternals<unknown, unknown>>' is not assignable to type '$ZodType<unknown, unknown, $ZodTypeInternals<unknown, unknown>> | $ZodCheck<never> | undefined'.
                                        Property '_core' is missing in type 'import("C:/Users/kumar/Downloads/florma-hero/florma/actors/florma-3d-audit/node_modules.hidden/zod/src/v4/core/schemas").$ZodType<unknown, unknown, import("C:/Users/kumar/Downloads/florma-hero/florma/actors/florma-3d-audit/node_modules.hidden/zod/src/v4/core/schemas").$ZodTypeInternals<unknown, unknown>>' but required in type 'import("C:/Users/kumar/Downloads/florma-hero/florma/actors/florma-3d-audit/node_modules.hidden/zod/v4/core/schemas").$ZodType<unknown, unknown, import("C:/Users/kumar/Downloads/florma-hero/florma/actors/florma-3d-audit/node_modules.hidden/zod/v4/core/schemas").$ZodTypeInternals<unknown, unknown>>'.
actors/florma-3d-audit/node_modules.hidden/zod/src/v4/classic/tests/deep-partial.test.ts(323,11): error TS2769: No overload matches this call.
  Overload 1 of 2, '(schema: SomeType, fn: VisitFn): AnyZod', gave the following error.
    Argument of type 'ZodObject<{ x: ZodObject<{ a: ZodString; }, $strip>; y: ZodObject<{ a: ZodString; }, $strip>; }, $strip>' is not assignable to parameter of type 'SomeType'.
      The types of '_zod.def.checks' are incompatible between these types.
        Type 'import("C:/Users/kumar/Downloads/florma-hero/florma/actors/florma-3d-audit/node_modules.hidden/zod/v4/core/checks").$ZodCheck<never>[] | undefined' is not assignable to type 'import("C:/Users/kumar/Downloads/florma-hero/florma/actors/florma-3d-audit/node_modules.hidden/zod/src/v4/core/checks").$ZodCheck<never>[] | undefined'.
          Type 'import("C:/Users/kumar/Downloads/florma-hero/florma/actors/florma-3d-audit/node_modules.hidden/zod/v4/core/checks").$ZodCheck<never>[]' is not assignable to type 'import("C:/Users/kumar/Downloads/florma-hero/florma/actors/florma-3d-audit/node_modules.hidden/zod/src/v4/core/checks").$ZodCheck<never>[]'.
            Type 'import("C:/Users/kumar/Downloads/florma-hero/florma/actors/florma-3d-audit/node_modules.hidden/zod/v4/core/checks").$ZodCheck<never>' is not assignable to type 'import("C:/Users/kumar/Downloads/florma-hero/florma/actors/florma-3d-audit/node_modules.hidden/zod/src/v4/core/checks").$ZodCheck<never>'.
              The types of '_zod.def.when' are incompatible between these types.
                Type '((payload: import("C:/Users/kumar/Downloads/florma-hero/florma/actors/florma-3d-audit/node_modules.hidden/zod/v4/core/schemas").ParsePayload<unknown>) => boolean) | undefined' is not assignable to type '((payload: import("C:/Users/kumar/Downloads/florma-hero/florma/actors/florma-3d-audit/node_modules.hidden/zod/src/v4/core/schemas").ParsePayload<unknown>) => boolean) | undefined'.
                  Type '(payload: import("C:/Users/kumar/Downloads/florma-hero/florma/actors/florma-3d-audit/node_modules.hidden/zod/v4/core/schemas").ParsePayload<unknown>) => boolean' is not assignable to type '(payload: import("C:/Users/kumar/Downloads/florma-hero/florma/actors/florma-3d-audit/node_modules.hidden/zod/src/v4/core/schemas").ParsePayload<unknown>) => boolean'.
                    Types of parameters 'payload' and 'payload' are incompatible.
                      Type 'import("C:/Users/kumar/Downloads/florma-hero/florma/actors/florma-3d-audit/node_modules.hidden/zod/src/v4/core/schemas").ParsePayload<unknown>' is not assignable to type 'import("C:/Users/kumar/Downloads/florma-hero/florma/actors/florma-3d-audit/node_modules.hidden/zod/v4/core/schemas").ParsePayload<unknown>'.
                        Types of property 'issues' are incompatible.
                          Type '({ [x: string]: unknown; readonly keys: string[]; readonly code: "unrecognized_keys"; readonly input: Record<string, unknown> | undefined; readonly path?: PropertyKey[] | undefined; readonly message?: string | undefined; readonly inst?: $ZodType<...> | ... 1 more ... | undefined; readonly schema?: $ZodType<...> | un...' is not assignable to type '({ [x: string]: unknown; readonly code: "invalid_type"; readonly input: unknown; readonly expected: $ZodInvalidTypeExpected; readonly path?: PropertyKey[] | undefined; readonly message?: string | undefined; readonly inst?: $ZodType<...> | ... 1 more ... | undefined; readonly schema?: $ZodType<...> | undefined; reado...'.
                            Type '{ [x: string]: unknown; readonly keys: string[]; readonly code: "unrecognized_keys"; readonly input: Record<string, unknown> | undefined; readonly path?: PropertyKey[] | undefined; readonly message?: string | undefined; readonly inst?: $ZodType<...> | ... 1 more ... | undefined; readonly schema?: $ZodType<...> | und...' is not assignable to type '{ [x: string]: unknown; readonly code: "invalid_type"; readonly input: unknown; readonly expected: $ZodInvalidTypeExpected; readonly path?: PropertyKey[] | undefined; readonly message?: string | undefined; readonly inst?: $ZodType<...> | ... 1 more ... | undefined; readonly schema?: $ZodType<...> | undefined; readon...'.
                              Type '{ [x: string]: unknown; readonly keys: string[]; readonly code: "unrecognized_keys"; readonly input: Record<string, unknown> | undefined; readonly path?: PropertyKey[] | undefined; readonly message?: string | undefined; readonly inst?: $ZodType<...> | ... 1 more ... | undefined; readonly schema?: $ZodType<...> | und...' is not assignable to type '{ [x: string]: unknown; readonly code: "invalid_type"; readonly input: unknown; readonly expected: $ZodInvalidTypeExpected; readonly path?: PropertyKey[] | undefined; readonly message?: string | undefined; readonly inst?: $ZodType<...> | ... 1 more ... | undefined; readonly schema?: $ZodType<...> | undefined; readon...'.
                                Type '{ [x: string]: unknown; readonly keys: string[]; readonly code: "unrecognized_keys"; readonly input: Record<string, unknown> | undefined; readonly path?: PropertyKey[] | undefined; readonly message?: string | undefined; readonly inst?: import("C:/Users/kumar/Downloads/florma-hero/florma/actors/florma-3d-audit/node_m...' is not assignable to type '{ [x: string]: unknown; readonly keys: string[]; readonly code: "unrecognized_keys"; readonly input: Record<string, unknown> | undefined; readonly path?: PropertyKey[] | undefined; readonly message?: string | undefined; readonly inst?: import("C:/Users/kumar/Downloads/florma-hero/florma/actors/florma-3d-audit/node_m...'. Two different types with this name exist, but they are unrelated.
                                  Types of property 'inst' are incompatible.
                                    Type 'import("C:/Users/kumar/Downloads/florma-hero/florma/actors/florma-3d-audit/node_modules.hidden/zod/src/v4/core/schemas").$ZodType<unknown, unknown, import("C:/Users/kumar/Downloads/florma-hero/florma/actors/florma-3d-audit/node_modules.hidden/zod/src/v4/core/schemas").$ZodTypeInternals<unknown, unknown>> | import("C...' is not assignable to type 'import("C:/Users/kumar/Downloads/florma-hero/florma/actors/florma-3d-audit/node_modules.hidden/zod/v4/core/schemas").$ZodType<unknown, unknown, import("C:/Users/kumar/Downloads/florma-hero/florma/actors/florma-3d-audit/node_modules.hidden/zod/v4/core/schemas").$ZodTypeInternals<unknown, unknown>> | import("C:/Users/...'.
                                      Type '$ZodType<unknown, unknown, $ZodTypeInternals<unknown, unknown>>' is not assignable to type '$ZodType<unknown, unknown, $ZodTypeInternals<unknown, unknown>> | $ZodCheck<never> | undefined'.
                                        Property '_core' is missing in type 'import("C:/Users/kumar/Downloads/florma-hero/florma/actors/florma-3d-audit/node_modules.hidden/zod/src/v4/core/schemas").$ZodType<unknown, unknown, import("C:/Users/kumar/Downloads/florma-hero/florma/actors/florma-3d-audit/node_modules.hidden/zod/src/v4/core/schemas").$ZodTypeInternals<unknown, unknown>>' but required in type 'import("C:/Users/kumar/Downloads/florma-hero/florma/actors/florma-3d-audit/node_modules.hidden/zod/v4/core/schemas").$ZodType<unknown, unknown, import("C:/Users/kumar/Downloads/florma-hero/florma/actors/florma-3d-audit/node_modules.hidden/zod/v4/core/schemas").$ZodTypeInternals<unknown, unknown>>'.
  Overload 2 of 2, '(schema: SomeType, handlers: VisitHandlers): AnyZod', gave the following error.
    Argument of type 'ZodObject<{ x: ZodObject<{ a: ZodString; }, $strip>; y: ZodObject<{ a: ZodString; }, $strip>; }, $strip>' is not assignable to parameter of type 'SomeType'.
      The types of '_zod.def.checks' are incompatible between these types.
        Type 'import("C:/Users/kumar/Downloads/florma-hero/florma/actors/florma-3d-audit/node_modules.hidden/zod/v4/core/checks").$ZodCheck<never>[] | undefined' is not assignable to type 'import("C:/Users/kumar/Downloads/florma-hero/florma/actors/florma-3d-audit/node_modules.hidden/zod/src/v4/core/checks").$ZodCheck<never>[] | undefined'.
          Type 'import("C:/Users/kumar/Downloads/florma-hero/florma/actors/florma-3d-audit/node_modules.hidden/zod/v4/core/checks").$ZodCheck<never>[]' is not assignable to type 'import("C:/Users/kumar/Downloads/florma-hero/florma/actors/florma-3d-audit/node_modules.hidden/zod/src/v4/core/checks").$ZodCheck<never>[]'.
            Type 'import("C:/Users/kumar/Downloads/florma-hero/florma/actors/florma-3d-audit/node_modules.hidden/zod/v4/core/checks").$ZodCheck<never>' is not assignable to type 'import("C:/Users/kumar/Downloads/florma-hero/florma/actors/florma-3d-audit/node_modules.hidden/zod/src/v4/core/checks").$ZodCheck<never>'.
              The types of '_zod.def.when' are incompatible between these types.
                Type '((payload: import("C:/Users/kumar/Downloads/florma-hero/florma/actors/florma-3d-audit/node_modules.hidden/zod/v4/core/schemas").ParsePayload<unknown>) => boolean) | undefined' is not assignable to type '((payload: import("C:/Users/kumar/Downloads/florma-hero/florma/actors/florma-3d-audit/node_modules.hidden/zod/src/v4/core/schemas").ParsePayload<unknown>) => boolean) | undefined'.
                  Type '(payload: import("C:/Users/kumar/Downloads/florma-hero/florma/actors/florma-3d-audit/node_modules.hidden/zod/v4/core/schemas").ParsePayload<unknown>) => boolean' is not assignable to type '(payload: import("C:/Users/kumar/Downloads/florma-hero/florma/actors/florma-3d-audit/node_modules.hidden/zod/src/v4/core/schemas").ParsePayload<unknown>) => boolean'.
                    Types of parameters 'payload' and 'payload' are incompatible.
                      Type 'import("C:/Users/kumar/Downloads/florma-hero/florma/actors/florma-3d-audit/node_modules.hidden/zod/src/v4/core/schemas").ParsePayload<unknown>' is not assignable to type 'import("C:/Users/kumar/Downloads/florma-hero/florma/actors/florma-3d-audit/node_modules.hidden/zod/v4/core/schemas").ParsePayload<unknown>'.
                        Types of property 'issues' are incompatible.
                          Type '({ [x: string]: unknown; readonly keys: string[]; readonly code: "unrecognized_keys"; readonly input: Record<string, unknown> | undefined; readonly path?: PropertyKey[] | undefined; readonly message?: string | undefined; readonly inst?: $ZodType<...> | ... 1 more ... | undefined; readonly schema?: $ZodType<...> | un...' is not assignable to type '({ [x: string]: unknown; readonly code: "invalid_type"; readonly input: unknown; readonly expected: $ZodInvalidTypeExpected; readonly path?: PropertyKey[] | undefined; readonly message?: string | undefined; readonly inst?: $ZodType<...> | ... 1 more ... | undefined; readonly schema?: $ZodType<...> | undefined; reado...'.
                            Type '{ [x: string]: unknown; readonly keys: string[]; readonly code: "unrecognized_keys"; readonly input: Record<string, unknown> | undefined; readonly path?: PropertyKey[] | undefined; readonly message?: string | undefined; readonly inst?: $ZodType<...> | ... 1 more ... | undefined; readonly schema?: $ZodType<...> | und...' is not assignable to type '{ [x: string]: unknown; readonly code: "invalid_type"; readonly input: unknown; readonly expected: $ZodInvalidTypeExpected; readonly path?: PropertyKey[] | undefined; readonly message?: string | undefined; readonly inst?: $ZodType<...> | ... 1 more ... | undefined; readonly schema?: $ZodType<...> | undefined; readon...'.
                              Type '{ [x: string]: unknown; readonly keys: string[]; readonly code: "unrecognized_keys"; readonly input: Record<string, unknown> | undefined; readonly path?: PropertyKey[] | undefined; readonly message?: string | undefined; readonly inst?: $ZodType<...> | ... 1 more ... | undefined; readonly schema?: $ZodType<...> | und...' is not assignable to type '{ [x: string]: unknown; readonly code: "invalid_type"; readonly input: unknown; readonly expected: $ZodInvalidTypeExpected; readonly path?: PropertyKey[] | undefined; readonly message?: string | undefined; readonly inst?: $ZodType<...> | ... 1 more ... | undefined; readonly schema?: $ZodType<...> | undefined; readon...'.
                                Type '{ [x: string]: unknown; readonly keys: string[]; readonly code: "unrecognized_keys"; readonly input: Record<string, unknown> | undefined; readonly path?: PropertyKey[] | undefined; readonly message?: string | undefined; readonly inst?: import("C:/Users/kumar/Downloads/florma-hero/florma/actors/florma-3d-audit/node_m...' is not assignable to type '{ [x: string]: unknown; readonly keys: string[]; readonly code: "unrecognized_keys"; readonly input: Record<string, unknown> | undefined; readonly path?: PropertyKey[] | undefined; readonly message?: string | undefined; readonly inst?: import("C:/Users/kumar/Downloads/florma-hero/florma/actors/florma-3d-audit/node_m...'. Two different types with this name exist, but they are unrelated.
                                  Types of property 'inst' are incompatible.
                                    Type 'import("C:/Users/kumar/Downloads/florma-hero/florma/actors/florma-3d-audit/node_modules.hidden/zod/src/v4/core/schemas").$ZodType<unknown, unknown, import("C:/Users/kumar/Downloads/florma-hero/florma/actors/florma-3d-audit/node_modules.hidden/zod/src/v4/core/schemas").$ZodTypeInternals<unknown, unknown>> | import("C...' is not assignable to type 'import("C:/Users/kumar/Downloads/florma-hero/florma/actors/florma-3d-audit/node_modules.hidden/zod/v4/core/schemas").$ZodType<unknown, unknown, import("C:/Users/kumar/Downloads/florma-hero/florma/actors/florma-3d-audit/node_modules.hidden/zod/v4/core/schemas").$ZodTypeInternals<unknown, unknown>> | import("C:/Users/...'.
                                      Type '$ZodType<unknown, unknown, $ZodTypeInternals<unknown, unknown>>' is not assignable to type '$ZodType<unknown, unknown, $ZodTypeInternals<unknown, unknown>> | $ZodCheck<never> | undefined'.
                                        Property '_core' is missing in type 'import("C:/Users/kumar/Downloads/florma-hero/florma/actors/florma-3d-audit/node_modules.hidden/zod/src/v4/core/schemas").$ZodType<unknown, unknown, import("C:/Users/kumar/Downloads/florma-hero/florma/actors/florma-3d-audit/node_modules.hidden/zod/src/v4/core/schemas").$ZodTypeInternals<unknown, unknown>>' but required in type 'import("C:/Users/kumar/Downloads/florma-hero/florma/actors/florma-3d-audit/node_modules.hidden/zod/v4/core/schemas").$ZodType<unknown, unknown, import("C:/Users/kumar/Downloads/florma-hero/florma/actors/florma-3d-audit/node_modules.hidden/zod/v4/core/schemas").$ZodTypeInternals<unknown, unknown>>'.
actors/florma-3d-audit/node_modules.hidden/zod/src/v4/classic/tests/deep-partial.test.ts(334,26): error TS2769: No overload matches this call.
  Overload 1 of 2, '(schema: SomeType, fn: VisitFn): AnyZod', gave the following error.
    Argument of type 'ZodType<unknown, unknown, $ZodTypeInternals<unknown, unknown>>' is not assignable to parameter of type 'SomeType'.
      The types of '_zod.def.checks' are incompatible between these types.
        Type 'import("C:/Users/kumar/Downloads/florma-hero/florma/actors/florma-3d-audit/node_modules.hidden/zod/v4/core/checks").$ZodCheck<never>[] | undefined' is not assignable to type 'import("C:/Users/kumar/Downloads/florma-hero/florma/actors/florma-3d-audit/node_modules.hidden/zod/src/v4/core/checks").$ZodCheck<never>[] | undefined'.
          Type 'import("C:/Users/kumar/Downloads/florma-hero/florma/actors/florma-3d-audit/node_modules.hidden/zod/v4/core/checks").$ZodCheck<never>[]' is not assignable to type 'import("C:/Users/kumar/Downloads/florma-hero/florma/actors/florma-3d-audit/node_modules.hidden/zod/src/v4/core/checks").$ZodCheck<never>[]'.
            Type 'import("C:/Users/kumar/Downloads/florma-hero/florma/actors/florma-3d-audit/node_modules.hidden/zod/v4/core/checks").$ZodCheck<never>' is not assignable to type 'import("C:/Users/kumar/Downloads/florma-hero/florma/actors/florma-3d-audit/node_modules.hidden/zod/src/v4/core/checks").$ZodCheck<never>'.
              The types of '_zod.def.when' are incompatible between these types.
                Type '((payload: import("C:/Users/kumar/Downloads/florma-hero/florma/actors/florma-3d-audit/node_modules.hidden/zod/v4/core/schemas").ParsePayload<unknown>) => boolean) | undefined' is not assignable to type '((payload: import("C:/Users/kumar/Downloads/florma-hero/florma/actors/florma-3d-audit/node_modules.hidden/zod/src/v4/core/schemas").ParsePayload<unknown>) => boolean) | undefined'.
                  Type '(payload: import("C:/Users/kumar/Downloads/florma-hero/florma/actors/florma-3d-audit/node_modules.hidden/zod/v4/core/schemas").ParsePayload<unknown>) => boolean' is not assignable to type '(payload: import("C:/Users/kumar/Downloads/florma-hero/florma/actors/florma-3d-audit/node_modules.hidden/zod/src/v4/core/schemas").ParsePayload<unknown>) => boolean'.
                    Types of parameters 'payload' and 'payload' are incompatible.
                      Type 'import("C:/Users/kumar/Downloads/florma-hero/florma/actors/florma-3d-audit/node_modules.hidden/zod/src/v4/core/schemas").ParsePayload<unknown>' is not assignable to type 'import("C:/Users/kumar/Downloads/florma-hero/florma/actors/florma-3d-audit/node_modules.hidden/zod/v4/core/schemas").ParsePayload<unknown>'.
                        Types of property 'issues' are incompatible.
                          Type '({ [x: string]: unknown; readonly keys: string[]; readonly code: "unrecognized_keys"; readonly input: Record<string, unknown> | undefined; readonly path?: PropertyKey[] | undefined; readonly message?: string | undefined; readonly inst?: $ZodType<...> | ... 1 more ... | undefined; readonly schema?: $ZodType<...> | un...' is not assignable to type '({ [x: string]: unknown; readonly code: "invalid_type"; readonly input: unknown; readonly expected: $ZodInvalidTypeExpected; readonly path?: PropertyKey[] | undefined; readonly message?: string | undefined; readonly inst?: $ZodType<...> | ... 1 more ... | undefined; readonly schema?: $ZodType<...> | undefined; reado...'.
                            Type '{ [x: string]: unknown; readonly keys: string[]; readonly code: "unrecognized_keys"; readonly input: Record<string, unknown> | undefined; readonly path?: PropertyKey[] | undefined; readonly message?: string | undefined; readonly inst?: $ZodType<...> | ... 1 more ... | undefined; readonly schema?: $ZodType<...> | und...' is not assignable to type '{ [x: string]: unknown; readonly code: "invalid_type"; readonly input: unknown; readonly expected: $ZodInvalidTypeExpected; readonly path?: PropertyKey[] | undefined; readonly message?: string | undefined; readonly inst?: $ZodType<...> | ... 1 more ... | undefined; readonly schema?: $ZodType<...> | undefined; readon...'.
                              Type '{ [x: string]: unknown; readonly keys: string[]; readonly code: "unrecognized_keys"; readonly input: Record<string, unknown> | undefined; readonly path?: PropertyKey[] | undefined; readonly message?: string | undefined; readonly inst?: $ZodType<...> | ... 1 more ... | undefined; readonly schema?: $ZodType<...> | und...' is not assignable to type '{ [x: string]: unknown; readonly code: "invalid_type"; readonly input: unknown; readonly expected: $ZodInvalidTypeExpected; readonly path?: PropertyKey[] | undefined; readonly message?: string | undefined; readonly inst?: $ZodType<...> | ... 1 more ... | undefined; readonly schema?: $ZodType<...> | undefined; readon...'.
                                Type '{ [x: string]: unknown; readonly keys: string[]; readonly code: "unrecognized_keys"; readonly input: Record<string, unknown> | undefined; readonly path?: PropertyKey[] | undefined; readonly message?: string | undefined; readonly inst?: import("C:/Users/kumar/Downloads/florma-hero/florma/actors/florma-3d-audit/node_m...' is not assignable to type '{ [x: string]: unknown; readonly keys: string[]; readonly code: "unrecognized_keys"; readonly input: Record<string, unknown> | undefined; readonly path?: PropertyKey[] | undefined; readonly message?: string | undefined; readonly inst?: import("C:/Users/kumar/Downloads/florma-hero/florma/actors/florma-3d-audit/node_m...'. Two different types with this name exist, but they are unrelated.
                                  Types of property 'inst' are incompatible.
                                    Type 'import("C:/Users/kumar/Downloads/florma-hero/florma/actors/florma-3d-audit/node_modules.hidden/zod/src/v4/core/schemas").$ZodType<unknown, unknown, import("C:/Users/kumar/Downloads/florma-hero/florma/actors/florma-3d-audit/node_modules.hidden/zod/src/v4/core/schemas").$ZodTypeInternals<unknown, unknown>> | import("C...' is not assignable to type 'import("C:/Users/kumar/Downloads/florma-hero/florma/actors/florma-3d-audit/node_modules.hidden/zod/v4/core/schemas").$ZodType<unknown, unknown, import("C:/Users/kumar/Downloads/florma-hero/florma/actors/florma-3d-audit/node_modules.hidden/zod/v4/core/schemas").$ZodTypeInternals<unknown, unknown>> | import("C:/Users/...'.
                                      Type '$ZodType<unknown, unknown, $ZodTypeInternals<unknown, unknown>>' is not assignable to type '$ZodType<unknown, unknown, $ZodTypeInternals<unknown, unknown>> | $ZodCheck<never> | undefined'.
                                        Property '_core' is missing in type 'import("C:/Users/kumar/Downloads/florma-hero/florma/actors/florma-3d-audit/node_modules.hidden/zod/src/v4/core/schemas").$ZodType<unknown, unknown, import("C:/Users/kumar/Downloads/florma-hero/florma/actors/florma-3d-audit/node_modules.hidden/zod/src/v4/core/schemas").$ZodTypeInternals<unknown, unknown>>' but required in type 'import("C:/Users/kumar/Downloads/florma-hero/florma/actors/florma-3d-audit/node_modules.hidden/zod/v4/core/schemas").$ZodType<unknown, unknown, import("C:/Users/kumar/Downloads/florma-hero/florma/actors/florma-3d-audit/node_modules.hidden/zod/v4/core/schemas").$ZodTypeInternals<unknown, unknown>>'.
  Overload 2 of 2, '(schema: SomeType, handlers: VisitHandlers): AnyZod', gave the following error.
    Argument of type 'ZodType<unknown, unknown, $ZodTypeInternals<unknown, unknown>>' is not assignable to parameter of type 'SomeType'.
      The types of '_zod.def.checks' are incompatible between these types.
        Type 'import("C:/Users/kumar/Downloads/florma-hero/florma/actors/florma-3d-audit/node_modules.hidden/zod/v4/core/checks").$ZodCheck<never>[] | undefined' is not assignable to type 'import("C:/Users/kumar/Downloads/florma-hero/florma/actors/florma-3d-audit/node_modules.hidden/zod/src/v4/core/checks").$ZodCheck<never>[] | undefined'.
          Type 'import("C:/Users/kumar/Downloads/florma-hero/florma/actors/florma-3d-audit/node_modules.hidden/zod/v4/core/checks").$ZodCheck<never>[]' is not assignable to type 'import("C:/Users/kumar/Downloads/florma-hero/florma/actors/florma-3d-audit/node_modules.hidden/zod/src/v4/core/checks").$ZodCheck<never>[]'.
            Type 'import("C:/Users/kumar/Downloads/florma-hero/florma/actors/florma-3d-audit/node_modules.hidden/zod/v4/core/checks").$ZodCheck<never>' is not assignable to type 'import("C:/Users/kumar/Downloads/florma-hero/florma/actors/florma-3d-audit/node_modules.hidden/zod/src/v4/core/checks").$ZodCheck<never>'.
              The types of '_zod.def.when' are incompatible between these types.
                Type '((payload: import("C:/Users/kumar/Downloads/florma-hero/florma/actors/florma-3d-audit/node_modules.hidden/zod/v4/core/schemas").ParsePayload<unknown>) => boolean) | undefined' is not assignable to type '((payload: import("C:/Users/kumar/Downloads/florma-hero/florma/actors/florma-3d-audit/node_modules.hidden/zod/src/v4/core/schemas").ParsePayload<unknown>) => boolean) | undefined'.
                  Type '(payload: import("C:/Users/kumar/Downloads/florma-hero/florma/actors/florma-3d-audit/node_modules.hidden/zod/v4/core/schemas").ParsePayload<unknown>) => boolean' is not assignable to type '(payload: import("C:/Users/kumar/Downloads/florma-hero/florma/actors/florma-3d-audit/node_modules.hidden/zod/src/v4/core/schemas").ParsePayload<unknown>) => boolean'.
                    Types of parameters 'payload' and 'payload' are incompatible.
                      Type 'import("C:/Users/kumar/Downloads/florma-hero/florma/actors/florma-3d-audit/node_modules.hidden/zod/src/v4/core/schemas").ParsePayload<unknown>' is not assignable to type 'import("C:/Users/kumar/Downloads/florma-hero/florma/actors/florma-3d-audit/node_modules.hidden/zod/v4/core/schemas").ParsePayload<unknown>'.
                        Types of property 'issues' are incompatible.
                          Type '({ [x: string]: unknown; readonly keys: string[]; readonly code: "unrecognized_keys"; readonly input: Record<string, unknown> | undefined; readonly path?: PropertyKey[] | undefined; readonly message?: string | undefined; readonly inst?: $ZodType<...> | ... 1 more ... | undefined; readonly schema?: $ZodType<...> | un...' is not assignable to type '({ [x: string]: unknown; readonly code: "invalid_type"; readonly input: unknown; readonly expected: $ZodInvalidTypeExpected; readonly path?: PropertyKey[] | undefined; readonly message?: string | undefined; readonly inst?: $ZodType<...> | ... 1 more ... | undefined; readonly schema?: $ZodType<...> | undefined; reado...'.
                            Type '{ [x: string]: unknown; readonly keys: string[]; readonly code: "unrecognized_keys"; readonly input: Record<string, unknown> | undefined; readonly path?: PropertyKey[] | undefined; readonly message?: string | undefined; readonly inst?: $ZodType<...> | ... 1 more ... | undefined; readonly schema?: $ZodType<...> | und...' is not assignable to type '{ [x: string]: unknown; readonly code: "invalid_type"; readonly input: unknown; readonly expected: $ZodInvalidTypeExpected; readonly path?: PropertyKey[] | undefined; readonly message?: string | undefined; readonly inst?: $ZodType<...> | ... 1 more ... | undefined; readonly schema?: $ZodType<...> | undefined; readon...'.
                              Type '{ [x: string]: unknown; readonly keys: string[]; readonly code: "unrecognized_keys"; readonly input: Record<string, unknown> | undefined; readonly path?: PropertyKey[] | undefined; readonly message?: string | undefined; readonly inst?: $ZodType<...> | ... 1 more ... | undefined; readonly schema?: $ZodType<...> | und...' is not assignable to type '{ [x: string]: unknown; readonly code: "invalid_type"; readonly input: unknown; readonly expected: $ZodInvalidTypeExpected; readonly path?: PropertyKey[] | undefined; readonly message?: string | undefined; readonly inst?: $ZodType<...> | ... 1 more ... | undefined; readonly schema?: $ZodType<...> | undefined; readon...'.
                                Type '{ [x: string]: unknown; readonly keys: string[]; readonly code: "unrecognized_keys"; readonly input: Record<string, unknown> | undefined; readonly path?: PropertyKey[] | undefined; readonly message?: string | undefined; readonly inst?: import("C:/Users/kumar/Downloads/florma-hero/florma/actors/florma-3d-audit/node_m...' is not assignable to type '{ [x: string]: unknown; readonly keys: string[]; readonly code: "unrecognized_keys"; readonly input: Record<string, unknown> | undefined; readonly path?: PropertyKey[] | undefined; readonly message?: string | undefined; readonly inst?: import("C:/Users/kumar/Downloads/florma-hero/florma/actors/florma-3d-audit/node_m...'. Two different types with this name exist, but they are unrelated.
                                  Types of property 'inst' are incompatible.
                                    Type 'import("C:/Users/kumar/Downloads/florma-hero/florma/actors/florma-3d-audit/node_modules.hidden/zod/src/v4/core/schemas").$ZodType<unknown, unknown, import("C:/Users/kumar/Downloads/florma-hero/florma/actors/florma-3d-audit/node_modules.hidden/zod/src/v4/core/schemas").$ZodTypeInternals<unknown, unknown>> | import("C...' is not assignable to type 'import("C:/Users/kumar/Downloads/florma-hero/florma/actors/florma-3d-audit/node_modules.hidden/zod/v4/core/schemas").$ZodType<unknown, unknown, import("C:/Users/kumar/Downloads/florma-hero/florma/actors/florma-3d-audit/node_modules.hidden/zod/v4/core/schemas").$ZodTypeInternals<unknown, unknown>> | import("C:/Users/...'.
                                      Type '$ZodType<unknown, unknown, $ZodTypeInternals<unknown, unknown>>' is not assignable to type '$ZodType<unknown, unknown, $ZodTypeInternals<unknown, unknown>> | $ZodCheck<never> | undefined'.
                                        Property '_core' is missing in type 'import("C:/Users/kumar/Downloads/florma-hero/florma/actors/florma-3d-audit/node_modules.hidden/zod/src/v4/core/schemas").$ZodType<unknown, unknown, import("C:/Users/kumar/Downloads/florma-hero/florma/actors/florma-3d-audit/node_modules.hidden/zod/src/v4/core/schemas").$ZodTypeInternals<unknown, unknown>>' but required in type 'import("C:/Users/kumar/Downloads/florma-hero/florma/actors/florma-3d-audit/node_modules.hidden/zod/v4/core/schemas").$ZodType<unknown, unknown, import("C:/Users/kumar/Downloads/florma-hero/florma/actors/florma-3d-audit/node_modules.hidden/zod/v4/core/schemas").$ZodTypeInternals<unknown, unknown>>'.
actors/florma-3d-audit/node_modules.hidden/zod/src/v4/classic/tests/deep-partial.test.ts(358,25): error TS2769: No overload matches this call.
  Overload 1 of 2, '(schema: SomeType, fn: VisitFn): AnyZod', gave the following error.
    Argument of type 'ZodObject<{ name: ZodString; children: ZodArray<ZodObject<..., $strip>>; }, $strip>' is not assignable to parameter of type 'SomeType'.
      The types of '_zod.def.checks' are incompatible between these types.
        Type 'import("C:/Users/kumar/Downloads/florma-hero/florma/actors/florma-3d-audit/node_modules.hidden/zod/v4/core/checks").$ZodCheck<never>[] | undefined' is not assignable to type 'import("C:/Users/kumar/Downloads/florma-hero/florma/actors/florma-3d-audit/node_modules.hidden/zod/src/v4/core/checks").$ZodCheck<never>[] | undefined'.
          Type 'import("C:/Users/kumar/Downloads/florma-hero/florma/actors/florma-3d-audit/node_modules.hidden/zod/v4/core/checks").$ZodCheck<never>[]' is not assignable to type 'import("C:/Users/kumar/Downloads/florma-hero/florma/actors/florma-3d-audit/node_modules.hidden/zod/src/v4/core/checks").$ZodCheck<never>[]'.
            Type 'import("C:/Users/kumar/Downloads/florma-hero/florma/actors/florma-3d-audit/node_modules.hidden/zod/v4/core/checks").$ZodCheck<never>' is not assignable to type 'import("C:/Users/kumar/Downloads/florma-hero/florma/actors/florma-3d-audit/node_modules.hidden/zod/src/v4/core/checks").$ZodCheck<never>'.
              The types of '_zod.def.when' are incompatible between these types.
                Type '((payload: import("C:/Users/kumar/Downloads/florma-hero/florma/actors/florma-3d-audit/node_modules.hidden/zod/v4/core/schemas").ParsePayload<unknown>) => boolean) | undefined' is not assignable to type '((payload: import("C:/Users/kumar/Downloads/florma-hero/florma/actors/florma-3d-audit/node_modules.hidden/zod/src/v4/core/schemas").ParsePayload<unknown>) => boolean) | undefined'.
                  Type '(payload: import("C:/Users/kumar/Downloads/florma-hero/florma/actors/florma-3d-audit/node_modules.hidden/zod/v4/core/schemas").ParsePayload<unknown>) => boolean' is not assignable to type '(payload: import("C:/Users/kumar/Downloads/florma-hero/florma/actors/florma-3d-audit/node_modules.hidden/zod/src/v4/core/schemas").ParsePayload<unknown>) => boolean'.
                    Types of parameters 'payload' and 'payload' are incompatible.
                      Type 'import("C:/Users/kumar/Downloads/florma-hero/florma/actors/florma-3d-audit/node_modules.hidden/zod/src/v4/core/schemas").ParsePayload<unknown>' is not assignable to type 'import("C:/Users/kumar/Downloads/florma-hero/florma/actors/florma-3d-audit/node_modules.hidden/zod/v4/core/schemas").ParsePayload<unknown>'.
                        Types of property 'issues' are incompatible.
                          Type '({ [x: string]: unknown; readonly keys: string[]; readonly code: "unrecognized_keys"; readonly input: Record<string, unknown> | undefined; readonly path?: PropertyKey[] | undefined; readonly message?: string | undefined; readonly inst?: $ZodType<...> | ... 1 more ... | undefined; readonly schema?: $ZodType<...> | un...' is not assignable to type '({ [x: string]: unknown; readonly code: "invalid_type"; readonly input: unknown; readonly expected: $ZodInvalidTypeExpected; readonly path?: PropertyKey[] | undefined; readonly message?: string | undefined; readonly inst?: $ZodType<...> | ... 1 more ... | undefined; readonly schema?: $ZodType<...> | undefined; reado...'.
                            Type '{ [x: string]: unknown; readonly keys: string[]; readonly code: "unrecognized_keys"; readonly input: Record<string, unknown> | undefined; readonly path?: PropertyKey[] | undefined; readonly message?: string | undefined; readonly inst?: $ZodType<...> | ... 1 more ... | undefined; readonly schema?: $ZodType<...> | und...' is not assignable to type '{ [x: string]: unknown; readonly code: "invalid_type"; readonly input: unknown; readonly expected: $ZodInvalidTypeExpected; readonly path?: PropertyKey[] | undefined; readonly message?: string | undefined; readonly inst?: $ZodType<...> | ... 1 more ... | undefined; readonly schema?: $ZodType<...> | undefined; readon...'.
                              Type '{ [x: string]: unknown; readonly keys: string[]; readonly code: "unrecognized_keys"; readonly input: Record<string, unknown> | undefined; readonly path?: PropertyKey[] | undefined; readonly message?: string | undefined; readonly inst?: $ZodType<...> | ... 1 more ... | undefined; readonly schema?: $ZodType<...> | und...' is not assignable to type '{ [x: string]: unknown; readonly code: "invalid_type"; readonly input: unknown; readonly expected: $ZodInvalidTypeExpected; readonly path?: PropertyKey[] | undefined; readonly message?: string | undefined; readonly inst?: $ZodType<...> | ... 1 more ... | undefined; readonly schema?: $ZodType<...> | undefined; readon...'.
                                Type '{ [x: string]: unknown; readonly keys: string[]; readonly code: "unrecognized_keys"; readonly input: Record<string, unknown> | undefined; readonly path?: PropertyKey[] | undefined; readonly message?: string | undefined; readonly inst?: import("C:/Users/kumar/Downloads/florma-hero/florma/actors/florma-3d-audit/node_m...' is not assignable to type '{ [x: string]: unknown; readonly keys: string[]; readonly code: "unrecognized_keys"; readonly input: Record<string, unknown> | undefined; readonly path?: PropertyKey[] | undefined; readonly message?: string | undefined; readonly inst?: import("C:/Users/kumar/Downloads/florma-hero/florma/actors/florma-3d-audit/node_m...'. Two different types with this name exist, but they are unrelated.
                                  Types of property 'inst' are incompatible.
                                    Type 'import("C:/Users/kumar/Downloads/florma-hero/florma/actors/florma-3d-audit/node_modules.hidden/zod/src/v4/core/schemas").$ZodType<unknown, unknown, import("C:/Users/kumar/Downloads/florma-hero/florma/actors/florma-3d-audit/node_modules.hidden/zod/src/v4/core/schemas").$ZodTypeInternals<unknown, unknown>> | import("C...' is not assignable to type 'import("C:/Users/kumar/Downloads/florma-hero/florma/actors/florma-3d-audit/node_modules.hidden/zod/v4/core/schemas").$ZodType<unknown, unknown, import("C:/Users/kumar/Downloads/florma-hero/florma/actors/florma-3d-audit/node_modules.hidden/zod/v4/core/schemas").$ZodTypeInternals<unknown, unknown>> | import("C:/Users/...'.
                                      Type '$ZodType<unknown, unknown, $ZodTypeInternals<unknown, unknown>>' is not assignable to type '$ZodType<unknown, unknown, $ZodTypeInternals<unknown, unknown>> | $ZodCheck<never> | undefined'.
                                        Property '_core' is missing in type 'import("C:/Users/kumar/Downloads/florma-hero/florma/actors/florma-3d-audit/node_modules.hidden/zod/src/v4/core/schemas").$ZodType<unknown, unknown, import("C:/Users/kumar/Downloads/florma-hero/florma/actors/florma-3d-audit/node_modules.hidden/zod/src/v4/core/schemas").$ZodTypeInternals<unknown, unknown>>' but required in type 'import("C:/Users/kumar/Downloads/florma-hero/florma/actors/florma-3d-audit/node_modules.hidden/zod/v4/core/schemas").$ZodType<unknown, unknown, import("C:/Users/kumar/Downloads/florma-hero/florma/actors/florma-3d-audit/node_modules.hidden/zod/v4/core/schemas").$ZodTypeInternals<unknown, unknown>>'.
  Overload 2 of 2, '(schema: SomeType, handlers: VisitHandlers): AnyZod', gave the following error.
    Argument of type 'ZodObject<{ name: ZodString; children: ZodArray<ZodObject<..., $strip>>; }, $strip>' is not assignable to parameter of type 'SomeType'.
      The types of '_zod.def.checks' are incompatible between these types.
        Type 'import("C:/Users/kumar/Downloads/florma-hero/florma/actors/florma-3d-audit/node_modules.hidden/zod/v4/core/checks").$ZodCheck<never>[] | undefined' is not assignable to type 'import("C:/Users/kumar/Downloads/florma-hero/florma/actors/florma-3d-audit/node_modules.hidden/zod/src/v4/core/checks").$ZodCheck<never>[] | undefined'.
          Type 'import("C:/Users/kumar/Downloads/florma-hero/florma/actors/florma-3d-audit/node_modules.hidden/zod/v4/core/checks").$ZodCheck<never>[]' is not assignable to type 'import("C:/Users/kumar/Downloads/florma-hero/florma/actors/florma-3d-audit/node_modules.hidden/zod/src/v4/core/checks").$ZodCheck<never>[]'.
            Type 'import("C:/Users/kumar/Downloads/florma-hero/florma/actors/florma-3d-audit/node_modules.hidden/zod/v4/core/checks").$ZodCheck<never>' is not assignable to type 'import("C:/Users/kumar/Downloads/florma-hero/florma/actors/florma-3d-audit/node_modules.hidden/zod/src/v4/core/checks").$ZodCheck<never>'.
              The types of '_zod.def.when' are incompatible between these types.
                Type '((payload: import("C:/Users/kumar/Downloads/florma-hero/florma/actors/florma-3d-audit/node_modules.hidden/zod/v4/core/schemas").ParsePayload<unknown>) => boolean) | undefined' is not assignable to type '((payload: import("C:/Users/kumar/Downloads/florma-hero/florma/actors/florma-3d-audit/node_modules.hidden/zod/src/v4/core/schemas").ParsePayload<unknown>) => boolean) | undefined'.
                  Type '(payload: import("C:/Users/kumar/Downloads/florma-hero/florma/actors/florma-3d-audit/node_modules.hidden/zod/v4/core/schemas").ParsePayload<unknown>) => boolean' is not assignable to type '(payload: import("C:/Users/kumar/Downloads/florma-hero/florma/actors/florma-3d-audit/node_modules.hidden/zod/src/v4/core/schemas").ParsePayload<unknown>) => boolean'.
                    Types of parameters 'payload' and 'payload' are incompatible.
                      Type 'import("C:/Users/kumar/Downloads/florma-hero/florma/actors/florma-3d-audit/node_modules.hidden/zod/src/v4/core/schemas").ParsePayload<unknown>' is not assignable to type 'import("C:/Users/kumar/Downloads/florma-hero/florma/actors/florma-3d-audit/node_modules.hidden/zod/v4/core/schemas").ParsePayload<unknown>'.
                        Types of property 'issues' are incompatible.
                          Type '({ [x: string]: unknown; readonly keys: string[]; readonly code: "unrecognized_keys"; readonly input: Record<string, unknown> | undefined; readonly path?: PropertyKey[] | undefined; readonly message?: string | undefined; readonly inst?: $ZodType<...> | ... 1 more ... | undefined; readonly schema?: $ZodType<...> | un...' is not assignable to type '({ [x: string]: unknown; readonly code: "invalid_type"; readonly input: unknown; readonly expected: $ZodInvalidTypeExpected; readonly path?: PropertyKey[] | undefined; readonly message?: string | undefined; readonly inst?: $ZodType<...> | ... 1 more ... | undefined; readonly schema?: $ZodType<...> | undefined; reado...'.
                            Type '{ [x: string]: unknown; readonly keys: string[]; readonly code: "unrecognized_keys"; readonly input: Record<string, unknown> | undefined; readonly path?: PropertyKey[] | undefined; readonly message?: string | undefined; readonly inst?: $ZodType<...> | ... 1 more ... | undefined; readonly schema?: $ZodType<...> | und...' is not assignable to type '{ [x: string]: unknown; readonly code: "invalid_type"; readonly input: unknown; readonly expected: $ZodInvalidTypeExpected; readonly path?: PropertyKey[] | undefined; readonly message?: string | undefined; readonly inst?: $ZodType<...> | ... 1 more ... | undefined; readonly schema?: $ZodType<...> | undefined; readon...'.
                              Type '{ [x: string]: unknown; readonly keys: string[]; readonly code: "unrecognized_keys"; readonly input: Record<string, unknown> | undefined; readonly path?: PropertyKey[] | undefined; readonly message?: string | undefined; readonly inst?: $ZodType<...> | ... 1 more ... | undefined; readonly schema?: $ZodType<...> | und...' is not assignable to type '{ [x: string]: unknown; readonly code: "invalid_type"; readonly input: unknown; readonly expected: $ZodInvalidTypeExpected; readonly path?: PropertyKey[] | undefined; readonly message?: string | undefined; readonly inst?: $ZodType<...> | ... 1 more ... | undefined; readonly schema?: $ZodType<...> | undefined; readon...'.
                                Type '{ [x: string]: unknown; readonly keys: string[]; readonly code: "unrecognized_keys"; readonly input: Record<string, unknown> | undefined; readonly path?: PropertyKey[] | undefined; readonly message?: string | undefined; readonly inst?: import("C:/Users/kumar/Downloads/florma-hero/florma/actors/florma-3d-audit/node_m...' is not assignable to type '{ [x: string]: unknown; readonly keys: string[]; readonly code: "unrecognized_keys"; readonly input: Record<string, unknown> | undefined; readonly path?: PropertyKey[] | undefined; readonly message?: string | undefined; readonly inst?: import("C:/Users/kumar/Downloads/florma-hero/florma/actors/florma-3d-audit/node_m...'. Two different types with this name exist, but they are unrelated.
                                  Types of property 'inst' are incompatible.
                                    Type 'import("C:/Users/kumar/Downloads/florma-hero/florma/actors/florma-3d-audit/node_modules.hidden/zod/src/v4/core/schemas").$ZodType<unknown, unknown, import("C:/Users/kumar/Downloads/florma-hero/florma/actors/florma-3d-audit/node_modules.hidden/zod/src/v4/core/schemas").$ZodTypeInternals<unknown, unknown>> | import("C...' is not assignable to type 'import("C:/Users/kumar/Downloads/florma-hero/florma/actors/florma-3d-audit/node_modules.hidden/zod/v4/core/schemas").$ZodType<unknown, unknown, import("C:/Users/kumar/Downloads/florma-hero/florma/actors/florma-3d-audit/node_modules.hidden/zod/v4/core/schemas").$ZodTypeInternals<unknown, unknown>> | import("C:/Users/...'.
                                      Type '$ZodType<unknown, unknown, $ZodTypeInternals<unknown, unknown>>' is not assignable to type '$ZodType<unknown, unknown, $ZodTypeInternals<unknown, unknown>> | $ZodCheck<never> | undefined'.
                                        Property '_core' is missing in type 'import("C:/Users/kumar/Downloads/florma-hero/florma/actors/florma-3d-audit/node_modules.hidden/zod/src/v4/core/schemas").$ZodType<unknown, unknown, import("C:/Users/kumar/Downloads/florma-hero/florma/actors/florma-3d-audit/node_modules.hidden/zod/src/v4/core/schemas").$ZodTypeInternals<unknown, unknown>>' but required in type 'import("C:/Users/kumar/Downloads/florma-hero/florma/actors/florma-3d-audit/node_modules.hidden/zod/v4/core/schemas").$ZodType<unknown, unknown, import("C:/Users/kumar/Downloads/florma-hero/florma/actors/florma-3d-audit/node_modules.hidden/zod/v4/core/schemas").$ZodTypeInternals<unknown, unknown>>'.
actors/florma-3d-audit/node_modules.hidden/zod/src/v4/classic/tests/deep-partial.test.ts(367,26): error TS2769: No overload matches this call.
  Overload 1 of 2, '(schema: SomeType, fn: VisitFn): AnyZod', gave the following error.
    Argument of type 'ZodObject<{}, $catchall<ZodObject<{ n: ZodString; }, $strip>>>' is not assignable to parameter of type 'SomeType'.
      The types of '_zod.def.checks' are incompatible between these types.
        Type 'import("C:/Users/kumar/Downloads/florma-hero/florma/actors/florma-3d-audit/node_modules.hidden/zod/v4/core/checks").$ZodCheck<never>[] | undefined' is not assignable to type 'import("C:/Users/kumar/Downloads/florma-hero/florma/actors/florma-3d-audit/node_modules.hidden/zod/src/v4/core/checks").$ZodCheck<never>[] | undefined'.
          Type 'import("C:/Users/kumar/Downloads/florma-hero/florma/actors/florma-3d-audit/node_modules.hidden/zod/v4/core/checks").$ZodCheck<never>[]' is not assignable to type 'import("C:/Users/kumar/Downloads/florma-hero/florma/actors/florma-3d-audit/node_modules.hidden/zod/src/v4/core/checks").$ZodCheck<never>[]'.
            Type 'import("C:/Users/kumar/Downloads/florma-hero/florma/actors/florma-3d-audit/node_modules.hidden/zod/v4/core/checks").$ZodCheck<never>' is not assignable to type 'import("C:/Users/kumar/Downloads/florma-hero/florma/actors/florma-3d-audit/node_modules.hidden/zod/src/v4/core/checks").$ZodCheck<never>'.
              The types of '_zod.def.when' are incompatible between these types.
                Type '((payload: import("C:/Users/kumar/Downloads/florma-hero/florma/actors/florma-3d-audit/node_modules.hidden/zod/v4/core/schemas").ParsePayload<unknown>) => boolean) | undefined' is not assignable to type '((payload: import("C:/Users/kumar/Downloads/florma-hero/florma/actors/florma-3d-audit/node_modules.hidden/zod/src/v4/core/schemas").ParsePayload<unknown>) => boolean) | undefined'.
                  Type '(payload: import("C:/Users/kumar/Downloads/florma-hero/florma/actors/florma-3d-audit/node_modules.hidden/zod/v4/core/schemas").ParsePayload<unknown>) => boolean' is not assignable to type '(payload: import("C:/Users/kumar/Downloads/florma-hero/florma/actors/florma-3d-audit/node_modules.hidden/zod/src/v4/core/schemas").ParsePayload<unknown>) => boolean'.
                    Types of parameters 'payload' and 'payload' are incompatible.
                      Type 'import("C:/Users/kumar/Downloads/florma-hero/florma/actors/florma-3d-audit/node_modules.hidden/zod/src/v4/core/schemas").ParsePayload<unknown>' is not assignable to type 'import("C:/Users/kumar/Downloads/florma-hero/florma/actors/florma-3d-audit/node_modules.hidden/zod/v4/core/schemas").ParsePayload<unknown>'.
                        Types of property 'issues' are incompatible.
                          Type '({ [x: string]: unknown; readonly keys: string[]; readonly code: "unrecognized_keys"; readonly input: Record<string, unknown> | undefined; readonly path?: PropertyKey[] | undefined; readonly message?: string | undefined; readonly inst?: $ZodType<...> | ... 1 more ... | undefined; readonly schema?: $ZodType<...> | un...' is not assignable to type '({ [x: string]: unknown; readonly code: "invalid_type"; readonly input: unknown; readonly expected: $ZodInvalidTypeExpected; readonly path?: PropertyKey[] | undefined; readonly message?: string | undefined; readonly inst?: $ZodType<...> | ... 1 more ... | undefined; readonly schema?: $ZodType<...> | undefined; reado...'.
                            Type '{ [x: string]: unknown; readonly keys: string[]; readonly code: "unrecognized_keys"; readonly input: Record<string, unknown> | undefined; readonly path?: PropertyKey[] | undefined; readonly message?: string | undefined; readonly inst?: $ZodType<...> | ... 1 more ... | undefined; readonly schema?: $ZodType<...> | und...' is not assignable to type '{ [x: string]: unknown; readonly code: "invalid_type"; readonly input: unknown; readonly expected: $ZodInvalidTypeExpected; readonly path?: PropertyKey[] | undefined; readonly message?: string | undefined; readonly inst?: $ZodType<...> | ... 1 more ... | undefined; readonly schema?: $ZodType<...> | undefined; readon...'.
                              Type '{ [x: string]: unknown; readonly keys: string[]; readonly code: "unrecognized_keys"; readonly input: Record<string, unknown> | undefined; readonly path?: PropertyKey[] | undefined; readonly message?: string | undefined; readonly inst?: $ZodType<...> | ... 1 more ... | undefined; readonly schema?: $ZodType<...> | und...' is not assignable to type '{ [x: string]: unknown; readonly code: "invalid_type"; readonly input: unknown; readonly expected: $ZodInvalidTypeExpected; readonly path?: PropertyKey[] | undefined; readonly message?: string | undefined; readonly inst?: $ZodType<...> | ... 1 more ... | undefined; readonly schema?: $ZodType<...> | undefined; readon...'.
                                Type '{ [x: string]: unknown; readonly keys: string[]; readonly code: "unrecognized_keys"; readonly input: Record<string, unknown> | undefined; readonly path?: PropertyKey[] | undefined; readonly message?: string | undefined; readonly inst?: import("C:/Users/kumar/Downloads/florma-hero/florma/actors/florma-3d-audit/node_m...' is not assignable to type '{ [x: string]: unknown; readonly keys: string[]; readonly code: "unrecognized_keys"; readonly input: Record<string, unknown> | undefined; readonly path?: PropertyKey[] | undefined; readonly message?: string | undefined; readonly inst?: import("C:/Users/kumar/Downloads/florma-hero/florma/actors/florma-3d-audit/node_m...'. Two different types with this name exist, but they are unrelated.
                                  Types of property 'inst' are incompatible.
                                    Type 'import("C:/Users/kumar/Downloads/florma-hero/florma/actors/florma-3d-audit/node_modules.hidden/zod/src/v4/core/schemas").$ZodType<unknown, unknown, import("C:/Users/kumar/Downloads/florma-hero/florma/actors/florma-3d-audit/node_modules.hidden/zod/src/v4/core/schemas").$ZodTypeInternals<unknown, unknown>> | import("C...' is not assignable to type 'import("C:/Users/kumar/Downloads/florma-hero/florma/actors/florma-3d-audit/node_modules.hidden/zod/v4/core/schemas").$ZodType<unknown, unknown, import("C:/Users/kumar/Downloads/florma-hero/florma/actors/florma-3d-audit/node_modules.hidden/zod/v4/core/schemas").$ZodTypeInternals<unknown, unknown>> | import("C:/Users/...'.
                                      Type '$ZodType<unknown, unknown, $ZodTypeInternals<unknown, unknown>>' is not assignable to type '$ZodType<unknown, unknown, $ZodTypeInternals<unknown, unknown>> | $ZodCheck<never> | undefined'.
                                        Property '_core' is missing in type 'import("C:/Users/kumar/Downloads/florma-hero/florma/actors/florma-3d-audit/node_modules.hidden/zod/src/v4/core/schemas").$ZodType<unknown, unknown, import("C:/Users/kumar/Downloads/florma-hero/florma/actors/florma-3d-audit/node_modules.hidden/zod/src/v4/core/schemas").$ZodTypeInternals<unknown, unknown>>' but required in type 'import("C:/Users/kumar/Downloads/florma-hero/florma/actors/florma-3d-audit/node_modules.hidden/zod/v4/core/schemas").$ZodType<unknown, unknown, import("C:/Users/kumar/Downloads/florma-hero/florma/actors/florma-3d-audit/node_modules.hidden/zod/v4/core/schemas").$ZodTypeInternals<unknown, unknown>>'.
  Overload 2 of 2, '(schema: SomeType, handlers: VisitHandlers): AnyZod', gave the following error.
    Argument of type 'ZodObject<{}, $catchall<ZodObject<{ n: ZodString; }, $strip>>>' is not assignable to parameter of type 'SomeType'.
      The types of '_zod.def.checks' are incompatible between these types.
        Type 'import("C:/Users/kumar/Downloads/florma-hero/florma/actors/florma-3d-audit/node_modules.hidden/zod/v4/core/checks").$ZodCheck<never>[] | undefined' is not assignable to type 'import("C:/Users/kumar/Downloads/florma-hero/florma/actors/florma-3d-audit/node_modules.hidden/zod/src/v4/core/checks").$ZodCheck<never>[] | undefined'.
          Type 'import("C:/Users/kumar/Downloads/florma-hero/florma/actors/florma-3d-audit/node_modules.hidden/zod/v4/core/checks").$ZodCheck<never>[]' is not assignable to type 'import("C:/Users/kumar/Downloads/florma-hero/florma/actors/florma-3d-audit/node_modules.hidden/zod/src/v4/core/checks").$ZodCheck<never>[]'.
            Type 'import("C:/Users/kumar/Downloads/florma-hero/florma/actors/florma-3d-audit/node_modules.hidden/zod/v4/core/checks").$ZodCheck<never>' is not assignable to type 'import("C:/Users/kumar/Downloads/florma-hero/florma/actors/florma-3d-audit/node_modules.hidden/zod/src/v4/core/checks").$ZodCheck<never>'.
              The types of '_zod.def.when' are incompatible between these types.
                Type '((payload: import("C:/Users/kumar/Downloads/florma-hero/florma/actors/florma-3d-audit/node_modules.hidden/zod/v4/core/schemas").ParsePayload<unknown>) => boolean) | undefined' is not assignable to type '((payload: import("C:/Users/kumar/Downloads/florma-hero/florma/actors/florma-3d-audit/node_modules.hidden/zod/src/v4/core/schemas").ParsePayload<unknown>) => boolean) | undefined'.
                  Type '(payload: import("C:/Users/kumar/Downloads/florma-hero/florma/actors/florma-3d-audit/node_modules.hidden/zod/v4/core/schemas").ParsePayload<unknown>) => boolean' is not assignable to type '(payload: import("C:/Users/kumar/Downloads/florma-hero/florma/actors/florma-3d-audit/node_modules.hidden/zod/src/v4/core/schemas").ParsePayload<unknown>) => boolean'.
                    Types of parameters 'payload' and 'payload' are incompatible.
                      Type 'import("C:/Users/kumar/Downloads/florma-hero/florma/actors/florma-3d-audit/node_modules.hidden/zod/src/v4/core/schemas").ParsePayload<unknown>' is not assignable to type 'import("C:/Users/kumar/Downloads/florma-hero/florma/actors/florma-3d-audit/node_modules.hidden/zod/v4/core/schemas").ParsePayload<unknown>'.
                        Types of property 'issues' are incompatible.
                          Type '({ [x: string]: unknown; readonly keys: string[]; readonly code: "unrecognized_keys"; readonly input: Record<string, unknown> | undefined; readonly path?: PropertyKey[] | undefined; readonly message?: string | undefined; readonly inst?: $ZodType<...> | ... 1 more ... | undefined; readonly schema?: $ZodType<...> | un...' is not assignable to type '({ [x: string]: unknown; readonly code: "invalid_type"; readonly input: unknown; readonly expected: $ZodInvalidTypeExpected; readonly path?: PropertyKey[] | undefined; readonly message?: string | undefined; readonly inst?: $ZodType<...> | ... 1 more ... | undefined; readonly schema?: $ZodType<...> | undefined; reado...'.
                            Type '{ [x: string]: unknown; readonly keys: string[]; readonly code: "unrecognized_keys"; readonly input: Record<string, unknown> | undefined; readonly path?: PropertyKey[] | undefined; readonly message?: string | undefined; readonly inst?: $ZodType<...> | ... 1 more ... | undefined; readonly schema?: $ZodType<...> | und...' is not assignable to type '{ [x: string]: unknown; readonly code: "invalid_type"; readonly input: unknown; readonly expected: $ZodInvalidTypeExpected; readonly path?: PropertyKey[] | undefined; readonly message?: string | undefined; readonly inst?: $ZodType<...> | ... 1 more ... | undefined; readonly schema?: $ZodType<...> | undefined; readon...'.
                              Type '{ [x: string]: unknown; readonly keys: string[]; readonly code: "unrecognized_keys"; readonly input: Record<string, unknown> | undefined; readonly path?: PropertyKey[] | undefined; readonly message?: string | undefined; readonly inst?: $ZodType<...> | ... 1 more ... | undefined; readonly schema?: $ZodType<...> | und...' is not assignable to type '{ [x: string]: unknown; readonly code: "invalid_type"; readonly input: unknown; readonly expected: $ZodInvalidTypeExpected; readonly path?: PropertyKey[] | undefined; readonly message?: string | undefined; readonly inst?: $ZodType<...> | ... 1 more ... | undefined; readonly schema?: $ZodType<...> | undefined; readon...'.
                                Type '{ [x: string]: unknown; readonly keys: string[]; readonly code: "unrecognized_keys"; readonly input: Record<string, unknown> | undefined; readonly path?: PropertyKey[] | undefined; readonly message?: string | undefined; readonly inst?: import("C:/Users/kumar/Downloads/florma-hero/florma/actors/florma-3d-audit/node_m...' is not assignable to type '{ [x: string]: unknown; readonly keys: string[]; readonly code: "unrecognized_keys"; readonly input: Record<string, unknown> | undefined; readonly path?: PropertyKey[] | undefined; readonly message?: string | undefined; readonly inst?: import("C:/Users/kumar/Downloads/florma-hero/florma/actors/florma-3d-audit/node_m...'. Two different types with this name exist, but they are unrelated.
                                  Types of property 'inst' are incompatible.
                                    Type 'import("C:/Users/kumar/Downloads/florma-hero/florma/actors/florma-3d-audit/node_modules.hidden/zod/src/v4/core/schemas").$ZodType<unknown, unknown, import("C:/Users/kumar/Downloads/florma-hero/florma/actors/florma-3d-audit/node_modules.hidden/zod/src/v4/core/schemas").$ZodTypeInternals<unknown, unknown>> | import("C...' is not assignable to type 'import("C:/Users/kumar/Downloads/florma-hero/florma/actors/florma-3d-audit/node_modules.hidden/zod/v4/core/schemas").$ZodType<unknown, unknown, import("C:/Users/kumar/Downloads/florma-hero/florma/actors/florma-3d-audit/node_modules.hidden/zod/v4/core/schemas").$ZodTypeInternals<unknown, unknown>> | import("C:/Users/...'.
                                      Type '$ZodType<unknown, unknown, $ZodTypeInternals<unknown, unknown>>' is not assignable to type '$ZodType<unknown, unknown, $ZodTypeInternals<unknown, unknown>> | $ZodCheck<never> | undefined'.
                                        Property '_core' is missing in type 'import("C:/Users/kumar/Downloads/florma-hero/florma/actors/florma-3d-audit/node_modules.hidden/zod/src/v4/core/schemas").$ZodType<unknown, unknown, import("C:/Users/kumar/Downloads/florma-hero/florma/actors/florma-3d-audit/node_modules.hidden/zod/src/v4/core/schemas").$ZodTypeInternals<unknown, unknown>>' but required in type 'import("C:/Users/kumar/Downloads/florma-hero/florma/actors/florma-3d-audit/node_modules.hidden/zod/v4/core/schemas").$ZodType<unknown, unknown, import("C:/Users/kumar/Downloads/florma-hero/florma/actors/florma-3d-audit/node_modules.hidden/zod/v4/core/schemas").$ZodTypeInternals<unknown, unknown>>'.
actors/florma-3d-audit/node_modules.hidden/zod/src/v4/classic/tests/deep-partial.test.ts(377,24): error TS2345: Argument of type 'ZodObject<{ x: ZodLazy<ZodObject<{ y: ZodString; }, $strip>>; }, $strip>' is not assignable to parameter of type 'SomeType'.
  The types of '_zod.def.checks' are incompatible between these types.
    Type 'import("C:/Users/kumar/Downloads/florma-hero/florma/actors/florma-3d-audit/node_modules.hidden/zod/v4/core/checks").$ZodCheck<never>[] | undefined' is not assignable to type 'import("C:/Users/kumar/Downloads/florma-hero/florma/actors/florma-3d-audit/node_modules.hidden/zod/src/v4/core/checks").$ZodCheck<never>[] | undefined'.
      Type 'import("C:/Users/kumar/Downloads/florma-hero/florma/actors/florma-3d-audit/node_modules.hidden/zod/v4/core/checks").$ZodCheck<never>[]' is not assignable to type 'import("C:/Users/kumar/Downloads/florma-hero/florma/actors/florma-3d-audit/node_modules.hidden/zod/src/v4/core/checks").$ZodCheck<never>[]'.
        Type 'import("C:/Users/kumar/Downloads/florma-hero/florma/actors/florma-3d-audit/node_modules.hidden/zod/v4/core/checks").$ZodCheck<never>' is not assignable to type 'import("C:/Users/kumar/Downloads/florma-hero/florma/actors/florma-3d-audit/node_modules.hidden/zod/src/v4/core/checks").$ZodCheck<never>'.
          The types of '_zod.def.when' are incompatible between these types.
            Type '((payload: import("C:/Users/kumar/Downloads/florma-hero/florma/actors/florma-3d-audit/node_modules.hidden/zod/v4/core/schemas").ParsePayload<unknown>) => boolean) | undefined' is not assignable to type '((payload: import("C:/Users/kumar/Downloads/florma-hero/florma/actors/florma-3d-audit/node_modules.hidden/zod/src/v4/core/schemas").ParsePayload<unknown>) => boolean) | undefined'.
              Type '(payload: import("C:/Users/kumar/Downloads/florma-hero/florma/actors/florma-3d-audit/node_modules.hidden/zod/v4/core/schemas").ParsePayload<unknown>) => boolean' is not assignable to type '(payload: import("C:/Users/kumar/Downloads/florma-hero/florma/actors/florma-3d-audit/node_modules.hidden/zod/src/v4/core/schemas").ParsePayload<unknown>) => boolean'.
                Types of parameters 'payload' and 'payload' are incompatible.
                  Type 'import("C:/Users/kumar/Downloads/florma-hero/florma/actors/florma-3d-audit/node_modules.hidden/zod/src/v4/core/schemas").ParsePayload<unknown>' is not assignable to type 'import("C:/Users/kumar/Downloads/florma-hero/florma/actors/florma-3d-audit/node_modules.hidden/zod/v4/core/schemas").ParsePayload<unknown>'.
                    Types of property 'issues' are incompatible.
                      Type '({ [x: string]: unknown; readonly keys: string[]; readonly code: "unrecognized_keys"; readonly input: Record<string, unknown> | undefined; readonly path?: PropertyKey[] | undefined; readonly message?: string | undefined; readonly inst?: $ZodType<...> | ... 1 more ... | undefined; readonly schema?: $ZodType<...> | un...' is not assignable to type '({ [x: string]: unknown; readonly code: "invalid_type"; readonly input: unknown; readonly expected: $ZodInvalidTypeExpected; readonly path?: PropertyKey[] | undefined; readonly message?: string | undefined; readonly inst?: $ZodType<...> | ... 1 more ... | undefined; readonly schema?: $ZodType<...> | undefined; reado...'.
                        Type '{ [x: string]: unknown; readonly keys: string[]; readonly code: "unrecognized_keys"; readonly input: Record<string, unknown> | undefined; readonly path?: PropertyKey[] | undefined; readonly message?: string | undefined; readonly inst?: $ZodType<...> | ... 1 more ... | undefined; readonly schema?: $ZodType<...> | und...' is not assignable to type '{ [x: string]: unknown; readonly code: "invalid_type"; readonly input: unknown; readonly expected: $ZodInvalidTypeExpected; readonly path?: PropertyKey[] | undefined; readonly message?: string | undefined; readonly inst?: $ZodType<...> | ... 1 more ... | undefined; readonly schema?: $ZodType<...> | undefined; readon...'.
                          Type '{ [x: string]: unknown; readonly keys: string[]; readonly code: "unrecognized_keys"; readonly input: Record<string, unknown> | undefined; readonly path?: PropertyKey[] | undefined; readonly message?: string | undefined; readonly inst?: $ZodType<...> | ... 1 more ... | undefined; readonly schema?: $ZodType<...> | und...' is not assignable to type '{ [x: string]: unknown; readonly code: "invalid_type"; readonly input: unknown; readonly expected: $ZodInvalidTypeExpected; readonly path?: PropertyKey[] | undefined; readonly message?: string | undefined; readonly inst?: $ZodType<...> | ... 1 more ... | undefined; readonly schema?: $ZodType<...> | undefined; readon...'.
                            Type '{ [x: string]: unknown; readonly keys: string[]; readonly code: "unrecognized_keys"; readonly input: Record<string, unknown> | undefined; readonly path?: PropertyKey[] | undefined; readonly message?: string | undefined; readonly inst?: import("C:/Users/kumar/Downloads/florma-hero/florma/actors/florma-3d-audit/node_m...' is not assignable to type '{ [x: string]: unknown; readonly keys: string[]; readonly code: "unrecognized_keys"; readonly input: Record<string, unknown> | undefined; readonly path?: PropertyKey[] | undefined; readonly message?: string | undefined; readonly inst?: import("C:/Users/kumar/Downloads/florma-hero/florma/actors/florma-3d-audit/node_m...'. Two different types with this name exist, but they are unrelated.
                              Types of property 'inst' are incompatible.
                                Type 'import("C:/Users/kumar/Downloads/florma-hero/florma/actors/florma-3d-audit/node_modules.hidden/zod/src/v4/core/schemas").$ZodType<unknown, unknown, import("C:/Users/kumar/Downloads/florma-hero/florma/actors/florma-3d-audit/node_modules.hidden/zod/src/v4/core/schemas").$ZodTypeInternals<unknown, unknown>> | import("C...' is not assignable to type 'import("C:/Users/kumar/Downloads/florma-hero/florma/actors/florma-3d-audit/node_modules.hidden/zod/v4/core/schemas").$ZodType<unknown, unknown, import("C:/Users/kumar/Downloads/florma-hero/florma/actors/florma-3d-audit/node_modules.hidden/zod/v4/core/schemas").$ZodTypeInternals<unknown, unknown>> | import("C:/Users/...'.
                                  Type '$ZodType<unknown, unknown, $ZodTypeInternals<unknown, unknown>>' is not assignable to type '$ZodType<unknown, unknown, $ZodTypeInternals<unknown, unknown>> | $ZodCheck<never> | undefined'.
                                    Property '_core' is missing in type 'import("C:/Users/kumar/Downloads/florma-hero/florma/actors/florma-3d-audit/node_modules.hidden/zod/src/v4/core/schemas").$ZodType<unknown, unknown, import("C:/Users/kumar/Downloads/florma-hero/florma/actors/florma-3d-audit/node_modules.hidden/zod/src/v4/core/schemas").$ZodTypeInternals<unknown, unknown>>' but required in type 'import("C:/Users/kumar/Downloads/florma-hero/florma/actors/florma-3d-audit/node_modules.hidden/zod/v4/core/schemas").$ZodType<unknown, unknown, import("C:/Users/kumar/Downloads/florma-hero/florma/actors/florma-3d-audit/node_modules.hidden/zod/v4/core/schemas").$ZodTypeInternals<unknown, unknown>>'.
actors/florma-3d-audit/node_modules.hidden/zod/src/v4/classic/tests/deep-partial.test.ts(377,30): error TS2339: Property 'safeParse' does not exist on type 'SomeType'.
actors/florma-3d-audit/node_modules.hidden/zod/src/v4/classic/tests/deep-partial.test.ts(378,24): error TS2345: Argument of type 'ZodObject<{ x: ZodLazy<ZodObject<{ y: ZodString; }, $strip>>; }, $strip>' is not assignable to parameter of type 'SomeType'.
  The types of '_zod.def.checks' are incompatible between these types.
    Type 'import("C:/Users/kumar/Downloads/florma-hero/florma/actors/florma-3d-audit/node_modules.hidden/zod/v4/core/checks").$ZodCheck<never>[] | undefined' is not assignable to type 'import("C:/Users/kumar/Downloads/florma-hero/florma/actors/florma-3d-audit/node_modules.hidden/zod/src/v4/core/checks").$ZodCheck<never>[] | undefined'.
      Type 'import("C:/Users/kumar/Downloads/florma-hero/florma/actors/florma-3d-audit/node_modules.hidden/zod/v4/core/checks").$ZodCheck<never>[]' is not assignable to type 'import("C:/Users/kumar/Downloads/florma-hero/florma/actors/florma-3d-audit/node_modules.hidden/zod/src/v4/core/checks").$ZodCheck<never>[]'.
        Type 'import("C:/Users/kumar/Downloads/florma-hero/florma/actors/florma-3d-audit/node_modules.hidden/zod/v4/core/checks").$ZodCheck<never>' is not assignable to type 'import("C:/Users/kumar/Downloads/florma-hero/florma/actors/florma-3d-audit/node_modules.hidden/zod/src/v4/core/checks").$ZodCheck<never>'.
          The types of '_zod.def.when' are incompatible between these types.
            Type '((payload: import("C:/Users/kumar/Downloads/florma-hero/florma/actors/florma-3d-audit/node_modules.hidden/zod/v4/core/schemas").ParsePayload<unknown>) => boolean) | undefined' is not assignable to type '((payload: import("C:/Users/kumar/Downloads/florma-hero/florma/actors/florma-3d-audit/node_modules.hidden/zod/src/v4/core/schemas").ParsePayload<unknown>) => boolean) | undefined'.
              Type '(payload: import("C:/Users/kumar/Downloads/florma-hero/florma/actors/florma-3d-audit/node_modules.hidden/zod/v4/core/schemas").ParsePayload<unknown>) => boolean' is not assignable to type '(payload: import("C:/Users/kumar/Downloads/florma-hero/florma/actors/florma-3d-audit/node_modules.hidden/zod/src/v4/core/schemas").ParsePayload<unknown>) => boolean'.
                Types of parameters 'payload' and 'payload' are incompatible.
                  Type 'import("C:/Users/kumar/Downloads/florma-hero/florma/actors/florma-3d-audit/node_modules.hidden/zod/src/v4/core/schemas").ParsePayload<unknown>' is not assignable to type 'import("C:/Users/kumar/Downloads/florma-hero/florma/actors/florma-3d-audit/node_modules.hidden/zod/v4/core/schemas").ParsePayload<unknown>'.
                    Types of property 'issues' are incompatible.
                      Type '({ [x: string]: unknown; readonly keys: string[]; readonly code: "unrecognized_keys"; readonly input: Record<string, unknown> | undefined; readonly path?: PropertyKey[] | undefined; readonly message?: string | undefined; readonly inst?: $ZodType<...> | ... 1 more ... | undefined; readonly schema?: $ZodType<...> | un...' is not assignable to type '({ [x: string]: unknown; readonly code: "invalid_type"; readonly input: unknown; readonly expected: $ZodInvalidTypeExpected; readonly path?: PropertyKey[] | undefined; readonly message?: string | undefined; readonly inst?: $ZodType<...> | ... 1 more ... | undefined; readonly schema?: $ZodType<...> | undefined; reado...'.
                        Type '{ [x: string]: unknown; readonly keys: string[]; readonly code: "unrecognized_keys"; readonly input: Record<string, unknown> | undefined; readonly path?: PropertyKey[] | undefined; readonly message?: string | undefined; readonly inst?: $ZodType<...> | ... 1 more ... | undefined; readonly schema?: $ZodType<...> | und...' is not assignable to type '{ [x: string]: unknown; readonly code: "invalid_type"; readonly input: unknown; readonly expected: $ZodInvalidTypeExpected; readonly path?: PropertyKey[] | undefined; readonly message?: string | undefined; readonly inst?: $ZodType<...> | ... 1 more ... | undefined; readonly schema?: $ZodType<...> | undefined; readon...'.
                          Type '{ [x: string]: unknown; readonly keys: string[]; readonly code: "unrecognized_keys"; readonly input: Record<string, unknown> | undefined; readonly path?: PropertyKey[] | undefined; readonly message?: string | undefined; readonly inst?: $ZodType<...> | ... 1 more ... | undefined; readonly schema?: $ZodType<...> | und...' is not assignable to type '{ [x: string]: unknown; readonly code: "invalid_type"; readonly input: unknown; readonly expected: $ZodInvalidTypeExpected; readonly path?: PropertyKey[] | undefined; readonly message?: string | undefined; readonly inst?: $ZodType<...> | ... 1 more ... | undefined; readonly schema?: $ZodType<...> | undefined; readon...'.
                            Type '{ [x: string]: unknown; readonly keys: string[]; readonly code: "unrecognized_keys"; readonly input: Record<string, unknown> | undefined; readonly path?: PropertyKey[] | undefined; readonly message?: string | undefined; readonly inst?: import("C:/Users/kumar/Downloads/florma-hero/florma/actors/florma-3d-audit/node_m...' is not assignable to type '{ [x: string]: unknown; readonly keys: string[]; readonly code: "unrecognized_keys"; readonly input: Record<string, unknown> | undefined; readonly path?: PropertyKey[] | undefined; readonly message?: string | undefined; readonly inst?: import("C:/Users/kumar/Downloads/florma-hero/florma/actors/florma-3d-audit/node_m...'. Two different types with this name exist, but they are unrelated.
                              Types of property 'inst' are incompatible.
                                Type 'import("C:/Users/kumar/Downloads/florma-hero/florma/actors/florma-3d-audit/node_modules.hidden/zod/src/v4/core/schemas").$ZodType<unknown, unknown, import("C:/Users/kumar/Downloads/florma-hero/florma/actors/florma-3d-audit/node_modules.hidden/zod/src/v4/core/schemas").$ZodTypeInternals<unknown, unknown>> | import("C...' is not assignable to type 'import("C:/Users/kumar/Downloads/florma-hero/florma/actors/florma-3d-audit/node_modules.hidden/zod/v4/core/schemas").$ZodType<unknown, unknown, import("C:/Users/kumar/Downloads/florma-hero/florma/actors/florma-3d-audit/node_modules.hidden/zod/v4/core/schemas").$ZodTypeInternals<unknown, unknown>> | import("C:/Users/...'.
                                  Type '$ZodType<unknown, unknown, $ZodTypeInternals<unknown, unknown>>' is not assignable to type '$ZodType<unknown, unknown, $ZodTypeInternals<unknown, unknown>> | $ZodCheck<never> | undefined'.
                                    Property '_core' is missing in type 'import("C:/Users/kumar/Downloads/florma-hero/florma/actors/florma-3d-audit/node_modules.hidden/zod/src/v4/core/schemas").$ZodType<unknown, unknown, import("C:/Users/kumar/Downloads/florma-hero/florma/actors/florma-3d-audit/node_modules.hidden/zod/src/v4/core/schemas").$ZodTypeInternals<unknown, unknown>>' but required in type 'import("C:/Users/kumar/Downloads/florma-hero/florma/actors/florma-3d-audit/node_modules.hidden/zod/v4/core/schemas").$ZodType<unknown, unknown, import("C:/Users/kumar/Downloads/florma-hero/florma/actors/florma-3d-audit/node_modules.hidden/zod/v4/core/schemas").$ZodTypeInternals<unknown, unknown>>'.
actors/florma-3d-audit/node_modules.hidden/zod/src/v4/classic/tests/deep-partial.test.ts(378,30): error TS2339: Property 'safeParse' does not exist on type 'SomeType'.
actors/florma-3d-audit/node_modules.hidden/zod/src/v4/classic/tests/default-locale.test.ts(1,42): error TS2307: Cannot find module 'vitest' or its corresponding type declarations.
actors/florma-3d-audit/node_modules.hidden/zod/src/v4/classic/tests/default.test.ts(1,44): error TS2307: Cannot find module 'vitest' or its corresponding type declarations.
actors/florma-3d-audit/node_modules.hidden/zod/src/v4/classic/tests/describe-meta-checks.test.ts(1,38): error TS2307: Cannot find module 'vitest' or its corresponding type declarations.
actors/florma-3d-audit/node_modules.hidden/zod/src/v4/classic/tests/description.test.ts(1,30): error TS2307: Cannot find module 'vitest' or its corresponding type declarations.
actors/florma-3d-audit/node_modules.hidden/zod/src/v4/classic/tests/detached-methods.test.ts(1,34): error TS2307: Cannot find module 'vitest' or its corresponding type declarations.
actors/florma-3d-audit/node_modules.hidden/zod/src/v4/classic/tests/discriminated-unions.test.ts(1,44): error TS2307: Cannot find module 'vitest' or its corresponding type declarations.
actors/florma-3d-audit/node_modules.hidden/zod/src/v4/classic/tests/discriminated-unions.test.ts(816,4): error TS7006: Parameter 'key' implicitly has an 'any' type.
actors/florma-3d-audit/node_modules.hidden/zod/src/v4/classic/tests/enum.test.ts(1,44): error TS2307: Cannot find module 'vitest' or its corresponding type declarations.
actors/florma-3d-audit/node_modules.hidden/zod/src/v4/classic/tests/error-utils.test.ts(1,44): error TS2307: Cannot find module 'vitest' or its corresponding type declarations.
actors/florma-3d-audit/node_modules.hidden/zod/src/v4/classic/tests/error-utils.test.ts(810,96): error TS7006: Parameter 'name' implicitly has an 'any' type.
actors/florma-3d-audit/node_modules.hidden/zod/src/v4/classic/tests/error-utils.test.ts(822,97): error TS7006: Parameter 'name' implicitly has an 'any' type.
actors/florma-3d-audit/node_modules.hidden/zod/src/v4/classic/tests/error-utils.test.ts(834,97): error TS7006: Parameter 'name' implicitly has an 'any' type.
actors/florma-3d-audit/node_modules.hidden/zod/src/v4/classic/tests/error.test.ts(4,55): error TS2307: Cannot find module 'vitest' or its corresponding type declarations.
actors/florma-3d-audit/node_modules.hidden/zod/src/v4/classic/tests/error.test.ts(913,14): error TS1252: Function declarations are not allowed inside blocks in strict mode when targeting 'ES5'. Modules are automatically in strict mode.
actors/florma-3d-audit/node_modules.hidden/zod/src/v4/classic/tests/file.test.ts(1,33): error TS2307: Cannot find module '@web-std/file' or its corresponding type declarations.
actors/florma-3d-audit/node_modules.hidden/zod/src/v4/classic/tests/file.test.ts(3,67): error TS2307: Cannot find module 'vitest' or its corresponding type declarations.
actors/florma-3d-audit/node_modules.hidden/zod/src/v4/classic/tests/firstparty.test.ts(1,36): error TS2307: Cannot find module 'vitest' or its corresponding type declarations.
actors/florma-3d-audit/node_modules.hidden/zod/src/v4/classic/tests/fix-json-issue.test.ts(1,30): error TS2307: Cannot find module 'vitest' or its corresponding type declarations.
actors/florma-3d-audit/node_modules.hidden/zod/src/v4/classic/tests/from-json-schema.test.ts(1,30): error TS2307: Cannot find module 'vitest' or its corresponding type declarations.
actors/florma-3d-audit/node_modules.hidden/zod/src/v4/classic/tests/from-json-schema.test.ts(1255,50): error TS2737: BigInt literals are not available when targeting lower than ES2020.
actors/florma-3d-audit/node_modules.hidden/zod/src/v4/classic/tests/function.test.ts(1,44): error TS2307: Cannot find module 'vitest' or its corresponding type declarations.
actors/florma-3d-audit/node_modules.hidden/zod/src/v4/classic/tests/generics.test.ts(1,44): error TS2307: Cannot find module 'vitest' or its corresponding type declarations.
actors/florma-3d-audit/node_modules.hidden/zod/src/v4/classic/tests/global-config.test.ts(1,41): error TS2307: Cannot find module 'vitest' or its corresponding type declarations.
actors/florma-3d-audit/node_modules.hidden/zod/src/v4/classic/tests/hash.test.ts(1,44): error TS2307: Cannot find module 'vitest' or its corresponding type declarations.
actors/florma-3d-audit/node_modules.hidden/zod/src/v4/classic/tests/iban.test.ts(1,40): error TS2307: Cannot find module 'vitest' or its corresponding type declarations.
actors/florma-3d-audit/node_modules.hidden/zod/src/v4/classic/tests/iban.test.ts(19,35): error TS7006: Parameter '_label' implicitly has an 'any' type.
actors/florma-3d-audit/node_modules.hidden/zod/src/v4/classic/tests/iban.test.ts(19,43): error TS7006: Parameter 'n' implicitly has an 'any' type.
actors/florma-3d-audit/node_modules.hidden/zod/src/v4/classic/tests/in-out.test.ts(1,40): error TS2307: Cannot find module 'vitest' or its corresponding type declarations.
actors/florma-3d-audit/node_modules.hidden/zod/src/v4/classic/tests/in-out.test.ts(11,30): error TS2737: BigInt literals are not available when targeting lower than ES2020.
actors/florma-3d-audit/node_modules.hidden/zod/src/v4/classic/tests/in-out.test.ts(11,40): error TS2737: BigInt literals are not available when targeting lower than ES2020.
actors/florma-3d-audit/node_modules.hidden/zod/src/v4/classic/tests/in-out.test.ts(22,31): error TS2737: BigInt literals are not available when targeting lower than ES2020.
actors/florma-3d-audit/node_modules.hidden/zod/src/v4/classic/tests/in-out.test.ts(22,51): error TS2737: BigInt literals are not available when targeting lower than ES2020.
actors/florma-3d-audit/node_modules.hidden/zod/src/v4/classic/tests/in-out.test.ts(50,32): error TS2802: Type 'MapIterator<["b" | "a", { n: bigint; }]>' can only be iterated through when using the '--downlevelIteration' flag or with a '--target' of 'es2015' or higher.
actors/florma-3d-audit/node_modules.hidden/zod/src/v4/classic/tests/in-out.test.ts(58,77): error TS2737: BigInt literals are not available when targeting lower than ES2020.
actors/florma-3d-audit/node_modules.hidden/zod/src/v4/classic/tests/in-out.test.ts(59,49): error TS2737: BigInt literals are not available when targeting lower than ES2020.
actors/florma-3d-audit/node_modules.hidden/zod/src/v4/classic/tests/index.test.ts(1,44): error TS2307: Cannot find module 'vitest' or its corresponding type declarations.
actors/florma-3d-audit/node_modules.hidden/zod/src/v4/classic/tests/instance-footprint.test.ts(1,30): error TS2307: Cannot find module 'vitest' or its corresponding type declarations.
actors/florma-3d-audit/node_modules.hidden/zod/src/v4/classic/tests/instanceof.test.ts(1,44): error TS2307: Cannot find module 'vitest' or its corresponding type declarations.
actors/florma-3d-audit/node_modules.hidden/zod/src/v4/classic/tests/instanceof.test.ts(64,8): error TS2802: Type '$ZodCheckProperties<{ protocol: ZodLiteral<"https:">; hostname: ZodString; }>' can only be iterated through when using the '--downlevelIteration' flag or with a '--target' of 'es2015' or higher.
actors/florma-3d-audit/node_modules.hidden/zod/src/v4/classic/tests/instanceof.test.ts(86,15): error TS2802: Type '$ZodCheckProperties<{ a: ZodLiteral<"x">; b: ZodLiteral<"y">; }>' can only be iterated through when using the '--downlevelIteration' flag or with a '--target' of 'es2015' or higher.
actors/florma-3d-audit/node_modules.hidden/zod/src/v4/classic/tests/instanceof.test.ts(94,40): error TS2802: Type '$ZodCheckProperties<{ a: ZodLiteral<"x">; b: ZodLiteral<"y">; }>' can only be iterated through when using the '--downlevelIteration' flag or with a '--target' of 'es2015' or higher.
actors/florma-3d-audit/node_modules.hidden/zod/src/v4/classic/tests/instanceof.test.ts(98,17): error TS2802: Type '$ZodCheckProperties<{ a: ZodString; b: ZodLiteral<"y">; }>' can only be iterated through when using the '--downlevelIteration' flag or with a '--target' of 'es2015' or higher.
actors/florma-3d-audit/node_modules.hidden/zod/src/v4/classic/tests/instanceof.test.ts(105,34): error TS2802: Type '$ZodCheckProperties<{ method: ZodEnum<{ POST: "POST"; PUT: "PUT"; }>; bodyUsed: ZodLiteral<false>; }>' can only be iterated through when using the '--downlevelIteration' flag or with a '--target' of 'es2015' or higher.
actors/florma-3d-audit/node_modules.hidden/zod/src/v4/classic/tests/intersection.test.ts(1,44): error TS2307: Cannot find module 'vitest' or its corresponding type declarations.
actors/florma-3d-audit/node_modules.hidden/zod/src/v4/classic/tests/issue-schema.test.ts(1,41): error TS2307: Cannot find module 'vitest' or its corresponding type declarations.
actors/florma-3d-audit/node_modules.hidden/zod/src/v4/classic/tests/jitless-allows-eval.test.ts(1,30): error TS2307: Cannot find module 'vitest' or its corresponding type declarations.
actors/florma-3d-audit/node_modules.hidden/zod/src/v4/classic/tests/json.test.ts(1,30): error TS2307: Cannot find module 'vitest' or its corresponding type declarations.
actors/florma-3d-audit/node_modules.hidden/zod/src/v4/classic/tests/lazy.test.ts(1,44): error TS2307: Cannot find module 'vitest' or its corresponding type declarations.
actors/florma-3d-audit/node_modules.hidden/zod/src/v4/classic/tests/literal.test.ts(1,44): error TS2307: Cannot find module 'vitest' or its corresponding type declarations.
actors/florma-3d-audit/node_modules.hidden/zod/src/v4/classic/tests/locales_ka.test.ts(1,30): error TS2307: Cannot find module 'vitest' or its corresponding type declarations.
actors/florma-3d-audit/node_modules.hidden/zod/src/v4/classic/tests/locales_ro.test.ts(1,30): error TS2307: Cannot find module 'vitest' or its corresponding type declarations.
actors/florma-3d-audit/node_modules.hidden/zod/src/v4/classic/tests/map.test.ts(1,44): error TS2307: Cannot find module 'vitest' or its corresponding type declarations.
actors/florma-3d-audit/node_modules.hidden/zod/src/v4/classic/tests/nan.test.ts(1,44): error TS2307: Cannot find module 'vitest' or its corresponding type declarations.
actors/florma-3d-audit/node_modules.hidden/zod/src/v4/classic/tests/nested-refine.test.ts(1,30): error TS2307: Cannot find module 'vitest' or its corresponding type declarations.
actors/florma-3d-audit/node_modules.hidden/zod/src/v4/classic/tests/nonoptional.test.ts(1,44): error TS2307: Cannot find module 'vitest' or its corresponding type declarations.
actors/florma-3d-audit/node_modules.hidden/zod/src/v4/classic/tests/nullable.test.ts(1,30): error TS2307: Cannot find module 'vitest' or its corresponding type declarations.
actors/florma-3d-audit/node_modules.hidden/zod/src/v4/classic/tests/number.test.ts(1,44): error TS2307: Cannot find module 'vitest' or its corresponding type declarations.
actors/florma-3d-audit/node_modules.hidden/zod/src/v4/classic/tests/object.test.ts(1,54): error TS2307: Cannot find module 'vitest' or its corresponding type declarations.
actors/florma-3d-audit/node_modules.hidden/zod/src/v4/classic/tests/object.test.ts(834,88): error TS7006: Parameter 'method' implicitly has an 'any' type.
actors/florma-3d-audit/node_modules.hidden/zod/src/v4/classic/tests/object.test.ts(838,19): error TS7053: Element implicitly has an 'any' type because expression of type 'any' can't be used to index type 'ZodObject<{ value: ZodString; }, $strip>'.
actors/florma-3d-audit/node_modules.hidden/zod/src/v4/classic/tests/object.test.ts(842,108): error TS7006: Parameter 'method' implicitly has an 'any' type.
actors/florma-3d-audit/node_modules.hidden/zod/src/v4/classic/tests/object.test.ts(845,19): error TS7053: Element implicitly has an 'any' type because expression of type 'any' can't be used to index type 'ZodObject<{ value: ZodString; }, $strip>'.
actors/florma-3d-audit/node_modules.hidden/zod/src/v4/classic/tests/optin-ladder.test.ts(1,44): error TS2307: Cannot find module 'vitest' or its corresponding type declarations.
actors/florma-3d-audit/node_modules.hidden/zod/src/v4/classic/tests/optin-ladder.test.ts(78,97): error TS7006: Parameter 'jitless' implicitly has an 'any' type.
actors/florma-3d-audit/node_modules.hidden/zod/src/v4/classic/tests/partial.test.ts(1,44): error TS2307: Cannot find module 'vitest' or its corresponding type declarations.
actors/florma-3d-audit/node_modules.hidden/zod/src/v4/classic/tests/pickomit.test.ts(1,44): error TS2307: Cannot find module 'vitest' or its corresponding type declarations.
actors/florma-3d-audit/node_modules.hidden/zod/src/v4/classic/tests/pipe.test.ts(1,30): error TS2307: Cannot find module 'vitest' or its corresponding type declarations.
actors/florma-3d-audit/node_modules.hidden/zod/src/v4/classic/tests/prefault.test.ts(1,44): error TS2307: Cannot find module 'vitest' or its corresponding type declarations.
actors/florma-3d-audit/node_modules.hidden/zod/src/v4/classic/tests/prefault.test.ts(4,91): error TS7006: Parameter 'jitless' implicitly has an 'any' type.
actors/florma-3d-audit/node_modules.hidden/zod/src/v4/classic/tests/preprocess-types.test.ts(1,36): error TS2307: Cannot find module 'vitest' or its corresponding type declarations.
actors/florma-3d-audit/node_modules.hidden/zod/src/v4/classic/tests/preprocess.test.ts(1,44): error TS2307: Cannot find module 'vitest' or its corresponding type declarations.
actors/florma-3d-audit/node_modules.hidden/zod/src/v4/classic/tests/primitive.test.ts(1,44): error TS2307: Cannot find module 'vitest' or its corresponding type declarations.
actors/florma-3d-audit/node_modules.hidden/zod/src/v4/classic/tests/promise.test.ts(1,44): error TS2307: Cannot find module 'vitest' or its corresponding type declarations.
actors/florma-3d-audit/node_modules.hidden/zod/src/v4/classic/tests/properties.test.ts(1,44): error TS2307: Cannot find module 'vitest' or its corresponding type declarations.
actors/florma-3d-audit/node_modules.hidden/zod/src/v4/classic/tests/properties.test.ts(76,14): error TS2802: Type '$ZodCheckProperties<{ a: ZodLiteral<"x">; }>' can only be iterated through when using the '--downlevelIteration' flag or with a '--target' of 'es2015' or higher.
actors/florma-3d-audit/node_modules.hidden/zod/src/v4/classic/tests/properties.test.ts(78,50): error TS2802: Type '$ZodCheckProperties<{ a: ZodLiteral<"x">; }>' can only be iterated through when using the '--downlevelIteration' flag or with a '--target' of 'es2015' or higher.
actors/florma-3d-audit/node_modules.hidden/zod/src/v4/classic/tests/properties.test.ts(113,30): error TS2802: Type '$ZodCheckProperties<{ a: ZodString; }>' can only be iterated through when using the '--downlevelIteration' flag or with a '--target' of 'es2015' or higher.
actors/florma-3d-audit/node_modules.hidden/zod/src/v4/classic/tests/prototypes.test.ts(1,30): error TS2307: Cannot find module 'vitest' or its corresponding type declarations.
actors/florma-3d-audit/node_modules.hidden/zod/src/v4/classic/tests/readonly.test.ts(1,44): error TS2307: Cannot find module 'vitest' or its corresponding type declarations.
actors/florma-3d-audit/node_modules.hidden/zod/src/v4/classic/tests/record.test.ts(1,44): error TS2307: Cannot find module 'vitest' or its corresponding type declarations.
actors/florma-3d-audit/node_modules.hidden/zod/src/v4/classic/tests/recursive-types.test.ts(1,44): error TS2307: Cannot find module 'vitest' or its corresponding type declarations.
actors/florma-3d-audit/node_modules.hidden/zod/src/v4/classic/tests/redos.test.ts(1,27): error TS2307: Cannot find module 'recheck' or its corresponding type declarations.
actors/florma-3d-audit/node_modules.hidden/zod/src/v4/classic/tests/redos.test.ts(2,30): error TS2307: Cannot find module 'vitest' or its corresponding type declarations.
actors/florma-3d-audit/node_modules.hidden/zod/src/v4/classic/tests/refine.test.ts(1,54): error TS2307: Cannot find module 'vitest' or its corresponding type declarations.
actors/florma-3d-audit/node_modules.hidden/zod/src/v4/classic/tests/registries.test.ts(1,44): error TS2307: Cannot find module 'vitest' or its corresponding type declarations.
actors/florma-3d-audit/node_modules.hidden/zod/src/v4/classic/tests/set.test.ts(1,44): error TS2307: Cannot find module 'vitest' or its corresponding type declarations.
actors/florma-3d-audit/node_modules.hidden/zod/src/v4/classic/tests/standard-schema.test.ts(1,30): error TS2307: Cannot find module 'vitest' or its corresponding type declarations.
actors/florma-3d-audit/node_modules.hidden/zod/src/v4/classic/tests/string-formats.test.ts(1,30): error TS2307: Cannot find module 'vitest' or its corresponding type declarations.
actors/florma-3d-audit/node_modules.hidden/zod/src/v4/classic/tests/string-formats.test.ts(34,82): error TS1501: This regular expression flag is only available when targeting 'es6' or later.
actors/florma-3d-audit/node_modules.hidden/zod/src/v4/classic/tests/string.test.ts(2,44): error TS2307: Cannot find module 'vitest' or its corresponding type declarations.
actors/florma-3d-audit/node_modules.hidden/zod/src/v4/classic/tests/string.test.ts(27,14): error TS2802: Type 'Set<string>' can only be iterated through when using the '--downlevelIteration' flag or with a '--target' of 'es2015' or higher.
actors/florma-3d-audit/node_modules.hidden/zod/src/v4/classic/tests/string.test.ts(27,47): error TS2802: Type 'Set<string>' can only be iterated through when using the '--downlevelIteration' flag or with a '--target' of 'es2015' or higher.
actors/florma-3d-audit/node_modules.hidden/zod/src/v4/classic/tests/stringbool.test.ts(1,44): error TS2307: Cannot find module 'vitest' or its corresponding type declarations.
actors/florma-3d-audit/node_modules.hidden/zod/src/v4/classic/tests/template-literal.test.ts(1,44): error TS2307: Cannot find module 'vitest' or its corresponding type declarations.
actors/florma-3d-audit/node_modules.hidden/zod/src/v4/classic/tests/to-json-schema-methods.test.ts(1,40): error TS2307: Cannot find module 'vitest' or its corresponding type declarations.
actors/florma-3d-audit/node_modules.hidden/zod/src/v4/classic/tests/to-json-schema.test.ts(1,27): error TS2307: Cannot find module '@seriousme/openapi-schema-validator' or its corresponding type declarations.
actors/florma-3d-audit/node_modules.hidden/zod/src/v4/classic/tests/to-json-schema.test.ts(2,44): error TS2307: Cannot find module 'vitest' or its corresponding type declarations.
actors/florma-3d-audit/node_modules.hidden/zod/src/v4/classic/tests/to-json-schema.test.ts(2672,44): error TS2737: BigInt literals are not available when targeting lower than ES2020.
actors/florma-3d-audit/node_modules.hidden/zod/src/v4/classic/tests/to-json-schema.test.ts(2677,45): error TS2737: BigInt literals are not available when targeting lower than ES2020.
actors/florma-3d-audit/node_modules.hidden/zod/src/v4/classic/tests/to-json-schema.test.ts(2684,61): error TS2737: BigInt literals are not available when targeting lower than ES2020.
actors/florma-3d-audit/node_modules.hidden/zod/src/v4/classic/tests/to-json-schema.test.ts(2700,50): error TS2737: BigInt literals are not available when targeting lower than ES2020.
actors/florma-3d-audit/node_modules.hidden/zod/src/v4/classic/tests/to-json-schema.test.ts(2701,51): error TS2737: BigInt literals are not available when targeting lower than ES2020.
actors/florma-3d-audit/node_modules.hidden/zod/src/v4/classic/tests/to-json-schema.test.ts(2727,77): error TS2737: BigInt literals are not available when targeting lower than ES2020.
actors/florma-3d-audit/node_modules.hidden/zod/src/v4/classic/tests/to-json-schema.test.ts(2752,39): error TS2737: BigInt literals are not available when targeting lower than ES2020.
actors/florma-3d-audit/node_modules.hidden/zod/src/v4/classic/tests/to-json-schema.test.ts(4183,18): error TS2737: BigInt literals are not available when targeting lower than ES2020.
actors/florma-3d-audit/node_modules.hidden/zod/src/v4/classic/tests/to-json-schema.test.ts(4255,44): error TS2737: BigInt literals are not available when targeting lower than ES2020.
actors/florma-3d-audit/node_modules.hidden/zod/src/v4/classic/tests/to-json-schema.test.ts(4312,38): error TS2737: BigInt literals are not available when targeting lower than ES2020.
actors/florma-3d-audit/node_modules.hidden/zod/src/v4/classic/tests/to-json-schema.test.ts(4324,43): error TS2737: BigInt literals are not available when targeting lower than ES2020.
actors/florma-3d-audit/node_modules.hidden/zod/src/v4/classic/tests/to-json-schema.test.ts(4325,38): error TS2737: BigInt literals are not available when targeting lower than ES2020.
actors/florma-3d-audit/node_modules.hidden/zod/src/v4/classic/tests/transform.test.ts(1,44): error TS2307: Cannot find module 'vitest' or its corresponding type declarations.
actors/florma-3d-audit/node_modules.hidden/zod/src/v4/classic/tests/tuple.test.ts(1,44): error TS2307: Cannot find module 'vitest' or its corresponding type declarations.
actors/florma-3d-audit/node_modules.hidden/zod/src/v4/classic/tests/union.test.ts(1,44): error TS2307: Cannot find module 'vitest' or its corresponding type declarations.
actors/florma-3d-audit/node_modules.hidden/zod/src/v4/classic/tests/url.test.ts(1,44): error TS2307: Cannot find module 'vitest' or its corresponding type declarations.
actors/florma-3d-audit/node_modules.hidden/zod/src/v4/classic/tests/validate.test.ts(1,44): error TS2307: Cannot find module 'vitest' or its corresponding type declarations.
actors/florma-3d-audit/node_modules.hidden/zod/src/v4/classic/tests/validations.test.ts(1,30): error TS2307: Cannot find module 'vitest' or its corresponding type declarations.
actors/florma-3d-audit/node_modules.hidden/zod/src/v4/classic/tests/void.test.ts(1,44): error TS2307: Cannot find module 'vitest' or its corresponding type declarations.
actors/florma-3d-audit/node_modules.hidden/zod/src/v4/core/api.ts(1829,23): error TS2802: Type 'Set<string>' can only be iterated through when using the '--downlevelIteration' flag or with a '--target' of 'es2015' or higher.
actors/florma-3d-audit/node_modules.hidden/zod/src/v4/core/api.ts(1829,37): error TS2802: Type 'Set<string>' can only be iterated through when using the '--downlevelIteration' flag or with a '--target' of 'es2015' or higher.
actors/florma-3d-audit/node_modules.hidden/zod/src/v4/core/compile.ts(260,40): error TS2802: Type 'MapIterator<string>' can only be iterated through when using the '--downlevelIteration' flag or with a '--target' of 'es2015' or higher.
actors/florma-3d-audit/node_modules.hidden/zod/src/v4/core/compile.ts(261,39): error TS2802: Type 'MapIterator<unknown>' can only be iterated through when using the '--downlevelIteration' flag or with a '--target' of 'es2015' or higher.
actors/florma-3d-audit/node_modules.hidden/zod/src/v4/core/compile.ts(289,27): error TS2802: Type 'Map<string, unknown>' can only be iterated through when using the '--downlevelIteration' flag or with a '--target' of 'es2015' or higher.
actors/florma-3d-audit/node_modules.hidden/zod/src/v4/core/compile.ts(1886,25): error TS2802: Type 'Set<Primitive>' can only be iterated through when using the '--downlevelIteration' flag or with a '--target' of 'es2015' or higher.
actors/florma-3d-audit/node_modules.hidden/zod/src/v4/core/compile.ts(1958,23): error TS2802: Type 'Set<unknown>' can only be iterated through when using the '--downlevelIteration' flag or with a '--target' of 'es2015' or higher.
actors/florma-3d-audit/node_modules.hidden/zod/src/v4/core/json-schema-processors.ts(125,25): error TS2802: Type 'never[] | Set<RegExp>' can only be iterated through when using the '--downlevelIteration' flag or with a '--target' of 'es2015' or higher.
actors/florma-3d-audit/node_modules.hidden/zod/src/v4/core/json-schema-processors.ts(164,29): error TS2802: Type 'Set<RegExp>' can only be iterated through when using the '--downlevelIteration' flag or with a '--target' of 'es2015' or higher.
actors/florma-3d-audit/node_modules.hidden/zod/src/v4/core/json-schema-processors.ts(226,11): error TS2802: Type 'Set<number>' can only be iterated through when using the '--downlevelIteration' flag or with a '--target' of 'es2015' or higher.
actors/florma-3d-audit/node_modules.hidden/zod/src/v4/core/json-schema-processors.ts(641,23): error TS2802: Type 'MapIterator<Seen>' can only be iterated through when using the '--downlevelIteration' flag or with a '--target' of 'es2015' or higher.
actors/florma-3d-audit/node_modules.hidden/zod/src/v4/core/json-schema-processors.ts(656,23): error TS2802: Type 'MapIterator<Seen>' can only be iterated through when using the '--downlevelIteration' flag or with a '--target' of 'es2015' or higher.
actors/florma-3d-audit/node_modules.hidden/zod/src/v4/core/json-schema-processors.ts(680,27): error TS2802: Type 'Set<RegExp>' can only be iterated through when using the '--downlevelIteration' flag or with a '--target' of 'es2015' or higher.
actors/florma-3d-audit/node_modules.hidden/zod/src/v4/core/json-schema-processors.ts(709,32): error TS2802: Type 'PrimitiveSet | Set<Literal>' can only be iterated through when using the '--downlevelIteration' flag or with a '--target' of 'es2015' or higher.
actors/florma-3d-audit/node_modules.hidden/zod/src/v4/core/json-schema-processors.ts(897,25): error TS2802: Type 'MapIterator<[string, $ZodType<unknown, unknown, $ZodTypeInternals<unknown, unknown>>]>' can only be iterated through when using the '--downlevelIteration' flag or with a '--target' of 'es2015' or higher.
actors/florma-3d-audit/node_modules.hidden/zod/src/v4/core/json-schema-processors.ts(913,25): error TS2802: Type 'MapIterator<[string, $ZodType<unknown, unknown, $ZodTypeInternals<unknown, unknown>>]>' can only be iterated through when using the '--downlevelIteration' flag or with a '--target' of 'es2015' or higher.
actors/florma-3d-audit/node_modules.hidden/zod/src/v4/core/regexes.ts(56,60): error TS1501: This regular expression flag is only available when targeting 'es6' or later.
actors/florma-3d-audit/node_modules.hidden/zod/src/v4/core/schemas.ts(2181,25): error TS2802: Type 'PrimitiveSet' can only be iterated through when using the '--downlevelIteration' flag or with a '--target' of 'es2015' or higher.
actors/florma-3d-audit/node_modules.hidden/zod/src/v4/core/schemas.ts(2672,25): error TS2802: Type 'Set<Primitive>' can only be iterated through when using the '--downlevelIteration' flag or with a '--target' of 'es2015' or higher.
actors/florma-3d-audit/node_modules.hidden/zod/src/v4/core/schemas.ts(2712,29): error TS2802: Type 'Set<Primitive>' can only be iterated through when using the '--downlevelIteration' flag or with a '--target' of 'es2015' or higher.
actors/florma-3d-audit/node_modules.hidden/zod/src/v4/core/schemas.ts(2920,24): error TS2802: Type 'Map<string, { l?: true | undefined; r?: true | undefined; }>' can only be iterated through when using the '--downlevelIteration' flag or with a '--target' of 'es2015' or higher.
actors/florma-3d-audit/node_modules.hidden/zod/src/v4/core/schemas.ts(3260,25): error TS2802: Type 'PrimitiveSet' can only be iterated through when using the '--downlevelIteration' flag or with a '--target' of 'es2015' or higher.
actors/florma-3d-audit/node_modules.hidden/zod/src/v4/core/schemas.ts(3461,32): error TS2802: Type 'Map<any, any>' can only be iterated through when using the '--downlevelIteration' flag or with a '--target' of 'es2015' or higher.
actors/florma-3d-audit/node_modules.hidden/zod/src/v4/core/schemas.ts(3571,24): error TS2802: Type 'Set<any>' can only be iterated through when using the '--downlevelIteration' flag or with a '--target' of 'es2015' or higher.
actors/florma-3d-audit/node_modules.hidden/zod/src/v4/core/schemas.ts(3909,35): error TS2802: Type 'PrimitiveSet' can only be iterated through when using the '--downlevelIteration' flag or with a '--target' of 'es2015' or higher.
actors/florma-3d-audit/node_modules.hidden/zod/src/v4/core/schemas.ts(4008,58): error TS2802: Type 'PrimitiveSet' can only be iterated through when using the '--downlevelIteration' flag or with a '--target' of 'es2015' or higher.
actors/florma-3d-audit/node_modules.hidden/zod/src/v4/core/schemas.ts(4168,30): error TS2802: Type 'PrimitiveSet' can only be iterated through when using the '--downlevelIteration' flag or with a '--target' of 'es2015' or higher.
actors/florma-3d-audit/node_modules.hidden/zod/src/v4/core/tests/cached.test.ts(1,30): error TS2307: Cannot find module 'vitest' or its corresponding type declarations.
actors/florma-3d-audit/node_modules.hidden/zod/src/v4/core/tests/compile-differential.test.ts(1,30): error TS2307: Cannot find module 'vitest' or its corresponding type declarations.
actors/florma-3d-audit/node_modules.hidden/zod/src/v4/core/tests/compile-differential.test.ts(30,16): error TS2802: Type 'MapIterator<[unknown, unknown]>' can only be iterated through when using the '--downlevelIteration' flag or with a '--target' of 'es2015' or higher.
actors/florma-3d-audit/node_modules.hidden/zod/src/v4/core/tests/compile-differential.test.ts(31,10): error TS2802: Type 'MapIterator<[any, any]>' can only be iterated through when using the '--downlevelIteration' flag or with a '--target' of 'es2015' or higher.
actors/florma-3d-audit/node_modules.hidden/zod/src/v4/core/tests/compile-differential.test.ts(36,16): error TS2802: Type 'Set<unknown>' can only be iterated through when using the '--downlevelIteration' flag or with a '--target' of 'es2015' or higher.
actors/florma-3d-audit/node_modules.hidden/zod/src/v4/core/tests/compile-differential.test.ts(36,82): error TS2802: Type 'Set<any>' can only be iterated through when using the '--downlevelIteration' flag or with a '--target' of 'es2015' or higher.
actors/florma-3d-audit/node_modules.hidden/zod/src/v4/core/tests/compile-differential.test.ts(173,29): error TS2737: BigInt literals are not available when targeting lower than ES2020.
actors/florma-3d-audit/node_modules.hidden/zod/src/v4/core/tests/compile-differential.test.ts(173,33): error TS2737: BigInt literals are not available when targeting lower than ES2020.
actors/florma-3d-audit/node_modules.hidden/zod/src/v4/core/tests/compile-differential.test.ts(173,38): error TS2737: BigInt literals are not available when targeting lower than ES2020.
actors/florma-3d-audit/node_modules.hidden/zod/src/v4/core/tests/compile-differential.test.ts(173,42): error TS2737: BigInt literals are not available when targeting lower than ES2020.
actors/florma-3d-audit/node_modules.hidden/zod/src/v4/core/tests/compile-differential.test.ts(924,3): error TS2737: BigInt literals are not available when targeting lower than ES2020.
actors/florma-3d-audit/node_modules.hidden/zod/src/v4/core/tests/compile-generative.test.ts(1,30): error TS2307: Cannot find module 'vitest' or its corresponding type declarations.
actors/florma-3d-audit/node_modules.hidden/zod/src/v4/core/tests/compile-generative.test.ts(384,36): error TS2802: Type 'Map<any, any>' can only be iterated through when using the '--downlevelIteration' flag or with a '--target' of 'es2015' or higher.
actors/florma-3d-audit/node_modules.hidden/zod/src/v4/core/tests/compile-generative.test.ts(384,74): error TS2802: Type 'Set<any>' can only be iterated through when using the '--downlevelIteration' flag or with a '--target' of 'es2015' or higher.
actors/florma-3d-audit/node_modules.hidden/zod/src/v4/core/tests/compile-generative.test.ts(436,24): error TS2802: Type 'Set<any>' can only be iterated through when using the '--downlevelIteration' flag or with a '--target' of 'es2015' or higher.
actors/florma-3d-audit/node_modules.hidden/zod/src/v4/core/tests/compile-generative.test.ts(436,36): error TS2802: Type 'MapIterator<number>' can only be iterated through when using the '--downlevelIteration' flag or with a '--target' of 'es2015' or higher.
actors/florma-3d-audit/node_modules.hidden/zod/src/v4/core/tests/compile-generative.test.ts(436,61): error TS2802: Type 'MapIterator<number>' can only be iterated through when using the '--downlevelIteration' flag or with a '--target' of 'es2015' or higher.
actors/florma-3d-audit/node_modules.hidden/zod/src/v4/core/tests/compile-global.test.ts(3,30): error TS2307: Cannot find module 'vitest' or its corresponding type declarations.
actors/florma-3d-audit/node_modules.hidden/zod/src/v4/core/tests/compile-off-by-default.test.ts(1,30): error TS2307: Cannot find module 'vitest' or its corresponding type declarations.
actors/florma-3d-audit/node_modules.hidden/zod/src/v4/core/tests/compile-stats.test.ts(1,30): error TS2307: Cannot find module 'vitest' or its corresponding type declarations.
actors/florma-3d-audit/node_modules.hidden/zod/src/v4/core/tests/compile.test.ts(1,44): error TS2307: Cannot find module 'vitest' or its corresponding type declarations.
actors/florma-3d-audit/node_modules.hidden/zod/src/v4/core/tests/compile.test.ts(76,21): error TS2737: BigInt literals are not available when targeting lower than ES2020.
actors/florma-3d-audit/node_modules.hidden/zod/src/v4/core/tests/compile.test.ts(76,33): error TS2737: BigInt literals are not available when targeting lower than ES2020.
actors/florma-3d-audit/node_modules.hidden/zod/src/v4/core/tests/compile.test.ts(77,21): error TS2737: BigInt literals are not available when targeting lower than ES2020.
actors/florma-3d-audit/node_modules.hidden/zod/src/v4/core/tests/compile.test.ts(77,31): error TS2737: BigInt literals are not available when targeting lower than ES2020.
actors/florma-3d-audit/node_modules.hidden/zod/src/v4/core/tests/compile.test.ts(185,33): error TS2737: BigInt literals are not available when targeting lower than ES2020.
actors/florma-3d-audit/node_modules.hidden/zod/src/v4/core/tests/compile.test.ts(186,21): error TS2737: BigInt literals are not available when targeting lower than ES2020.
actors/florma-3d-audit/node_modules.hidden/zod/src/v4/core/tests/compile.test.ts(186,33): error TS2737: BigInt literals are not available when targeting lower than ES2020.
actors/florma-3d-audit/node_modules.hidden/zod/src/v4/core/tests/compile.test.ts(188,16): error TS2737: BigInt literals are not available when targeting lower than ES2020.
actors/florma-3d-audit/node_modules.hidden/zod/src/v4/core/tests/compile.test.ts(512,38): error TS2737: BigInt literals are not available when targeting lower than ES2020.
actors/florma-3d-audit/node_modules.hidden/zod/src/v4/core/tests/compile.test.ts(512,46): error TS2737: BigInt literals are not available when targeting lower than ES2020.
actors/florma-3d-audit/node_modules.hidden/zod/src/v4/core/tests/compile.test.ts(513,21): error TS2737: BigInt literals are not available when targeting lower than ES2020.
actors/florma-3d-audit/node_modules.hidden/zod/src/v4/core/tests/compile.test.ts(513,32): error TS2737: BigInt literals are not available when targeting lower than ES2020.
actors/florma-3d-audit/node_modules.hidden/zod/src/v4/core/tests/compile.test.ts(514,21): error TS2737: BigInt literals are not available when targeting lower than ES2020.
actors/florma-3d-audit/node_modules.hidden/zod/src/v4/core/tests/compile.test.ts(514,31): error TS2737: BigInt literals are not available when targeting lower than ES2020.
actors/florma-3d-audit/node_modules.hidden/zod/src/v4/core/tests/compile.test.ts(515,17): error TS2737: BigInt literals are not available when targeting lower than ES2020.
actors/florma-3d-audit/node_modules.hidden/zod/src/v4/core/tests/compile.test.ts(516,16): error TS2737: BigInt literals are not available when targeting lower than ES2020.
actors/florma-3d-audit/node_modules.hidden/zod/src/v4/core/tests/compile.test.ts(893,21): error TS2737: BigInt literals are not available when targeting lower than ES2020.
actors/florma-3d-audit/node_modules.hidden/zod/src/v4/core/tests/compile.test.ts(893,31): error TS2737: BigInt literals are not available when targeting lower than ES2020.
actors/florma-3d-audit/node_modules.hidden/zod/src/v4/core/tests/compile.test.ts(894,21): error TS2737: BigInt literals are not available when targeting lower than ES2020.
actors/florma-3d-audit/node_modules.hidden/zod/src/v4/core/tests/compile.test.ts(894,49): error TS2737: BigInt literals are not available when targeting lower than ES2020.
actors/florma-3d-audit/node_modules.hidden/zod/src/v4/core/tests/compile.test.ts(895,22): error TS2737: BigInt literals are not available when targeting lower than ES2020.
actors/florma-3d-audit/node_modules.hidden/zod/src/v4/core/tests/compile.test.ts(895,51): error TS2737: BigInt literals are not available when targeting lower than ES2020.
actors/florma-3d-audit/node_modules.hidden/zod/src/v4/core/tests/compile.test.ts(896,16): error TS2737: BigInt literals are not available when targeting lower than ES2020.
actors/florma-3d-audit/node_modules.hidden/zod/src/v4/core/tests/compile.test.ts(897,17): error TS2737: BigInt literals are not available when targeting lower than ES2020.
actors/florma-3d-audit/node_modules.hidden/zod/src/v4/core/tests/compile.test.ts(902,21): error TS2737: BigInt literals are not available when targeting lower than ES2020.
actors/florma-3d-audit/node_modules.hidden/zod/src/v4/core/tests/compile.test.ts(902,31): error TS2737: BigInt literals are not available when targeting lower than ES2020.
actors/florma-3d-audit/node_modules.hidden/zod/src/v4/core/tests/compile.test.ts(903,21): error TS2737: BigInt literals are not available when targeting lower than ES2020.
actors/florma-3d-audit/node_modules.hidden/zod/src/v4/core/tests/compile.test.ts(903,50): error TS2737: BigInt literals are not available when targeting lower than ES2020.
actors/florma-3d-audit/node_modules.hidden/zod/src/v4/core/tests/compile.test.ts(904,17): error TS2737: BigInt literals are not available when targeting lower than ES2020.
actors/florma-3d-audit/node_modules.hidden/zod/src/v4/core/tests/compile.test.ts(905,16): error TS2737: BigInt literals are not available when targeting lower than ES2020.
actors/florma-3d-audit/node_modules.hidden/zod/src/v4/core/tests/compile.test.ts(910,23): error TS2737: BigInt literals are not available when targeting lower than ES2020.
actors/florma-3d-audit/node_modules.hidden/zod/src/v4/core/tests/compile.test.ts(911,23): error TS2737: BigInt literals are not available when targeting lower than ES2020.
actors/florma-3d-audit/node_modules.hidden/zod/src/v4/core/tests/compile.test.ts(912,23): error TS2737: BigInt literals are not available when targeting lower than ES2020.
actors/florma-3d-audit/node_modules.hidden/zod/src/v4/core/tests/compile.test.ts(1883,12): error TS18048: 'result.error' is possibly 'undefined'.
actors/florma-3d-audit/node_modules.hidden/zod/src/v4/core/tests/compile.test.ts(1919,84): error TS7006: Parameter 'option' implicitly has an 'any' type.
actors/florma-3d-audit/node_modules.hidden/zod/src/v4/core/tests/email-regex.test.ts(1,30): error TS2307: Cannot find module 'vitest' or its corresponding type declarations.
actors/florma-3d-audit/node_modules.hidden/zod/src/v4/core/tests/extend.test.ts(1,30): error TS2307: Cannot find module 'vitest' or its corresponding type declarations.
actors/florma-3d-audit/node_modules.hidden/zod/src/v4/core/tests/index.test.ts(1,44): error TS2307: Cannot find module 'vitest' or its corresponding type declarations.
actors/florma-3d-audit/node_modules.hidden/zod/src/v4/core/tests/locales/be.test.ts(1,38): error TS2307: Cannot find module 'vitest' or its corresponding type declarations.
actors/florma-3d-audit/node_modules.hidden/zod/src/v4/core/tests/locales/el.test.ts(1,30): error TS2307: Cannot find module 'vitest' or its corresponding type declarations.
actors/florma-3d-audit/node_modules.hidden/zod/src/v4/core/tests/locales/en.test.ts(1,30): error TS2307: Cannot find module 'vitest' or its corresponding type declarations.
actors/florma-3d-audit/node_modules.hidden/zod/src/v4/core/tests/locales/es.test.ts(1,30): error TS2307: Cannot find module 'vitest' or its corresponding type declarations.
actors/florma-3d-audit/node_modules.hidden/zod/src/v4/core/tests/locales/fr.test.ts(1,30): error TS2307: Cannot find module 'vitest' or its corresponding type declarations.
actors/florma-3d-audit/node_modules.hidden/zod/src/v4/core/tests/locales/he.test.ts(1,52): error TS2307: Cannot find module 'vitest' or its corresponding type declarations.
actors/florma-3d-audit/node_modules.hidden/zod/src/v4/core/tests/locales/hr.test.ts(1,30): error TS2307: Cannot find module 'vitest' or its corresponding type declarations.
actors/florma-3d-audit/node_modules.hidden/zod/src/v4/core/tests/locales/nl.test.ts(1,30): error TS2307: Cannot find module 'vitest' or its corresponding type declarations.
actors/florma-3d-audit/node_modules.hidden/zod/src/v4/core/tests/locales/parity.test.ts(3,30): error TS2307: Cannot find module 'vitest' or its corresponding type declarations.
actors/florma-3d-audit/node_modules.hidden/zod/src/v4/core/tests/locales/parity.test.ts(15,14): error TS2802: Type 'RegExpStringIterator<RegExpExecArray>' can only be iterated through when using the '--downlevelIteration' flag or with a '--target' of 'es2015' or higher.
actors/florma-3d-audit/node_modules.hidden/zod/src/v4/core/tests/locales/parity.test.ts(36,72): error TS7006: Parameter '_block' implicitly has an 'any' type.
actors/florma-3d-audit/node_modules.hidden/zod/src/v4/core/tests/locales/parity.test.ts(36,80): error TS7006: Parameter 'keys' implicitly has an 'any' type.
actors/florma-3d-audit/node_modules.hidden/zod/src/v4/core/tests/locales/parity.test.ts(36,86): error TS7006: Parameter 'build' implicitly has an 'any' type.
actors/florma-3d-audit/node_modules.hidden/zod/src/v4/core/tests/locales/parity.test.ts(38,33): error TS7006: Parameter 'k' implicitly has an 'any' type.
actors/florma-3d-audit/node_modules.hidden/zod/src/v4/core/tests/locales/parity.test.ts(39,34): error TS7006: Parameter 'k' implicitly has an 'any' type.
actors/florma-3d-audit/node_modules.hidden/zod/src/v4/core/tests/locales/ru.test.ts(1,38): error TS2307: Cannot find module 'vitest' or its corresponding type declarations.
actors/florma-3d-audit/node_modules.hidden/zod/src/v4/core/tests/locales/tg.test.ts(1,30): error TS2307: Cannot find module 'vitest' or its corresponding type declarations.
actors/florma-3d-audit/node_modules.hidden/zod/src/v4/core/tests/locales/tk.test.ts(1,30): error TS2307: Cannot find module 'vitest' or its corresponding type declarations.
actors/florma-3d-audit/node_modules.hidden/zod/src/v4/core/tests/locales/tr.test.ts(1,30): error TS2307: Cannot find module 'vitest' or its corresponding type declarations.
actors/florma-3d-audit/node_modules.hidden/zod/src/v4/core/tests/locales/uz.test.ts(1,30): error TS2307: Cannot find module 'vitest' or its corresponding type declarations.
actors/florma-3d-audit/node_modules.hidden/zod/src/v4/core/tests/polyfill-collision.test.ts(3,34): error TS2307: Cannot find module 'esbuild' or its corresponding type declarations.
actors/florma-3d-audit/node_modules.hidden/zod/src/v4/core/tests/polyfill-collision.test.ts(4,30): error TS2307: Cannot find module 'vitest' or its corresponding type declarations.
actors/florma-3d-audit/node_modules.hidden/zod/src/v4/core/tests/polyfill-collision.test.ts(24,10): error TS7006: Parameter '_flavor' implicitly has an 'any' type.
actors/florma-3d-audit/node_modules.hidden/zod/src/v4/core/tests/polyfill-collision.test.ts(24,19): error TS7006: Parameter 'entrypoint' implicitly has an 'any' type.
actors/florma-3d-audit/node_modules.hidden/zod/src/v4/core/tests/record-constructor.test.ts(1,30): error TS2307: Cannot find module 'vitest' or its corresponding type declarations.
actors/florma-3d-audit/node_modules.hidden/zod/src/v4/core/tests/recursive-tuples.test.ts(1,38): error TS2307: Cannot find module 'vitest' or its corresponding type declarations.
actors/florma-3d-audit/node_modules.hidden/zod/src/v4/core/tests/treeshake.test.ts(3,23): error TS2307: Cannot find module 'esbuild' or its corresponding type declarations.
actors/florma-3d-audit/node_modules.hidden/zod/src/v4/core/tests/treeshake.test.ts(4,30): error TS2307: Cannot find module 'vitest' or its corresponding type declarations.
actors/florma-3d-audit/node_modules.hidden/zod/src/v4/core/tests/url-no-canparse.test.ts(1,67): error TS2307: Cannot find module 'vitest' or its corresponding type declarations.
actors/florma-3d-audit/node_modules.hidden/zod/src/v4/core/tests/url-no-canparse.test.ts(72,19): error TS2339: Property 'hostname' does not exist on type '2 | 1 | URL'.
  Property 'hostname' does not exist on type '2'.
actors/florma-3d-audit/node_modules.hidden/zod/src/v4/core/to-json-schema.ts(316,23): error TS2802: Type 'MapIterator<[$ZodType<unknown, unknown, $ZodTypeInternals<unknown, unknown>>, Seen]>' can only be iterated through when using the '--downlevelIteration' flag or with a '--target' of 'es2015' or higher.
actors/florma-3d-audit/node_modules.hidden/zod/src/v4/core/to-json-schema.ts(387,25): error TS2802: Type 'MapIterator<[$ZodType<unknown, unknown, $ZodTypeInternals<unknown, unknown>>, Seen]>' can only be iterated through when using the '--downlevelIteration' flag or with a '--target' of 'es2015' or higher.
actors/florma-3d-audit/node_modules.hidden/zod/src/v4/core/to-json-schema.ts(400,23): error TS2802: Type 'MapIterator<[$ZodType<unknown, unknown, $ZodTypeInternals<unknown, unknown>>, Seen]>' can only be iterated through when using the '--downlevelIteration' flag or with a '--target' of 'es2015' or higher.
actors/florma-3d-audit/node_modules.hidden/zod/src/v4/core/to-json-schema.ts(515,44): error TS2802: Type 'Set<string>' can only be iterated through when using the '--downlevelIteration' flag or with a '--target' of 'es2015' or higher.
actors/florma-3d-audit/node_modules.hidden/zod/src/v4/core/to-json-schema.ts(545,21): error TS2802: Type 'Set<string>' can only be iterated through when using the '--downlevelIteration' flag or with a '--target' of 'es2015' or higher.
actors/florma-3d-audit/node_modules.hidden/zod/src/v4/core/to-json-schema.ts(658,29): error TS2802: Type 'MapIterator<[$ZodType<unknown, unknown, $ZodTypeInternals<unknown, unknown>>, Seen]>' can only be iterated through when using the '--downlevelIteration' flag or with a '--target' of 'es2015' or higher.
actors/florma-3d-audit/node_modules.hidden/zod/src/v4/core/to-json-schema.ts(663,27): error TS2802: Type 'MapIterator<[$ZodType<unknown, unknown, $ZodTypeInternals<unknown, unknown>>, Seen]>' can only be iterated through when using the '--downlevelIteration' flag or with a '--target' of 'es2015' or higher.
actors/florma-3d-audit/node_modules.hidden/zod/src/v4/core/to-json-schema.ts(673,26): error TS2802: Type 'MapIterator<Seen>' can only be iterated through when using the '--downlevelIteration' flag or with a '--target' of 'es2015' or higher.
actors/florma-3d-audit/node_modules.hidden/zod/src/v4/core/to-json-schema.ts(717,25): error TS2802: Type 'MapIterator<[$ZodType<unknown, unknown, $ZodTypeInternals<unknown, unknown>>, Seen]>' can only be iterated through when using the '--downlevelIteration' flag or with a '--target' of 'es2015' or higher.
actors/florma-3d-audit/node_modules.hidden/zod/src/v4/mini/schemas.ts(1390,24): error TS2802: Type 'PrimitiveSet' can only be iterated through when using the '--downlevelIteration' flag or with a '--target' of 'es2015' or higher.
actors/florma-3d-audit/node_modules.hidden/zod/src/v4/mini/tests/apply.test.ts(1,44): error TS2307: Cannot find module 'vitest' or its corresponding type declarations.
actors/florma-3d-audit/node_modules.hidden/zod/src/v4/mini/tests/assignability.test.ts(1,36): error TS2307: Cannot find module 'vitest' or its corresponding type declarations.
actors/florma-3d-audit/node_modules.hidden/zod/src/v4/mini/tests/brand.test.ts(1,36): error TS2307: Cannot find module 'vitest' or its corresponding type declarations.
actors/florma-3d-audit/node_modules.hidden/zod/src/v4/mini/tests/checks.test.ts(1,30): error TS2307: Cannot find module 'vitest' or its corresponding type declarations.
actors/florma-3d-audit/node_modules.hidden/zod/src/v4/mini/tests/checks.test.ts(144,40): error TS2802: Type '$ZodCheckProperties<{ protocol: ZodMiniLiteral<"https:">; hostname: ZodMiniString<string>; }>' can only be iterated through when using the '--downlevelIteration' flag or with a '--target' of 'es2015' or higher.
actors/florma-3d-audit/node_modules.hidden/zod/src/v4/mini/tests/codec.test.ts(1,44): error TS2307: Cannot find module 'vitest' or its corresponding type declarations.
actors/florma-3d-audit/node_modules.hidden/zod/src/v4/mini/tests/computed.test.ts(1,30): error TS2307: Cannot find module 'vitest' or its corresponding type declarations.
actors/florma-3d-audit/node_modules.hidden/zod/src/v4/mini/tests/cyclic-data.test.ts(1,42): error TS2307: Cannot find module 'vitest' or its corresponding type declarations.
actors/florma-3d-audit/node_modules.hidden/zod/src/v4/mini/tests/deep-partial.test.ts(1,54): error TS2307: Cannot find module 'vitest' or its corresponding type declarations.
actors/florma-3d-audit/node_modules.hidden/zod/src/v4/mini/tests/error.test.ts(1,30): error TS2307: Cannot find module 'vitest' or its corresponding type declarations.
actors/florma-3d-audit/node_modules.hidden/zod/src/v4/mini/tests/functions.test.ts(1,30): error TS2307: Cannot find module 'vitest' or its corresponding type declarations.
actors/florma-3d-audit/node_modules.hidden/zod/src/v4/mini/tests/index.test.ts(1,44): error TS2307: Cannot find module 'vitest' or its corresponding type declarations.
actors/florma-3d-audit/node_modules.hidden/zod/src/v4/mini/tests/number.test.ts(1,44): error TS2307: Cannot find module 'vitest' or its corresponding type declarations.
actors/florma-3d-audit/node_modules.hidden/zod/src/v4/mini/tests/object.test.ts(1,44): error TS2307: Cannot find module 'vitest' or its corresponding type declarations.
actors/florma-3d-audit/node_modules.hidden/zod/src/v4/mini/tests/prototypes.test.ts(1,30): error TS2307: Cannot find module 'vitest' or its corresponding type declarations.
actors/florma-3d-audit/node_modules.hidden/zod/src/v4/mini/tests/prototypes.test.ts(25,16): error TS2664: Invalid module name in augmentation, module 'zod/v4/mini' cannot be found.
actors/florma-3d-audit/node_modules.hidden/zod/src/v4/mini/tests/prototypes.test.ts(38,29): error TS2339: Property '_mini' does not exist on type 'ZodMiniString<string>'.
actors/florma-3d-audit/node_modules.hidden/zod/src/v4/mini/tests/recursive-types.test.ts(1,44): error TS2307: Cannot find module 'vitest' or its corresponding type declarations.
actors/florma-3d-audit/node_modules.hidden/zod/src/v4/mini/tests/standard-schema.test.ts(1,30): error TS2307: Cannot find module 'vitest' or its corresponding type declarations.
actors/florma-3d-audit/node_modules.hidden/zod/src/v4/mini/tests/string.test.ts(1,44): error TS2307: Cannot find module 'vitest' or its corresponding type declarations.
actors/florma-3d-audit/src/audit.ts(1,36): error TS2307: Cannot find module 'playwright' or its corresponding type declarations.
actors/florma-3d-audit/src/audit.ts(2,21): error TS2307: Cannot find module 'apify' or its corresponding type declarations.
actors/florma-3d-audit/src/audit.ts(38,25): error TS7006: Parameter 'error' implicitly has an 'any' type.
actors/florma-3d-audit/src/audit.ts(41,29): error TS7006: Parameter 'request' implicitly has an 'any' type.
actors/florma-3d-audit/src/audit.ts(103,24): error TS7006: Parameter 'frame' implicitly has an 'any' type.
actors/florma-3d-audit/src/audit.ts(115,35): error TS7006: Parameter 'result' implicitly has an 'any' type.
actors/florma-3d-audit/src/audit.ts(122,30): error TS7006: Parameter 'frame' implicitly has an 'any' type.
actors/florma-3d-audit/src/audit.ts(137,28): error TS7006: Parameter 'snapshot' implicitly has an 'any' type.
actors/florma-3d-audit/src/browser.ts(1,40): error TS2307: Cannot find module 'playwright' or its corresponding type declarations.
actors/florma-3d-audit/src/browser.ts(2,17): error TS2307: Cannot find module '@apify/log' or its corresponding type declarations.
actors/florma-3d-audit/src/deliver.ts(1,24): error TS2307: Cannot find module '@modelcontextprotocol/sdk/client/index.js' or its corresponding type declarations.
actors/florma-3d-audit/src/deliver.ts(2,47): error TS2307: Cannot find module '@modelcontextprotocol/sdk/client/streamableHttp.js' or its corresponding type declarations.
actors/florma-3d-audit/src/deliver.ts(3,21): error TS2307: Cannot find module 'apify' or its corresponding type declarations.
actors/florma-3d-audit/src/deliver.ts(97,32): error TS7006: Parameter 'entry' implicitly has an 'any' type.
actors/florma-3d-audit/src/main.ts(1,28): error TS2307: Cannot find module 'apify' or its corresponding type declarations.
actors/florma-3d-audit/src/main.ts(30,11): error TS7006: Parameter 'entry' implicitly has an 'any' type.
actors/florma-3d-audit/src/main.ts(31,14): error TS7006: Parameter 'url' implicitly has an 'any' type.
SIM_EXIT=2
